solid ascii
  facet normal 0.000000e+00 0.000000e+00 1.000000e+00
    outer loop
      vertex   2.578010e+01 7.700000e+00 4.000000e+00
      vertex   2.612864e+01 7.785908e+00 4.000000e+00
      vertex   2.578010e+01 8.450000e+00 4.000000e+00
    endloop
  endfacet
  facet normal -0.000000e+00 0.000000e+00 1.000000e+00
    outer loop
      vertex   2.503556e+01 8.359597e+00 4.000000e+00
      vertex   2.516286e+01 8.023951e+00 4.000000e+00
      vertex   2.578010e+01 8.450000e+00 4.000000e+00
    endloop
  endfacet
  facet normal -0.000000e+00 0.000000e+00 1.000000e+00
    outer loop
      vertex   2.516286e+01 8.023951e+00 4.000000e+00
      vertex   2.543155e+01 7.785908e+00 4.000000e+00
      vertex   2.578010e+01 8.450000e+00 4.000000e+00
    endloop
  endfacet
  facet normal -0.000000e+00 0.000000e+00 1.000000e+00
    outer loop
      vertex   2.543155e+01 7.785908e+00 4.000000e+00
      vertex   2.578010e+01 7.700000e+00 4.000000e+00
      vertex   2.578010e+01 8.450000e+00 4.000000e+00
    endloop
  endfacet
  facet normal 0.000000e+00 0.000000e+00 1.000000e+00
    outer loop
      vertex   2.560061e+01 9.178206e+00 4.000000e+00
      vertex   2.528275e+01 9.011383e+00 4.000000e+00
      vertex   2.578010e+01 8.450000e+00 4.000000e+00
    endloop
  endfacet
  facet normal 0.000000e+00 0.000000e+00 1.000000e+00
    outer loop
      vertex   2.528275e+01 9.011383e+00 4.000000e+00
      vertex   2.507883e+01 8.715954e+00 4.000000e+00
      vertex   2.578010e+01 8.450000e+00 4.000000e+00
    endloop
  endfacet
  facet normal 0.000000e+00 0.000000e+00 1.000000e+00
    outer loop
      vertex   2.507883e+01 8.715954e+00 4.000000e+00
      vertex   2.503556e+01 8.359597e+00 4.000000e+00
      vertex   2.578010e+01 8.450000e+00 4.000000e+00
    endloop
  endfacet
  facet normal 0.000000e+00 0.000000e+00 1.000000e+00
    outer loop
      vertex   2.648136e+01 8.715954e+00 4.000000e+00
      vertex   2.627744e+01 9.011383e+00 4.000000e+00
      vertex   2.578010e+01 8.450000e+00 4.000000e+00
    endloop
  endfacet
  facet normal 0.000000e+00 0.000000e+00 1.000000e+00
    outer loop
      vertex   2.627744e+01 9.011383e+00 4.000000e+00
      vertex   2.595958e+01 9.178206e+00 4.000000e+00
      vertex   2.578010e+01 8.450000e+00 4.000000e+00
    endloop
  endfacet
  facet normal 0.000000e+00 0.000000e+00 1.000000e+00
    outer loop
      vertex   2.595958e+01 9.178206e+00 4.000000e+00
      vertex   2.560061e+01 9.178206e+00 4.000000e+00
      vertex   2.578010e+01 8.450000e+00 4.000000e+00
    endloop
  endfacet
  facet normal 0.000000e+00 0.000000e+00 1.000000e+00
    outer loop
      vertex   2.578010e+01 8.450000e+00 4.000000e+00
      vertex   2.612864e+01 7.785908e+00 4.000000e+00
      vertex   2.639733e+01 8.023951e+00 4.000000e+00
    endloop
  endfacet
  facet normal 0.000000e+00 -0.000000e+00 1.000000e+00
    outer loop
      vertex   2.639733e+01 8.023951e+00 4.000000e+00
      vertex   2.652463e+01 8.359597e+00 4.000000e+00
      vertex   2.578010e+01 8.450000e+00 4.000000e+00
    endloop
  endfacet
  facet normal 0.000000e+00 0.000000e+00 1.000000e+00
    outer loop
      vertex   2.652463e+01 8.359597e+00 4.000000e+00
      vertex   2.648136e+01 8.715954e+00 4.000000e+00
      vertex   2.578010e+01 8.450000e+00 4.000000e+00
    endloop
  endfacet
  facet normal -9.350162e-01 3.546049e-01 0.000000e+00
    outer loop
      vertex   2.639733e+01 8.023951e+00 7.000000e+00
      vertex   2.652463e+01 8.359597e+00 7.000000e+00
      vertex   2.652463e+01 8.359597e+00 4.000000e+00
    endloop
  endfacet
  facet normal -9.981756e-01 6.037850e-02 0.000000e+00
    outer loop
      vertex   2.652463e+01 8.359597e+00 4.000000e+00
      vertex   2.652463e+01 8.359597e+00 7.000000e+00
      vertex   2.653010e+01 8.450000e+00 7.000000e+00
    endloop
  endfacet
  facet normal -9.926942e-01 -1.205349e-01 5.441684e-03
    outer loop
      vertex   2.648136e+01 8.715954e+00 4.000000e+00
      vertex   2.652463e+01 8.359597e+00 4.000000e+00
      vertex   2.653010e+01 8.450000e+00 7.000000e+00
    endloop
  endfacet
  facet normal -9.836199e-01 -1.802550e-01 0.000000e+00
    outer loop
      vertex   2.653010e+01 8.450000e+00 7.000000e+00
      vertex   2.648136e+01 8.715954e+00 7.000000e+00
      vertex   2.648136e+01 8.715954e+00 4.000000e+00
    endloop
  endfacet
  facet normal -8.229839e-01 -5.680647e-01 6.988393e-18
    outer loop
      vertex   2.627744e+01 9.011383e+00 4.000000e+00
      vertex   2.648136e+01 8.715954e+00 4.000000e+00
      vertex   2.648136e+01 8.715954e+00 7.000000e+00
    endloop
  endfacet
  facet normal -8.229839e-01 -5.680647e-01 6.988393e-18
    outer loop
      vertex   2.648136e+01 8.715954e+00 7.000000e+00
      vertex   2.627744e+01 9.011383e+00 7.000000e+00
      vertex   2.627744e+01 9.011383e+00 4.000000e+00
    endloop
  endfacet
  facet normal -4.647232e-01 -8.854560e-01 0.000000e+00
    outer loop
      vertex   2.595958e+01 9.178206e+00 4.000000e+00
      vertex   2.627744e+01 9.011383e+00 4.000000e+00
      vertex   2.627744e+01 9.011383e+00 7.000000e+00
    endloop
  endfacet
  facet normal -4.647232e-01 -8.854560e-01 0.000000e+00
    outer loop
      vertex   2.627744e+01 9.011383e+00 7.000000e+00
      vertex   2.595958e+01 9.178206e+00 7.000000e+00
      vertex   2.595958e+01 9.178206e+00 4.000000e+00
    endloop
  endfacet
  facet normal 0.000000e+00 -1.000000e+00 0.000000e+00
    outer loop
      vertex   2.560061e+01 9.178206e+00 4.000000e+00
      vertex   2.595958e+01 9.178206e+00 4.000000e+00
      vertex   2.595958e+01 9.178206e+00 7.000000e+00
    endloop
  endfacet
  facet normal -0.000000e+00 -1.000000e+00 0.000000e+00
    outer loop
      vertex   2.595958e+01 9.178206e+00 7.000000e+00
      vertex   2.560061e+01 9.178206e+00 7.000000e+00
      vertex   2.560061e+01 9.178206e+00 4.000000e+00
    endloop
  endfacet
  facet normal 4.647232e-01 -8.854560e-01 6.988393e-18
    outer loop
      vertex   2.528275e+01 9.011383e+00 4.000000e+00
      vertex   2.560061e+01 9.178206e+00 4.000000e+00
      vertex   2.560061e+01 9.178206e+00 7.000000e+00
    endloop
  endfacet
  facet normal 4.647232e-01 -8.854560e-01 6.988393e-18
    outer loop
      vertex   2.560061e+01 9.178206e+00 7.000000e+00
      vertex   2.528275e+01 9.011383e+00 7.000000e+00
      vertex   2.528275e+01 9.011383e+00 4.000000e+00
    endloop
  endfacet
  facet normal 8.229839e-01 -5.680647e-01 0.000000e+00
    outer loop
      vertex   2.507883e+01 8.715954e+00 4.000000e+00
      vertex   2.528275e+01 9.011383e+00 4.000000e+00
      vertex   2.528275e+01 9.011383e+00 7.000000e+00
    endloop
  endfacet
  facet normal 8.229839e-01 -5.680647e-01 0.000000e+00
    outer loop
      vertex   2.528275e+01 9.011383e+00 7.000000e+00
      vertex   2.507883e+01 8.715954e+00 7.000000e+00
      vertex   2.507883e+01 8.715954e+00 4.000000e+00
    endloop
  endfacet
  facet normal 9.927089e-01 -1.205367e-01 0.000000e+00
    outer loop
      vertex   2.503556e+01 8.359597e+00 4.000000e+00
      vertex   2.507883e+01 8.715954e+00 4.000000e+00
      vertex   2.507883e+01 8.715954e+00 7.000000e+00
    endloop
  endfacet
  facet normal 9.927089e-01 -1.205367e-01 0.000000e+00
    outer loop
      vertex   2.507883e+01 8.715954e+00 7.000000e+00
      vertex   2.503556e+01 8.359597e+00 7.000000e+00
      vertex   2.503556e+01 8.359597e+00 4.000000e+00
    endloop
  endfacet
  facet normal 9.350162e-01 3.546049e-01 0.000000e+00
    outer loop
      vertex   2.516286e+01 8.023951e+00 4.000000e+00
      vertex   2.503556e+01 8.359597e+00 4.000000e+00
      vertex   2.503556e+01 8.359597e+00 7.000000e+00
    endloop
  endfacet
  facet normal 9.350162e-01 3.546049e-01 0.000000e+00
    outer loop
      vertex   2.503556e+01 8.359597e+00 7.000000e+00
      vertex   2.516286e+01 8.023951e+00 7.000000e+00
      vertex   2.516286e+01 8.023951e+00 4.000000e+00
    endloop
  endfacet
  facet normal 6.631227e-01 7.485107e-01 -6.988393e-18
    outer loop
      vertex   2.543155e+01 7.785908e+00 4.000000e+00
      vertex   2.516286e+01 8.023951e+00 4.000000e+00
      vertex   2.516286e+01 8.023951e+00 7.000000e+00
    endloop
  endfacet
  facet normal 6.631227e-01 7.485107e-01 -6.988393e-18
    outer loop
      vertex   2.516286e+01 8.023951e+00 7.000000e+00
      vertex   2.543155e+01 7.785908e+00 7.000000e+00
      vertex   2.543155e+01 7.785908e+00 4.000000e+00
    endloop
  endfacet
  facet normal 2.393157e-01 9.709418e-01 3.494196e-18
    outer loop
      vertex   2.578010e+01 7.700000e+00 4.000000e+00
      vertex   2.543155e+01 7.785908e+00 4.000000e+00
      vertex   2.543155e+01 7.785908e+00 7.000000e+00
    endloop
  endfacet
  facet normal 2.393157e-01 9.709418e-01 3.494196e-18
    outer loop
      vertex   2.543155e+01 7.785908e+00 7.000000e+00
      vertex   2.578010e+01 7.700000e+00 7.000000e+00
      vertex   2.578010e+01 7.700000e+00 4.000000e+00
    endloop
  endfacet
  facet normal -2.393157e-01 9.709418e-01 -3.494196e-18
    outer loop
      vertex   2.612864e+01 7.785908e+00 4.000000e+00
      vertex   2.578010e+01 7.700000e+00 4.000000e+00
      vertex   2.578010e+01 7.700000e+00 7.000000e+00
    endloop
  endfacet
  facet normal -2.393157e-01 9.709418e-01 -3.494196e-18
    outer loop
      vertex   2.578010e+01 7.700000e+00 7.000000e+00
      vertex   2.612864e+01 7.785908e+00 7.000000e+00
      vertex   2.612864e+01 7.785908e+00 4.000000e+00
    endloop
  endfacet
  facet normal -6.631227e-01 7.485107e-01 6.988393e-18
    outer loop
      vertex   2.639733e+01 8.023951e+00 4.000000e+00
      vertex   2.612864e+01 7.785908e+00 4.000000e+00
      vertex   2.612864e+01 7.785908e+00 7.000000e+00
    endloop
  endfacet
  facet normal -6.631227e-01 7.485107e-01 6.988393e-18
    outer loop
      vertex   2.612864e+01 7.785908e+00 7.000000e+00
      vertex   2.639733e+01 8.023951e+00 7.000000e+00
      vertex   2.639733e+01 8.023951e+00 4.000000e+00
    endloop
  endfacet
  facet normal -9.350162e-01 3.546049e-01 0.000000e+00
    outer loop
      vertex   2.652463e+01 8.359597e+00 4.000000e+00
      vertex   2.639733e+01 8.023951e+00 4.000000e+00
      vertex   2.639733e+01 8.023951e+00 7.000000e+00
    endloop
  endfacet
  facet normal 0.000000e+00 -0.000000e+00 1.000000e+00
    outer loop
      vertex   2.724204e+01 7.258658e+00 7.000000e+00
      vertex   2.728010e+01 7.450000e+00 7.000000e+00
      vertex   2.639733e+01 8.023951e+00 7.000000e+00
    endloop
  endfacet
  facet normal 0.000000e+00 0.000000e+00 1.000000e+00
    outer loop
      vertex   2.639733e+01 8.023951e+00 7.000000e+00
      vertex   2.612864e+01 7.785908e+00 7.000000e+00
      vertex   2.724204e+01 7.258658e+00 7.000000e+00
    endloop
  endfacet
  facet normal 0.000000e+00 0.000000e+00 1.000000e+00
    outer loop
      vertex   2.724204e+01 9.641342e+00 7.000000e+00
      vertex   2.713365e+01 9.803553e+00 7.000000e+00
      vertex   2.697144e+01 9.911940e+00 7.000000e+00
    endloop
  endfacet
  facet normal -0.000000e+00 0.000000e+00 1.000000e+00
    outer loop
      vertex   2.428010e+01 7.450000e+00 7.000000e+00
      vertex   2.431816e+01 7.258658e+00 7.000000e+00
      vertex   2.543155e+01 7.785908e+00 7.000000e+00
    endloop
  endfacet
  facet normal 0.000000e+00 0.000000e+00 1.000000e+00
    outer loop
      vertex   2.543155e+01 7.785908e+00 7.000000e+00
      vertex   2.431816e+01 7.258658e+00 7.000000e+00
      vertex   2.442654e+01 7.096447e+00 7.000000e+00
    endloop
  endfacet
  facet normal 0.000000e+00 0.000000e+00 1.000000e+00
    outer loop
      vertex   2.543155e+01 7.785908e+00 7.000000e+00
      vertex   2.516286e+01 8.023951e+00 7.000000e+00
      vertex   2.428010e+01 7.450000e+00 7.000000e+00
    endloop
  endfacet
  facet normal 0.000000e+00 0.000000e+00 1.000000e+00
    outer loop
      vertex   2.428010e+01 7.450000e+00 7.000000e+00
      vertex   2.516286e+01 8.023951e+00 7.000000e+00
      vertex   2.503556e+01 8.359597e+00 7.000000e+00
    endloop
  endfacet
  facet normal 0.000000e+00 0.000000e+00 1.000000e+00
    outer loop
      vertex   2.428010e+01 9.450000e+00 7.000000e+00
      vertex   2.428010e+01 7.450000e+00 7.000000e+00
      vertex   2.503556e+01 8.359597e+00 7.000000e+00
    endloop
  endfacet
  facet normal 0.000000e+00 -0.000000e+00 1.000000e+00
    outer loop
      vertex   2.503556e+01 8.359597e+00 7.000000e+00
      vertex   2.507883e+01 8.715954e+00 7.000000e+00
      vertex   2.428010e+01 9.450000e+00 7.000000e+00
    endloop
  endfacet
  facet normal 0.000000e+00 0.000000e+00 1.000000e+00
    outer loop
      vertex   2.431816e+01 9.641342e+00 7.000000e+00
      vertex   2.428010e+01 9.450000e+00 7.000000e+00
      vertex   2.507883e+01 8.715954e+00 7.000000e+00
    endloop
  endfacet
  facet normal 0.000000e+00 -0.000000e+00 1.000000e+00
    outer loop
      vertex   2.507883e+01 8.715954e+00 7.000000e+00
      vertex   2.528275e+01 9.011383e+00 7.000000e+00
      vertex   2.431816e+01 9.641342e+00 7.000000e+00
    endloop
  endfacet
  facet normal 0.000000e+00 0.000000e+00 1.000000e+00
    outer loop
      vertex   2.442654e+01 9.803553e+00 7.000000e+00
      vertex   2.431816e+01 9.641342e+00 7.000000e+00
      vertex   2.528275e+01 9.011383e+00 7.000000e+00
    endloop
  endfacet
  facet normal -0.000000e+00 0.000000e+00 1.000000e+00
    outer loop
      vertex   2.627744e+01 9.011383e+00 7.000000e+00
      vertex   2.648136e+01 8.715954e+00 7.000000e+00
      vertex   2.728010e+01 9.450000e+00 7.000000e+00
    endloop
  endfacet
  facet normal -0.000000e+00 0.000000e+00 1.000000e+00
    outer loop
      vertex   2.648136e+01 8.715954e+00 7.000000e+00
      vertex   2.653010e+01 8.450000e+00 7.000000e+00
      vertex   2.728010e+01 9.450000e+00 7.000000e+00
    endloop
  endfacet
  facet normal 0.000000e+00 -0.000000e+00 1.000000e+00
    outer loop
      vertex   2.728010e+01 7.450000e+00 7.000000e+00
      vertex   2.728010e+01 9.450000e+00 7.000000e+00
      vertex   2.653010e+01 8.450000e+00 7.000000e+00
    endloop
  endfacet
  facet normal 0.000000e+00 0.000000e+00 1.000000e+00
    outer loop
      vertex   2.653010e+01 8.450000e+00 7.000000e+00
      vertex   2.652463e+01 8.359597e+00 7.000000e+00
      vertex   2.728010e+01 7.450000e+00 7.000000e+00
    endloop
  endfacet
  facet normal 0.000000e+00 0.000000e+00 1.000000e+00
    outer loop
      vertex   2.652463e+01 8.359597e+00 7.000000e+00
      vertex   2.639733e+01 8.023951e+00 7.000000e+00
      vertex   2.728010e+01 7.450000e+00 7.000000e+00
    endloop
  endfacet
  facet normal 0.000000e+00 0.000000e+00 1.000000e+00
    outer loop
      vertex   2.697144e+01 6.988060e+00 7.000000e+00
      vertex   2.713365e+01 7.096447e+00 7.000000e+00
      vertex   2.724204e+01 7.258658e+00 7.000000e+00
    endloop
  endfacet
  facet normal 0.000000e+00 0.000000e+00 1.000000e+00
    outer loop
      vertex   2.724204e+01 7.258658e+00 7.000000e+00
      vertex   2.612864e+01 7.785908e+00 7.000000e+00
      vertex   2.697144e+01 6.988060e+00 7.000000e+00
    endloop
  endfacet
  facet normal 0.000000e+00 0.000000e+00 1.000000e+00
    outer loop
      vertex   2.612864e+01 7.785908e+00 7.000000e+00
      vertex   2.678010e+01 6.950000e+00 7.000000e+00
      vertex   2.697144e+01 6.988060e+00 7.000000e+00
    endloop
  endfacet
  facet normal 0.000000e+00 0.000000e+00 1.000000e+00
    outer loop
      vertex   2.612864e+01 7.785908e+00 7.000000e+00
      vertex   2.578010e+01 7.700000e+00 7.000000e+00
      vertex   2.678010e+01 6.950000e+00 7.000000e+00
    endloop
  endfacet
  facet normal 0.000000e+00 0.000000e+00 1.000000e+00
    outer loop
      vertex   2.478010e+01 6.950000e+00 7.000000e+00
      vertex   2.678010e+01 6.950000e+00 7.000000e+00
      vertex   2.578010e+01 7.700000e+00 7.000000e+00
    endloop
  endfacet
  facet normal 0.000000e+00 0.000000e+00 1.000000e+00
    outer loop
      vertex   2.578010e+01 7.700000e+00 7.000000e+00
      vertex   2.543155e+01 7.785908e+00 7.000000e+00
      vertex   2.478010e+01 6.950000e+00 7.000000e+00
    endloop
  endfacet
  facet normal -0.000000e+00 0.000000e+00 1.000000e+00
    outer loop
      vertex   2.458875e+01 6.988060e+00 7.000000e+00
      vertex   2.478010e+01 6.950000e+00 7.000000e+00
      vertex   2.543155e+01 7.785908e+00 7.000000e+00
    endloop
  endfacet
  facet normal -0.000000e+00 0.000000e+00 1.000000e+00
    outer loop
      vertex   2.442654e+01 7.096447e+00 7.000000e+00
      vertex   2.458875e+01 6.988060e+00 7.000000e+00
      vertex   2.543155e+01 7.785908e+00 7.000000e+00
    endloop
  endfacet
  facet normal 0.000000e+00 0.000000e+00 1.000000e+00
    outer loop
      vertex   2.728010e+01 9.450000e+00 7.000000e+00
      vertex   2.724204e+01 9.641342e+00 7.000000e+00
      vertex   2.627744e+01 9.011383e+00 7.000000e+00
    endloop
  endfacet
  facet normal 0.000000e+00 0.000000e+00 1.000000e+00
    outer loop
      vertex   2.697144e+01 9.911940e+00 7.000000e+00
      vertex   2.627744e+01 9.011383e+00 7.000000e+00
      vertex   2.724204e+01 9.641342e+00 7.000000e+00
    endloop
  endfacet
  facet normal -0.000000e+00 0.000000e+00 1.000000e+00
    outer loop
      vertex   2.595958e+01 9.178206e+00 7.000000e+00
      vertex   2.627744e+01 9.011383e+00 7.000000e+00
      vertex   2.697144e+01 9.911940e+00 7.000000e+00
    endloop
  endfacet
  facet normal 0.000000e+00 0.000000e+00 1.000000e+00
    outer loop
      vertex   2.697144e+01 9.911940e+00 7.000000e+00
      vertex   2.678010e+01 9.950000e+00 7.000000e+00
      vertex   2.595958e+01 9.178206e+00 7.000000e+00
    endloop
  endfacet
  facet normal 0.000000e+00 0.000000e+00 1.000000e+00
    outer loop
      vertex   2.560061e+01 9.178206e+00 7.000000e+00
      vertex   2.595958e+01 9.178206e+00 7.000000e+00
      vertex   2.678010e+01 9.950000e+00 7.000000e+00
    endloop
  endfacet
  facet normal 0.000000e+00 0.000000e+00 1.000000e+00
    outer loop
      vertex   2.678010e+01 9.950000e+00 7.000000e+00
      vertex   2.478010e+01 9.950000e+00 7.000000e+00
      vertex   2.560061e+01 9.178206e+00 7.000000e+00
    endloop
  endfacet
  facet normal 0.000000e+00 -0.000000e+00 1.000000e+00
    outer loop
      vertex   2.528275e+01 9.011383e+00 7.000000e+00
      vertex   2.560061e+01 9.178206e+00 7.000000e+00
      vertex   2.478010e+01 9.950000e+00 7.000000e+00
    endloop
  endfacet
  facet normal 0.000000e+00 0.000000e+00 1.000000e+00
    outer loop
      vertex   2.478010e+01 9.950000e+00 7.000000e+00
      vertex   2.458875e+01 9.911940e+00 7.000000e+00
      vertex   2.528275e+01 9.011383e+00 7.000000e+00
    endloop
  endfacet
  facet normal 0.000000e+00 0.000000e+00 1.000000e+00
    outer loop
      vertex   2.528275e+01 9.011383e+00 7.000000e+00
      vertex   2.458875e+01 9.911940e+00 7.000000e+00
      vertex   2.442654e+01 9.803553e+00 7.000000e+00
    endloop
  endfacet
  facet normal 0.000000e+00 -1.000000e+00 0.000000e+00
    outer loop
      vertex   2.678010e+01 6.950000e+00 2.500000e+00
      vertex   2.678010e+01 6.950000e+00 7.000000e+00
      vertex   2.478010e+01 6.950000e+00 7.000000e+00
    endloop
  endfacet
  facet normal 0.000000e+00 -1.000000e+00 0.000000e+00
    outer loop
      vertex   2.478010e+01 6.950000e+00 7.000000e+00
      vertex   2.478010e+01 6.950000e+00 2.500000e+00
      vertex   2.678010e+01 6.950000e+00 2.500000e+00
    endloop
  endfacet
  facet normal 1.000000e+00 0.000000e+00 -0.000000e+00
    outer loop
      vertex   2.728010e+01 9.450000e+00 2.500000e+00
      vertex   2.728010e+01 9.450000e+00 7.000000e+00
      vertex   2.728010e+01 7.450000e+00 7.000000e+00
    endloop
  endfacet
  facet normal 1.000000e+00 0.000000e+00 0.000000e+00
    outer loop
      vertex   2.728010e+01 7.450000e+00 7.000000e+00
      vertex   2.728010e+01 7.450000e+00 2.500000e+00
      vertex   2.728010e+01 9.450000e+00 2.500000e+00
    endloop
  endfacet
  facet normal 0.000000e+00 1.000000e+00 0.000000e+00
    outer loop
      vertex   2.678010e+01 9.950000e+00 7.000000e+00
      vertex   2.678010e+01 9.950000e+00 2.500000e+00
      vertex   2.478010e+01 9.950000e+00 2.500000e+00
    endloop
  endfacet
  facet normal 0.000000e+00 1.000000e+00 0.000000e+00
    outer loop
      vertex   2.478010e+01 9.950000e+00 2.500000e+00
      vertex   2.478010e+01 9.950000e+00 7.000000e+00
      vertex   2.678010e+01 9.950000e+00 7.000000e+00
    endloop
  endfacet
  facet normal -1.000000e+00 0.000000e+00 -0.000000e+00
    outer loop
      vertex   2.428010e+01 9.450000e+00 7.000000e+00
      vertex   2.428010e+01 9.450000e+00 2.500000e+00
      vertex   2.428010e+01 7.450000e+00 2.500000e+00
    endloop
  endfacet
  facet normal -1.000000e+00 0.000000e+00 0.000000e+00
    outer loop
      vertex   2.428010e+01 7.450000e+00 2.500000e+00
      vertex   2.428010e+01 7.450000e+00 7.000000e+00
      vertex   2.428010e+01 9.450000e+00 7.000000e+00
    endloop
  endfacet
  facet normal -9.807853e-01 -1.950903e-01 -0.000000e+00
    outer loop
      vertex   2.428010e+01 7.450000e+00 7.000000e+00
      vertex   2.428010e+01 7.450000e+00 2.500000e+00
      vertex   2.431816e+01 7.258658e+00 2.500000e+00
    endloop
  endfacet
  facet normal -9.807853e-01 -1.950903e-01 0.000000e+00
    outer loop
      vertex   2.431816e+01 7.258658e+00 2.500000e+00
      vertex   2.431816e+01 7.258658e+00 7.000000e+00
      vertex   2.428010e+01 7.450000e+00 7.000000e+00
    endloop
  endfacet
  facet normal -8.314696e-01 -5.555702e-01 -0.000000e+00
    outer loop
      vertex   2.431816e+01 7.258658e+00 7.000000e+00
      vertex   2.431816e+01 7.258658e+00 2.500000e+00
      vertex   2.442654e+01 7.096447e+00 2.500000e+00
    endloop
  endfacet
  facet normal -8.314696e-01 -5.555702e-01 0.000000e+00
    outer loop
      vertex   2.442654e+01 7.096447e+00 2.500000e+00
      vertex   2.442654e+01 7.096447e+00 7.000000e+00
      vertex   2.431816e+01 7.258658e+00 7.000000e+00
    endloop
  endfacet
  facet normal -5.555702e-01 -8.314696e-01 -0.000000e+00
    outer loop
      vertex   2.442654e+01 7.096447e+00 7.000000e+00
      vertex   2.442654e+01 7.096447e+00 2.500000e+00
      vertex   2.458875e+01 6.988060e+00 2.500000e+00
    endloop
  endfacet
  facet normal -5.555702e-01 -8.314696e-01 1.602633e-16
    outer loop
      vertex   2.458875e+01 6.988060e+00 2.500000e+00
      vertex   2.458875e+01 6.988060e+00 7.000000e+00
      vertex   2.442654e+01 7.096447e+00 7.000000e+00
    endloop
  endfacet
  facet normal -1.950903e-01 -9.807853e-01 1.890435e-16
    outer loop
      vertex   2.458875e+01 6.988060e+00 7.000000e+00
      vertex   2.458875e+01 6.988060e+00 2.500000e+00
      vertex   2.478010e+01 6.950000e+00 2.500000e+00
    endloop
  endfacet
  facet normal -1.950903e-01 -9.807853e-01 0.000000e+00
    outer loop
      vertex   2.478010e+01 6.950000e+00 2.500000e+00
      vertex   2.478010e+01 6.950000e+00 7.000000e+00
      vertex   2.458875e+01 6.988060e+00 7.000000e+00
    endloop
  endfacet
  facet normal -9.626372e-01 -1.914805e-01 1.914805e-01
    outer loop
      vertex   2.431816e+01 7.258658e+00 2.500000e+00
      vertex   2.428010e+01 7.450000e+00 2.500000e+00
      vertex   2.424204e+01 7.450000e+00 2.308658e+00
    endloop
  endfacet
  facet normal -9.626372e-01 -1.914805e-01 1.914805e-01
    outer loop
      vertex   2.424204e+01 7.450000e+00 2.308658e+00
      vertex   2.428299e+01 7.244093e+00 2.308658e+00
      vertex   2.431816e+01 7.258658e+00 2.500000e+00
    endloop
  endfacet
  facet normal -8.160845e-01 -5.452902e-01 1.914805e-01
    outer loop
      vertex   2.442654e+01 7.096447e+00 2.500000e+00
      vertex   2.431816e+01 7.258658e+00 2.500000e+00
      vertex   2.428299e+01 7.244093e+00 2.308658e+00
    endloop
  endfacet
  facet normal -8.160845e-01 -5.452902e-01 1.914805e-01
    outer loop
      vertex   2.428299e+01 7.244093e+00 2.308658e+00
      vertex   2.439963e+01 7.069534e+00 2.308658e+00
      vertex   2.442654e+01 7.096447e+00 2.500000e+00
    endloop
  endfacet
  facet normal -5.452902e-01 -8.160845e-01 1.914805e-01
    outer loop
      vertex   2.458875e+01 6.988060e+00 2.500000e+00
      vertex   2.442654e+01 7.096447e+00 2.500000e+00
      vertex   2.439963e+01 7.069534e+00 2.308658e+00
    endloop
  endfacet
  facet normal -5.452902e-01 -8.160845e-01 1.914805e-01
    outer loop
      vertex   2.439963e+01 7.069534e+00 2.308658e+00
      vertex   2.457419e+01 6.952897e+00 2.308658e+00
      vertex   2.458875e+01 6.988060e+00 2.500000e+00
    endloop
  endfacet
  facet normal -1.914805e-01 -9.626372e-01 1.914805e-01
    outer loop
      vertex   2.478010e+01 6.950000e+00 2.500000e+00
      vertex   2.458875e+01 6.988060e+00 2.500000e+00
      vertex   2.457419e+01 6.952897e+00 2.308658e+00
    endloop
  endfacet
  facet normal -1.914805e-01 -9.626372e-01 1.914805e-01
    outer loop
      vertex   2.457419e+01 6.952897e+00 2.308658e+00
      vertex   2.478010e+01 6.911940e+00 2.308658e+00
      vertex   2.478010e+01 6.950000e+00 2.500000e+00
    endloop
  endfacet
  facet normal -8.203258e-01 -1.631730e-01 5.481242e-01
    outer loop
      vertex   2.428299e+01 7.244093e+00 2.308658e+00
      vertex   2.424204e+01 7.450000e+00 2.308658e+00
      vertex   2.413365e+01 7.450000e+00 2.146447e+00
    endloop
  endfacet
  facet normal -8.203258e-01 -1.631730e-01 5.481242e-01
    outer loop
      vertex   2.413365e+01 7.450000e+00 2.146447e+00
      vertex   2.418286e+01 7.202616e+00 2.146447e+00
      vertex   2.428299e+01 7.244093e+00 2.308658e+00
    endloop
  endfacet
  facet normal -6.954387e-01 -4.646773e-01 5.481242e-01
    outer loop
      vertex   2.439963e+01 7.069534e+00 2.308658e+00
      vertex   2.428299e+01 7.244093e+00 2.308658e+00
      vertex   2.418286e+01 7.202616e+00 2.146447e+00
    endloop
  endfacet
  facet normal -6.954387e-01 -4.646773e-01 5.481242e-01
    outer loop
      vertex   2.418286e+01 7.202616e+00 2.146447e+00
      vertex   2.432299e+01 6.992893e+00 2.146447e+00
      vertex   2.439963e+01 7.069534e+00 2.308658e+00
    endloop
  endfacet
  facet normal -4.646773e-01 -6.954387e-01 5.481242e-01
    outer loop
      vertex   2.457419e+01 6.952897e+00 2.308658e+00
      vertex   2.439963e+01 7.069534e+00 2.308658e+00
      vertex   2.432299e+01 6.992893e+00 2.146447e+00
    endloop
  endfacet
  facet normal -4.646773e-01 -6.954387e-01 5.481242e-01
    outer loop
      vertex   2.432299e+01 6.992893e+00 2.146447e+00
      vertex   2.453271e+01 6.852761e+00 2.146447e+00
      vertex   2.457419e+01 6.952897e+00 2.308658e+00
    endloop
  endfacet
  facet normal -1.631730e-01 -8.203258e-01 5.481242e-01
    outer loop
      vertex   2.478010e+01 6.911940e+00 2.308658e+00
      vertex   2.457419e+01 6.952897e+00 2.308658e+00
      vertex   2.453271e+01 6.852761e+00 2.146447e+00
    endloop
  endfacet
  facet normal -1.631730e-01 -8.203258e-01 5.481242e-01
    outer loop
      vertex   2.453271e+01 6.852761e+00 2.146447e+00
      vertex   2.478010e+01 6.803553e+00 2.146447e+00
      vertex   2.478010e+01 6.911940e+00 2.308658e+00
    endloop
  endfacet
  facet normal -5.522086e-01 -1.098411e-01 8.264385e-01
    outer loop
      vertex   2.418286e+01 7.202616e+00 2.146447e+00
      vertex   2.413365e+01 7.450000e+00 2.146447e+00
      vertex   2.397144e+01 7.450000e+00 2.038060e+00
    endloop
  endfacet
  facet normal -5.522086e-01 -1.098411e-01 8.264385e-01
    outer loop
      vertex   2.397144e+01 7.450000e+00 2.038060e+00
      vertex   2.403299e+01 7.140540e+00 2.038060e+00
      vertex   2.418286e+01 7.202616e+00 2.146447e+00
    endloop
  endfacet
  facet normal -4.681398e-01 -3.128010e-01 8.264385e-01
    outer loop
      vertex   2.432299e+01 6.992893e+00 2.146447e+00
      vertex   2.418286e+01 7.202616e+00 2.146447e+00
      vertex   2.403299e+01 7.140540e+00 2.038060e+00
    endloop
  endfacet
  facet normal -4.681398e-01 -3.128010e-01 8.264385e-01
    outer loop
      vertex   2.403299e+01 7.140540e+00 2.038060e+00
      vertex   2.420829e+01 6.878192e+00 2.038060e+00
      vertex   2.432299e+01 6.992893e+00 2.146447e+00
    endloop
  endfacet
  facet normal -3.128010e-01 -4.681398e-01 8.264385e-01
    outer loop
      vertex   2.453271e+01 6.852761e+00 2.146447e+00
      vertex   2.432299e+01 6.992893e+00 2.146447e+00
      vertex   2.420829e+01 6.878192e+00 2.038060e+00
    endloop
  endfacet
  facet normal -3.128010e-01 -4.681398e-01 8.264385e-01
    outer loop
      vertex   2.420829e+01 6.878192e+00 2.038060e+00
      vertex   2.447064e+01 6.702897e+00 2.038060e+00
      vertex   2.453271e+01 6.852761e+00 2.146447e+00
    endloop
  endfacet
  facet normal -1.098411e-01 -5.522086e-01 8.264385e-01
    outer loop
      vertex   2.478010e+01 6.803553e+00 2.146447e+00
      vertex   2.453271e+01 6.852761e+00 2.146447e+00
      vertex   2.447064e+01 6.702897e+00 2.038060e+00
    endloop
  endfacet
  facet normal -1.098411e-01 -5.522086e-01 8.264385e-01
    outer loop
      vertex   2.447064e+01 6.702897e+00 2.038060e+00
      vertex   2.478010e+01 6.641342e+00 2.038060e+00
      vertex   2.478010e+01 6.803553e+00 2.146447e+00
    endloop
  endfacet
  facet normal -1.949436e-01 -3.877669e-02 9.800476e-01
    outer loop
      vertex   2.403299e+01 7.140540e+00 2.038060e+00
      vertex   2.397144e+01 7.450000e+00 2.038060e+00
      vertex   2.378010e+01 7.450000e+00 2.000000e+00
    endloop
  endfacet
  facet normal -1.949436e-01 -3.877669e-02 9.800476e-01
    outer loop
      vertex   2.378010e+01 7.450000e+00 2.000000e+00
      vertex   2.385622e+01 7.067317e+00 2.000000e+00
      vertex   2.403299e+01 7.140540e+00 2.038060e+00
    endloop
  endfacet
  facet normal -1.652652e-01 -1.104267e-01 9.800476e-01
    outer loop
      vertex   2.420829e+01 6.878192e+00 2.038060e+00
      vertex   2.403299e+01 7.140540e+00 2.038060e+00
      vertex   2.385622e+01 7.067317e+00 2.000000e+00
    endloop
  endfacet
  facet normal -1.652652e-01 -1.104267e-01 9.800476e-01
    outer loop
      vertex   2.385622e+01 7.067317e+00 2.000000e+00
      vertex   2.407299e+01 6.742893e+00 2.000000e+00
      vertex   2.420829e+01 6.878192e+00 2.038060e+00
    endloop
  endfacet
  facet normal -1.104267e-01 -1.652652e-01 9.800476e-01
    outer loop
      vertex   2.447064e+01 6.702897e+00 2.038060e+00
      vertex   2.420829e+01 6.878192e+00 2.038060e+00
      vertex   2.407299e+01 6.742893e+00 2.000000e+00
    endloop
  endfacet
  facet normal -1.104267e-01 -1.652652e-01 9.800476e-01
    outer loop
      vertex   2.407299e+01 6.742893e+00 2.000000e+00
      vertex   2.439741e+01 6.526120e+00 2.000000e+00
      vertex   2.447064e+01 6.702897e+00 2.038060e+00
    endloop
  endfacet
  facet normal -3.877669e-02 -1.949436e-01 9.800476e-01
    outer loop
      vertex   2.478010e+01 6.641342e+00 2.038060e+00
      vertex   2.447064e+01 6.702897e+00 2.038060e+00
      vertex   2.439741e+01 6.526120e+00 2.000000e+00
    endloop
  endfacet
  facet normal -3.877669e-02 -1.949436e-01 9.800476e-01
    outer loop
      vertex   2.439741e+01 6.526120e+00 2.000000e+00
      vertex   2.478010e+01 6.450000e+00 2.000000e+00
      vertex   2.478010e+01 6.641342e+00 2.038060e+00
    endloop
  endfacet
  facet normal -1.950903e-01 9.807853e-01 0.000000e+00
    outer loop
      vertex   2.478010e+01 9.950000e+00 7.000000e+00
      vertex   2.478010e+01 9.950000e+00 2.500000e+00
      vertex   2.458875e+01 9.911940e+00 2.500000e+00
    endloop
  endfacet
  facet normal -1.950903e-01 9.807853e-01 0.000000e+00
    outer loop
      vertex   2.458875e+01 9.911940e+00 2.500000e+00
      vertex   2.458875e+01 9.911940e+00 7.000000e+00
      vertex   2.478010e+01 9.950000e+00 7.000000e+00
    endloop
  endfacet
  facet normal -5.555702e-01 8.314696e-01 0.000000e+00
    outer loop
      vertex   2.458875e+01 9.911940e+00 7.000000e+00
      vertex   2.458875e+01 9.911940e+00 2.500000e+00
      vertex   2.442654e+01 9.803553e+00 2.500000e+00
    endloop
  endfacet
  facet normal -5.555702e-01 8.314696e-01 0.000000e+00
    outer loop
      vertex   2.442654e+01 9.803553e+00 2.500000e+00
      vertex   2.442654e+01 9.803553e+00 7.000000e+00
      vertex   2.458875e+01 9.911940e+00 7.000000e+00
    endloop
  endfacet
  facet normal -8.314696e-01 5.555702e-01 0.000000e+00
    outer loop
      vertex   2.442654e+01 9.803553e+00 7.000000e+00
      vertex   2.442654e+01 9.803553e+00 2.500000e+00
      vertex   2.431816e+01 9.641342e+00 2.500000e+00
    endloop
  endfacet
  facet normal -8.314696e-01 5.555702e-01 0.000000e+00
    outer loop
      vertex   2.431816e+01 9.641342e+00 2.500000e+00
      vertex   2.431816e+01 9.641342e+00 7.000000e+00
      vertex   2.442654e+01 9.803553e+00 7.000000e+00
    endloop
  endfacet
  facet normal -9.807853e-01 1.950903e-01 0.000000e+00
    outer loop
      vertex   2.431816e+01 9.641342e+00 7.000000e+00
      vertex   2.431816e+01 9.641342e+00 2.500000e+00
      vertex   2.428010e+01 9.450000e+00 2.500000e+00
    endloop
  endfacet
  facet normal -9.807853e-01 1.950903e-01 0.000000e+00
    outer loop
      vertex   2.428010e+01 9.450000e+00 2.500000e+00
      vertex   2.428010e+01 9.450000e+00 7.000000e+00
      vertex   2.431816e+01 9.641342e+00 7.000000e+00
    endloop
  endfacet
  facet normal -1.950903e-01 0.000000e+00 9.807853e-01
    outer loop
      vertex   2.397144e+01 9.450000e+00 2.038060e+00
      vertex   2.378010e+01 9.450000e+00 2.000000e+00
      vertex   2.378010e+01 7.450000e+00 2.000000e+00
    endloop
  endfacet
  facet normal -1.950903e-01 0.000000e+00 9.807853e-01
    outer loop
      vertex   2.378010e+01 7.450000e+00 2.000000e+00
      vertex   2.397144e+01 7.450000e+00 2.038060e+00
      vertex   2.397144e+01 9.450000e+00 2.038060e+00
    endloop
  endfacet
  facet normal -5.555702e-01 -6.971828e-18 8.314696e-01
    outer loop
      vertex   2.413365e+01 9.450000e+00 2.146447e+00
      vertex   2.397144e+01 9.450000e+00 2.038060e+00
      vertex   2.397144e+01 7.450000e+00 2.038060e+00
    endloop
  endfacet
  facet normal -5.555702e-01 4.183097e-16 8.314696e-01
    outer loop
      vertex   2.397144e+01 7.450000e+00 2.038060e+00
      vertex   2.413365e+01 7.450000e+00 2.146447e+00
      vertex   2.413365e+01 9.450000e+00 2.146447e+00
    endloop
  endfacet
  facet normal -8.314696e-01 1.080633e-15 5.555702e-01
    outer loop
      vertex   2.424204e+01 9.450000e+00 2.308658e+00
      vertex   2.413365e+01 9.450000e+00 2.146447e+00
      vertex   2.413365e+01 7.450000e+00 2.146447e+00
    endloop
  endfacet
  facet normal -8.314696e-01 0.000000e+00 5.555702e-01
    outer loop
      vertex   2.413365e+01 7.450000e+00 2.146447e+00
      vertex   2.424204e+01 7.450000e+00 2.308658e+00
      vertex   2.424204e+01 9.450000e+00 2.308658e+00
    endloop
  endfacet
  facet normal -9.807853e-01 0.000000e+00 1.950903e-01
    outer loop
      vertex   2.428010e+01 9.450000e+00 2.500000e+00
      vertex   2.424204e+01 9.450000e+00 2.308658e+00
      vertex   2.424204e+01 7.450000e+00 2.308658e+00
    endloop
  endfacet
  facet normal -9.807853e-01 0.000000e+00 1.950903e-01
    outer loop
      vertex   2.424204e+01 7.450000e+00 2.308658e+00
      vertex   2.428010e+01 7.450000e+00 2.500000e+00
      vertex   2.428010e+01 9.450000e+00 2.500000e+00
    endloop
  endfacet
  facet normal -1.914805e-01 9.626372e-01 1.914805e-01
    outer loop
      vertex   2.458875e+01 9.911940e+00 2.500000e+00
      vertex   2.478010e+01 9.950000e+00 2.500000e+00
      vertex   2.478010e+01 9.988060e+00 2.308658e+00
    endloop
  endfacet
  facet normal -1.914805e-01 9.626372e-01 1.914805e-01
    outer loop
      vertex   2.478010e+01 9.988060e+00 2.308658e+00
      vertex   2.457419e+01 9.947103e+00 2.308658e+00
      vertex   2.458875e+01 9.911940e+00 2.500000e+00
    endloop
  endfacet
  facet normal -5.452902e-01 8.160845e-01 1.914805e-01
    outer loop
      vertex   2.442654e+01 9.803553e+00 2.500000e+00
      vertex   2.458875e+01 9.911940e+00 2.500000e+00
      vertex   2.457419e+01 9.947103e+00 2.308658e+00
    endloop
  endfacet
  facet normal -5.452902e-01 8.160845e-01 1.914805e-01
    outer loop
      vertex   2.457419e+01 9.947103e+00 2.308658e+00
      vertex   2.439963e+01 9.830466e+00 2.308658e+00
      vertex   2.442654e+01 9.803553e+00 2.500000e+00
    endloop
  endfacet
  facet normal -8.160845e-01 5.452902e-01 1.914805e-01
    outer loop
      vertex   2.431816e+01 9.641342e+00 2.500000e+00
      vertex   2.442654e+01 9.803553e+00 2.500000e+00
      vertex   2.439963e+01 9.830466e+00 2.308658e+00
    endloop
  endfacet
  facet normal -8.160845e-01 5.452902e-01 1.914805e-01
    outer loop
      vertex   2.439963e+01 9.830466e+00 2.308658e+00
      vertex   2.428299e+01 9.655907e+00 2.308658e+00
      vertex   2.431816e+01 9.641342e+00 2.500000e+00
    endloop
  endfacet
  facet normal -9.626372e-01 1.914805e-01 1.914805e-01
    outer loop
      vertex   2.428010e+01 9.450000e+00 2.500000e+00
      vertex   2.431816e+01 9.641342e+00 2.500000e+00
      vertex   2.428299e+01 9.655907e+00 2.308658e+00
    endloop
  endfacet
  facet normal -9.626372e-01 1.914805e-01 1.914805e-01
    outer loop
      vertex   2.428299e+01 9.655907e+00 2.308658e+00
      vertex   2.424204e+01 9.450000e+00 2.308658e+00
      vertex   2.428010e+01 9.450000e+00 2.500000e+00
    endloop
  endfacet
  facet normal -1.631730e-01 8.203258e-01 5.481242e-01
    outer loop
      vertex   2.457419e+01 9.947103e+00 2.308658e+00
      vertex   2.478010e+01 9.988060e+00 2.308658e+00
      vertex   2.478010e+01 1.009645e+01 2.146447e+00
    endloop
  endfacet
  facet normal -1.631730e-01 8.203258e-01 5.481242e-01
    outer loop
      vertex   2.478010e+01 1.009645e+01 2.146447e+00
      vertex   2.453271e+01 1.004724e+01 2.146447e+00
      vertex   2.457419e+01 9.947103e+00 2.308658e+00
    endloop
  endfacet
  facet normal -4.646773e-01 6.954387e-01 5.481242e-01
    outer loop
      vertex   2.439963e+01 9.830466e+00 2.308658e+00
      vertex   2.457419e+01 9.947103e+00 2.308658e+00
      vertex   2.453271e+01 1.004724e+01 2.146447e+00
    endloop
  endfacet
  facet normal -4.646773e-01 6.954387e-01 5.481242e-01
    outer loop
      vertex   2.453271e+01 1.004724e+01 2.146447e+00
      vertex   2.432299e+01 9.907107e+00 2.146447e+00
      vertex   2.439963e+01 9.830466e+00 2.308658e+00
    endloop
  endfacet
  facet normal -6.954387e-01 4.646773e-01 5.481242e-01
    outer loop
      vertex   2.428299e+01 9.655907e+00 2.308658e+00
      vertex   2.439963e+01 9.830466e+00 2.308658e+00
      vertex   2.432299e+01 9.907107e+00 2.146447e+00
    endloop
  endfacet
  facet normal -6.954387e-01 4.646773e-01 5.481242e-01
    outer loop
      vertex   2.432299e+01 9.907107e+00 2.146447e+00
      vertex   2.418286e+01 9.697384e+00 2.146447e+00
      vertex   2.428299e+01 9.655907e+00 2.308658e+00
    endloop
  endfacet
  facet normal -8.203258e-01 1.631730e-01 5.481242e-01
    outer loop
      vertex   2.424204e+01 9.450000e+00 2.308658e+00
      vertex   2.428299e+01 9.655907e+00 2.308658e+00
      vertex   2.418286e+01 9.697384e+00 2.146447e+00
    endloop
  endfacet
  facet normal -8.203258e-01 1.631730e-01 5.481242e-01
    outer loop
      vertex   2.418286e+01 9.697384e+00 2.146447e+00
      vertex   2.413365e+01 9.450000e+00 2.146447e+00
      vertex   2.424204e+01 9.450000e+00 2.308658e+00
    endloop
  endfacet
  facet normal -1.098411e-01 5.522086e-01 8.264385e-01
    outer loop
      vertex   2.453271e+01 1.004724e+01 2.146447e+00
      vertex   2.478010e+01 1.009645e+01 2.146447e+00
      vertex   2.478010e+01 1.025866e+01 2.038060e+00
    endloop
  endfacet
  facet normal -1.098411e-01 5.522086e-01 8.264385e-01
    outer loop
      vertex   2.478010e+01 1.025866e+01 2.038060e+00
      vertex   2.447064e+01 1.019710e+01 2.038060e+00
      vertex   2.453271e+01 1.004724e+01 2.146447e+00
    endloop
  endfacet
  facet normal -3.128010e-01 4.681398e-01 8.264385e-01
    outer loop
      vertex   2.432299e+01 9.907107e+00 2.146447e+00
      vertex   2.453271e+01 1.004724e+01 2.146447e+00
      vertex   2.447064e+01 1.019710e+01 2.038060e+00
    endloop
  endfacet
  facet normal -3.128010e-01 4.681398e-01 8.264385e-01
    outer loop
      vertex   2.447064e+01 1.019710e+01 2.038060e+00
      vertex   2.420829e+01 1.002181e+01 2.038060e+00
      vertex   2.432299e+01 9.907107e+00 2.146447e+00
    endloop
  endfacet
  facet normal -4.681398e-01 3.128010e-01 8.264385e-01
    outer loop
      vertex   2.418286e+01 9.697384e+00 2.146447e+00
      vertex   2.432299e+01 9.907107e+00 2.146447e+00
      vertex   2.420829e+01 1.002181e+01 2.038060e+00
    endloop
  endfacet
  facet normal -4.681398e-01 3.128010e-01 8.264385e-01
    outer loop
      vertex   2.420829e+01 1.002181e+01 2.038060e+00
      vertex   2.403299e+01 9.759460e+00 2.038060e+00
      vertex   2.418286e+01 9.697384e+00 2.146447e+00
    endloop
  endfacet
  facet normal -5.522086e-01 1.098411e-01 8.264385e-01
    outer loop
      vertex   2.413365e+01 9.450000e+00 2.146447e+00
      vertex   2.418286e+01 9.697384e+00 2.146447e+00
      vertex   2.403299e+01 9.759460e+00 2.038060e+00
    endloop
  endfacet
  facet normal -5.522086e-01 1.098411e-01 8.264385e-01
    outer loop
      vertex   2.403299e+01 9.759460e+00 2.038060e+00
      vertex   2.397144e+01 9.450000e+00 2.038060e+00
      vertex   2.413365e+01 9.450000e+00 2.146447e+00
    endloop
  endfacet
  facet normal -3.877669e-02 1.949436e-01 9.800476e-01
    outer loop
      vertex   2.447064e+01 1.019710e+01 2.038060e+00
      vertex   2.478010e+01 1.025866e+01 2.038060e+00
      vertex   2.478010e+01 1.045000e+01 2.000000e+00
    endloop
  endfacet
  facet normal -3.877669e-02 1.949436e-01 9.800476e-01
    outer loop
      vertex   2.478010e+01 1.045000e+01 2.000000e+00
      vertex   2.439741e+01 1.037388e+01 2.000000e+00
      vertex   2.447064e+01 1.019710e+01 2.038060e+00
    endloop
  endfacet
  facet normal -1.104267e-01 1.652652e-01 9.800476e-01
    outer loop
      vertex   2.420829e+01 1.002181e+01 2.038060e+00
      vertex   2.447064e+01 1.019710e+01 2.038060e+00
      vertex   2.439741e+01 1.037388e+01 2.000000e+00
    endloop
  endfacet
  facet normal -1.104267e-01 1.652652e-01 9.800476e-01
    outer loop
      vertex   2.439741e+01 1.037388e+01 2.000000e+00
      vertex   2.407299e+01 1.015711e+01 2.000000e+00
      vertex   2.420829e+01 1.002181e+01 2.038060e+00
    endloop
  endfacet
  facet normal -1.652652e-01 1.104267e-01 9.800476e-01
    outer loop
      vertex   2.403299e+01 9.759460e+00 2.038060e+00
      vertex   2.420829e+01 1.002181e+01 2.038060e+00
      vertex   2.407299e+01 1.015711e+01 2.000000e+00
    endloop
  endfacet
  facet normal -1.652652e-01 1.104267e-01 9.800476e-01
    outer loop
      vertex   2.407299e+01 1.015711e+01 2.000000e+00
      vertex   2.385622e+01 9.832683e+00 2.000000e+00
      vertex   2.403299e+01 9.759460e+00 2.038060e+00
    endloop
  endfacet
  facet normal -1.949436e-01 3.877669e-02 9.800476e-01
    outer loop
      vertex   2.397144e+01 9.450000e+00 2.038060e+00
      vertex   2.403299e+01 9.759460e+00 2.038060e+00
      vertex   2.385622e+01 9.832683e+00 2.000000e+00
    endloop
  endfacet
  facet normal -1.949436e-01 3.877669e-02 9.800476e-01
    outer loop
      vertex   2.385622e+01 9.832683e+00 2.000000e+00
      vertex   2.378010e+01 9.450000e+00 2.000000e+00
      vertex   2.397144e+01 9.450000e+00 2.038060e+00
    endloop
  endfacet
  facet normal 0.000000e+00 -1.950903e-01 9.807853e-01
    outer loop
      vertex   2.478010e+01 6.641342e+00 2.038060e+00
      vertex   2.478010e+01 6.450000e+00 2.000000e+00
      vertex   2.678010e+01 6.450000e+00 2.000000e+00
    endloop
  endfacet
  facet normal -1.254929e-16 -1.950903e-01 9.807853e-01
    outer loop
      vertex   2.678010e+01 6.450000e+00 2.000000e+00
      vertex   2.678010e+01 6.641342e+00 2.038060e+00
      vertex   2.478010e+01 6.641342e+00 2.038060e+00
    endloop
  endfacet
  facet normal 5.577462e-17 -5.555702e-01 8.314696e-01
    outer loop
      vertex   2.478010e+01 6.803553e+00 2.146447e+00
      vertex   2.478010e+01 6.641342e+00 2.038060e+00
      vertex   2.678010e+01 6.641342e+00 2.038060e+00
    endloop
  endfacet
  facet normal -6.971828e-17 -5.555702e-01 8.314696e-01
    outer loop
      vertex   2.678010e+01 6.641342e+00 2.038060e+00
      vertex   2.678010e+01 6.803553e+00 2.146447e+00
      vertex   2.478010e+01 6.803553e+00 2.146447e+00
    endloop
  endfacet
  facet normal 3.625350e-16 -8.314696e-01 5.555702e-01
    outer loop
      vertex   2.478010e+01 6.911940e+00 2.308658e+00
      vertex   2.478010e+01 6.803553e+00 2.146447e+00
      vertex   2.678010e+01 6.803553e+00 2.146447e+00
    endloop
  endfacet
  facet normal 2.370421e-16 -8.314696e-01 5.555702e-01
    outer loop
      vertex   2.678010e+01 6.803553e+00 2.146447e+00
      vertex   2.678010e+01 6.911940e+00 2.308658e+00
      vertex   2.478010e+01 6.911940e+00 2.308658e+00
    endloop
  endfacet
  facet normal 3.869364e-16 -9.807853e-01 1.950903e-01
    outer loop
      vertex   2.478010e+01 6.950000e+00 2.500000e+00
      vertex   2.478010e+01 6.911940e+00 2.308658e+00
      vertex   2.678010e+01 6.911940e+00 2.308658e+00
    endloop
  endfacet
  facet normal 0.000000e+00 -9.807853e-01 1.950903e-01
    outer loop
      vertex   2.678010e+01 6.911940e+00 2.308658e+00
      vertex   2.678010e+01 6.950000e+00 2.500000e+00
      vertex   2.478010e+01 6.950000e+00 2.500000e+00
    endloop
  endfacet
  facet normal 1.950903e-01 -9.807853e-01 0.000000e+00
    outer loop
      vertex   2.678010e+01 6.950000e+00 7.000000e+00
      vertex   2.678010e+01 6.950000e+00 2.500000e+00
      vertex   2.697144e+01 6.988060e+00 2.500000e+00
    endloop
  endfacet
  facet normal 1.950903e-01 -9.807853e-01 1.890435e-16
    outer loop
      vertex   2.697144e+01 6.988060e+00 2.500000e+00
      vertex   2.697144e+01 6.988060e+00 7.000000e+00
      vertex   2.678010e+01 6.950000e+00 7.000000e+00
    endloop
  endfacet
  facet normal 5.555702e-01 -8.314696e-01 1.602633e-16
    outer loop
      vertex   2.697144e+01 6.988060e+00 7.000000e+00
      vertex   2.697144e+01 6.988060e+00 2.500000e+00
      vertex   2.713365e+01 7.096447e+00 2.500000e+00
    endloop
  endfacet
  facet normal 5.555702e-01 -8.314696e-01 0.000000e+00
    outer loop
      vertex   2.713365e+01 7.096447e+00 2.500000e+00
      vertex   2.713365e+01 7.096447e+00 7.000000e+00
      vertex   2.697144e+01 6.988060e+00 7.000000e+00
    endloop
  endfacet
  facet normal 8.314696e-01 -5.555702e-01 0.000000e+00
    outer loop
      vertex   2.713365e+01 7.096447e+00 7.000000e+00
      vertex   2.713365e+01 7.096447e+00 2.500000e+00
      vertex   2.724204e+01 7.258658e+00 2.500000e+00
    endloop
  endfacet
  facet normal 8.314696e-01 -5.555702e-01 -1.070845e-16
    outer loop
      vertex   2.724204e+01 7.258658e+00 2.500000e+00
      vertex   2.724204e+01 7.258658e+00 7.000000e+00
      vertex   2.713365e+01 7.096447e+00 7.000000e+00
    endloop
  endfacet
  facet normal 9.807853e-01 -1.950903e-01 -3.760308e-17
    outer loop
      vertex   2.724204e+01 7.258658e+00 7.000000e+00
      vertex   2.724204e+01 7.258658e+00 2.500000e+00
      vertex   2.728010e+01 7.450000e+00 2.500000e+00
    endloop
  endfacet
  facet normal 9.807853e-01 -1.950903e-01 0.000000e+00
    outer loop
      vertex   2.728010e+01 7.450000e+00 2.500000e+00
      vertex   2.728010e+01 7.450000e+00 7.000000e+00
      vertex   2.724204e+01 7.258658e+00 7.000000e+00
    endloop
  endfacet
  facet normal 1.914805e-01 -9.626372e-01 1.914805e-01
    outer loop
      vertex   2.697144e+01 6.988060e+00 2.500000e+00
      vertex   2.678010e+01 6.950000e+00 2.500000e+00
      vertex   2.678010e+01 6.911940e+00 2.308658e+00
    endloop
  endfacet
  facet normal 1.914805e-01 -9.626372e-01 1.914805e-01
    outer loop
      vertex   2.678010e+01 6.911940e+00 2.308658e+00
      vertex   2.698600e+01 6.952897e+00 2.308658e+00
      vertex   2.697144e+01 6.988060e+00 2.500000e+00
    endloop
  endfacet
  facet normal 5.452902e-01 -8.160845e-01 1.914805e-01
    outer loop
      vertex   2.713365e+01 7.096447e+00 2.500000e+00
      vertex   2.697144e+01 6.988060e+00 2.500000e+00
      vertex   2.698600e+01 6.952897e+00 2.308658e+00
    endloop
  endfacet
  facet normal 5.452902e-01 -8.160845e-01 1.914805e-01
    outer loop
      vertex   2.698600e+01 6.952897e+00 2.308658e+00
      vertex   2.716056e+01 7.069534e+00 2.308658e+00
      vertex   2.713365e+01 7.096447e+00 2.500000e+00
    endloop
  endfacet
  facet normal 8.160845e-01 -5.452902e-01 1.914805e-01
    outer loop
      vertex   2.724204e+01 7.258658e+00 2.500000e+00
      vertex   2.713365e+01 7.096447e+00 2.500000e+00
      vertex   2.716056e+01 7.069534e+00 2.308658e+00
    endloop
  endfacet
  facet normal 8.160845e-01 -5.452902e-01 1.914805e-01
    outer loop
      vertex   2.716056e+01 7.069534e+00 2.308658e+00
      vertex   2.727720e+01 7.244093e+00 2.308658e+00
      vertex   2.724204e+01 7.258658e+00 2.500000e+00
    endloop
  endfacet
  facet normal 9.626372e-01 -1.914805e-01 1.914805e-01
    outer loop
      vertex   2.728010e+01 7.450000e+00 2.500000e+00
      vertex   2.724204e+01 7.258658e+00 2.500000e+00
      vertex   2.727720e+01 7.244093e+00 2.308658e+00
    endloop
  endfacet
  facet normal 9.626372e-01 -1.914805e-01 1.914805e-01
    outer loop
      vertex   2.727720e+01 7.244093e+00 2.308658e+00
      vertex   2.731816e+01 7.450000e+00 2.308658e+00
      vertex   2.728010e+01 7.450000e+00 2.500000e+00
    endloop
  endfacet
  facet normal 1.631730e-01 -8.203258e-01 5.481242e-01
    outer loop
      vertex   2.698600e+01 6.952897e+00 2.308658e+00
      vertex   2.678010e+01 6.911940e+00 2.308658e+00
      vertex   2.678010e+01 6.803553e+00 2.146447e+00
    endloop
  endfacet
  facet normal 1.631730e-01 -8.203258e-01 5.481242e-01
    outer loop
      vertex   2.678010e+01 6.803553e+00 2.146447e+00
      vertex   2.702748e+01 6.852761e+00 2.146447e+00
      vertex   2.698600e+01 6.952897e+00 2.308658e+00
    endloop
  endfacet
  facet normal 4.646773e-01 -6.954387e-01 5.481242e-01
    outer loop
      vertex   2.716056e+01 7.069534e+00 2.308658e+00
      vertex   2.698600e+01 6.952897e+00 2.308658e+00
      vertex   2.702748e+01 6.852761e+00 2.146447e+00
    endloop
  endfacet
  facet normal 4.646773e-01 -6.954387e-01 5.481242e-01
    outer loop
      vertex   2.702748e+01 6.852761e+00 2.146447e+00
      vertex   2.723720e+01 6.992893e+00 2.146447e+00
      vertex   2.716056e+01 7.069534e+00 2.308658e+00
    endloop
  endfacet
  facet normal 6.954387e-01 -4.646773e-01 5.481242e-01
    outer loop
      vertex   2.727720e+01 7.244093e+00 2.308658e+00
      vertex   2.716056e+01 7.069534e+00 2.308658e+00
      vertex   2.723720e+01 6.992893e+00 2.146447e+00
    endloop
  endfacet
  facet normal 6.954387e-01 -4.646773e-01 5.481242e-01
    outer loop
      vertex   2.723720e+01 6.992893e+00 2.146447e+00
      vertex   2.737734e+01 7.202616e+00 2.146447e+00
      vertex   2.727720e+01 7.244093e+00 2.308658e+00
    endloop
  endfacet
  facet normal 8.203258e-01 -1.631730e-01 5.481242e-01
    outer loop
      vertex   2.731816e+01 7.450000e+00 2.308658e+00
      vertex   2.727720e+01 7.244093e+00 2.308658e+00
      vertex   2.737734e+01 7.202616e+00 2.146447e+00
    endloop
  endfacet
  facet normal 8.203258e-01 -1.631730e-01 5.481242e-01
    outer loop
      vertex   2.737734e+01 7.202616e+00 2.146447e+00
      vertex   2.742654e+01 7.450000e+00 2.146447e+00
      vertex   2.731816e+01 7.450000e+00 2.308658e+00
    endloop
  endfacet
  facet normal 1.098411e-01 -5.522086e-01 8.264385e-01
    outer loop
      vertex   2.702748e+01 6.852761e+00 2.146447e+00
      vertex   2.678010e+01 6.803553e+00 2.146447e+00
      vertex   2.678010e+01 6.641342e+00 2.038060e+00
    endloop
  endfacet
  facet normal 1.098411e-01 -5.522086e-01 8.264385e-01
    outer loop
      vertex   2.678010e+01 6.641342e+00 2.038060e+00
      vertex   2.708956e+01 6.702897e+00 2.038060e+00
      vertex   2.702748e+01 6.852761e+00 2.146447e+00
    endloop
  endfacet
  facet normal 3.128010e-01 -4.681398e-01 8.264385e-01
    outer loop
      vertex   2.723720e+01 6.992893e+00 2.146447e+00
      vertex   2.702748e+01 6.852761e+00 2.146447e+00
      vertex   2.708956e+01 6.702897e+00 2.038060e+00
    endloop
  endfacet
  facet normal 3.128010e-01 -4.681398e-01 8.264385e-01
    outer loop
      vertex   2.708956e+01 6.702897e+00 2.038060e+00
      vertex   2.735190e+01 6.878192e+00 2.038060e+00
      vertex   2.723720e+01 6.992893e+00 2.146447e+00
    endloop
  endfacet
  facet normal 4.681398e-01 -3.128010e-01 8.264385e-01
    outer loop
      vertex   2.737734e+01 7.202616e+00 2.146447e+00
      vertex   2.723720e+01 6.992893e+00 2.146447e+00
      vertex   2.735190e+01 6.878192e+00 2.038060e+00
    endloop
  endfacet
  facet normal 4.681398e-01 -3.128010e-01 8.264385e-01
    outer loop
      vertex   2.735190e+01 6.878192e+00 2.038060e+00
      vertex   2.752720e+01 7.140540e+00 2.038060e+00
      vertex   2.737734e+01 7.202616e+00 2.146447e+00
    endloop
  endfacet
  facet normal 5.522086e-01 -1.098411e-01 8.264385e-01
    outer loop
      vertex   2.742654e+01 7.450000e+00 2.146447e+00
      vertex   2.737734e+01 7.202616e+00 2.146447e+00
      vertex   2.752720e+01 7.140540e+00 2.038060e+00
    endloop
  endfacet
  facet normal 5.522086e-01 -1.098411e-01 8.264385e-01
    outer loop
      vertex   2.752720e+01 7.140540e+00 2.038060e+00
      vertex   2.758875e+01 7.450000e+00 2.038060e+00
      vertex   2.742654e+01 7.450000e+00 2.146447e+00
    endloop
  endfacet
  facet normal 3.877669e-02 -1.949436e-01 9.800476e-01
    outer loop
      vertex   2.708956e+01 6.702897e+00 2.038060e+00
      vertex   2.678010e+01 6.641342e+00 2.038060e+00
      vertex   2.678010e+01 6.450000e+00 2.000000e+00
    endloop
  endfacet
  facet normal 3.877669e-02 -1.949436e-01 9.800476e-01
    outer loop
      vertex   2.678010e+01 6.450000e+00 2.000000e+00
      vertex   2.716278e+01 6.526120e+00 2.000000e+00
      vertex   2.708956e+01 6.702897e+00 2.038060e+00
    endloop
  endfacet
  facet normal 1.104267e-01 -1.652652e-01 9.800476e-01
    outer loop
      vertex   2.735190e+01 6.878192e+00 2.038060e+00
      vertex   2.708956e+01 6.702897e+00 2.038060e+00
      vertex   2.716278e+01 6.526120e+00 2.000000e+00
    endloop
  endfacet
  facet normal 1.104267e-01 -1.652652e-01 9.800476e-01
    outer loop
      vertex   2.716278e+01 6.526120e+00 2.000000e+00
      vertex   2.748720e+01 6.742893e+00 2.000000e+00
      vertex   2.735190e+01 6.878192e+00 2.038060e+00
    endloop
  endfacet
  facet normal 1.652652e-01 -1.104267e-01 9.800476e-01
    outer loop
      vertex   2.752720e+01 7.140540e+00 2.038060e+00
      vertex   2.735190e+01 6.878192e+00 2.038060e+00
      vertex   2.748720e+01 6.742893e+00 2.000000e+00
    endloop
  endfacet
  facet normal 1.652652e-01 -1.104267e-01 9.800476e-01
    outer loop
      vertex   2.748720e+01 6.742893e+00 2.000000e+00
      vertex   2.770398e+01 7.067317e+00 2.000000e+00
      vertex   2.752720e+01 7.140540e+00 2.038060e+00
    endloop
  endfacet
  facet normal 1.949436e-01 -3.877669e-02 9.800476e-01
    outer loop
      vertex   2.758875e+01 7.450000e+00 2.038060e+00
      vertex   2.752720e+01 7.140540e+00 2.038060e+00
      vertex   2.770398e+01 7.067317e+00 2.000000e+00
    endloop
  endfacet
  facet normal 1.949436e-01 -3.877669e-02 9.800476e-01
    outer loop
      vertex   2.770398e+01 7.067317e+00 2.000000e+00
      vertex   2.778010e+01 7.450000e+00 2.000000e+00
      vertex   2.758875e+01 7.450000e+00 2.038060e+00
    endloop
  endfacet
  facet normal 0.000000e+00 1.950903e-01 9.807853e-01
    outer loop
      vertex   2.678010e+01 1.025866e+01 2.038060e+00
      vertex   2.678010e+01 1.045000e+01 2.000000e+00
      vertex   2.478010e+01 1.045000e+01 2.000000e+00
    endloop
  endfacet
  facet normal -2.997886e-16 1.950903e-01 9.807853e-01
    outer loop
      vertex   2.478010e+01 1.045000e+01 2.000000e+00
      vertex   2.478010e+01 1.025866e+01 2.038060e+00
      vertex   2.678010e+01 1.025866e+01 2.038060e+00
    endloop
  endfacet
  facet normal 4.183097e-16 5.555702e-01 8.314696e-01
    outer loop
      vertex   2.678010e+01 1.009645e+01 2.146447e+00
      vertex   2.678010e+01 1.025866e+01 2.038060e+00
      vertex   2.478010e+01 1.025866e+01 2.038060e+00
    endloop
  endfacet
  facet normal 1.185211e-16 5.555702e-01 8.314696e-01
    outer loop
      vertex   2.478010e+01 1.025866e+01 2.038060e+00
      vertex   2.478010e+01 1.009645e+01 2.146447e+00
      vertex   2.678010e+01 1.009645e+01 2.146447e+00
    endloop
  endfacet
  facet normal 4.810561e-16 8.314696e-01 5.555702e-01
    outer loop
      vertex   2.678010e+01 9.988060e+00 2.308658e+00
      vertex   2.678010e+01 1.009645e+01 2.146447e+00
      vertex   2.478010e+01 1.009645e+01 2.146447e+00
    endloop
  endfacet
  facet normal -1.254929e-16 8.314696e-01 5.555702e-01
    outer loop
      vertex   2.478010e+01 1.009645e+01 2.146447e+00
      vertex   2.478010e+01 9.988060e+00 2.308658e+00
      vertex   2.678010e+01 9.988060e+00 2.308658e+00
    endloop
  endfacet
  facet normal -4.183097e-17 9.807853e-01 1.950903e-01
    outer loop
      vertex   2.678010e+01 9.950000e+00 2.500000e+00
      vertex   2.678010e+01 9.988060e+00 2.308658e+00
      vertex   2.478010e+01 9.988060e+00 2.308658e+00
    endloop
  endfacet
  facet normal 0.000000e+00 9.807853e-01 1.950903e-01
    outer loop
      vertex   2.478010e+01 9.988060e+00 2.308658e+00
      vertex   2.478010e+01 9.950000e+00 2.500000e+00
      vertex   2.678010e+01 9.950000e+00 2.500000e+00
    endloop
  endfacet
  facet normal 1.950903e-01 0.000000e+00 9.807853e-01
    outer loop
      vertex   2.758875e+01 7.450000e+00 2.038060e+00
      vertex   2.778010e+01 7.450000e+00 2.000000e+00
      vertex   2.778010e+01 9.450000e+00 2.000000e+00
    endloop
  endfacet
  facet normal 1.950903e-01 -8.714785e-17 9.807853e-01
    outer loop
      vertex   2.778010e+01 9.450000e+00 2.000000e+00
      vertex   2.758875e+01 9.450000e+00 2.038060e+00
      vertex   2.758875e+01 7.450000e+00 2.038060e+00
    endloop
  endfacet
  facet normal 5.555702e-01 6.065490e-16 8.314696e-01
    outer loop
      vertex   2.742654e+01 7.450000e+00 2.146447e+00
      vertex   2.758875e+01 7.450000e+00 2.038060e+00
      vertex   2.758875e+01 9.450000e+00 2.038060e+00
    endloop
  endfacet
  facet normal 5.555702e-01 -3.555632e-16 8.314696e-01
    outer loop
      vertex   2.758875e+01 9.450000e+00 2.038060e+00
      vertex   2.742654e+01 9.450000e+00 2.146447e+00
      vertex   2.742654e+01 7.450000e+00 2.146447e+00
    endloop
  endfacet
  facet normal 8.314696e-01 -2.440140e-16 5.555702e-01
    outer loop
      vertex   2.731816e+01 7.450000e+00 2.308658e+00
      vertex   2.742654e+01 7.450000e+00 2.146447e+00
      vertex   2.742654e+01 9.450000e+00 2.146447e+00
    endloop
  endfacet
  facet normal 8.314696e-01 -6.971828e-18 5.555702e-01
    outer loop
      vertex   2.742654e+01 9.450000e+00 2.146447e+00
      vertex   2.731816e+01 9.450000e+00 2.308658e+00
      vertex   2.731816e+01 7.450000e+00 2.308658e+00
    endloop
  endfacet
  facet normal 9.807853e-01 -3.485914e-18 1.950903e-01
    outer loop
      vertex   2.728010e+01 7.450000e+00 2.500000e+00
      vertex   2.731816e+01 7.450000e+00 2.308658e+00
      vertex   2.731816e+01 9.450000e+00 2.308658e+00
    endloop
  endfacet
  facet normal 9.807853e-01 -3.485914e-18 1.950903e-01
    outer loop
      vertex   2.731816e+01 9.450000e+00 2.308658e+00
      vertex   2.728010e+01 9.450000e+00 2.500000e+00
      vertex   2.728010e+01 7.450000e+00 2.500000e+00
    endloop
  endfacet
  facet normal 9.626372e-01 1.914805e-01 1.914805e-01
    outer loop
      vertex   2.724204e+01 9.641342e+00 2.500000e+00
      vertex   2.728010e+01 9.450000e+00 2.500000e+00
      vertex   2.731816e+01 9.450000e+00 2.308658e+00
    endloop
  endfacet
  facet normal 9.626372e-01 1.914805e-01 1.914805e-01
    outer loop
      vertex   2.731816e+01 9.450000e+00 2.308658e+00
      vertex   2.727720e+01 9.655907e+00 2.308658e+00
      vertex   2.724204e+01 9.641342e+00 2.500000e+00
    endloop
  endfacet
  facet normal 8.160845e-01 5.452902e-01 1.914805e-01
    outer loop
      vertex   2.713365e+01 9.803553e+00 2.500000e+00
      vertex   2.724204e+01 9.641342e+00 2.500000e+00
      vertex   2.727720e+01 9.655907e+00 2.308658e+00
    endloop
  endfacet
  facet normal 8.160845e-01 5.452902e-01 1.914805e-01
    outer loop
      vertex   2.727720e+01 9.655907e+00 2.308658e+00
      vertex   2.716056e+01 9.830466e+00 2.308658e+00
      vertex   2.713365e+01 9.803553e+00 2.500000e+00
    endloop
  endfacet
  facet normal 5.452902e-01 8.160845e-01 1.914805e-01
    outer loop
      vertex   2.697144e+01 9.911940e+00 2.500000e+00
      vertex   2.713365e+01 9.803553e+00 2.500000e+00
      vertex   2.716056e+01 9.830466e+00 2.308658e+00
    endloop
  endfacet
  facet normal 5.452902e-01 8.160845e-01 1.914805e-01
    outer loop
      vertex   2.716056e+01 9.830466e+00 2.308658e+00
      vertex   2.698600e+01 9.947103e+00 2.308658e+00
      vertex   2.697144e+01 9.911940e+00 2.500000e+00
    endloop
  endfacet
  facet normal 1.914805e-01 9.626372e-01 1.914805e-01
    outer loop
      vertex   2.678010e+01 9.950000e+00 2.500000e+00
      vertex   2.697144e+01 9.911940e+00 2.500000e+00
      vertex   2.698600e+01 9.947103e+00 2.308658e+00
    endloop
  endfacet
  facet normal 1.914805e-01 9.626372e-01 1.914805e-01
    outer loop
      vertex   2.698600e+01 9.947103e+00 2.308658e+00
      vertex   2.678010e+01 9.988060e+00 2.308658e+00
      vertex   2.678010e+01 9.950000e+00 2.500000e+00
    endloop
  endfacet
  facet normal 8.203258e-01 1.631730e-01 5.481242e-01
    outer loop
      vertex   2.727720e+01 9.655907e+00 2.308658e+00
      vertex   2.731816e+01 9.450000e+00 2.308658e+00
      vertex   2.742654e+01 9.450000e+00 2.146447e+00
    endloop
  endfacet
  facet normal 8.203258e-01 1.631730e-01 5.481242e-01
    outer loop
      vertex   2.742654e+01 9.450000e+00 2.146447e+00
      vertex   2.737734e+01 9.697384e+00 2.146447e+00
      vertex   2.727720e+01 9.655907e+00 2.308658e+00
    endloop
  endfacet
  facet normal 6.954387e-01 4.646773e-01 5.481242e-01
    outer loop
      vertex   2.716056e+01 9.830466e+00 2.308658e+00
      vertex   2.727720e+01 9.655907e+00 2.308658e+00
      vertex   2.737734e+01 9.697384e+00 2.146447e+00
    endloop
  endfacet
  facet normal 6.954387e-01 4.646773e-01 5.481242e-01
    outer loop
      vertex   2.737734e+01 9.697384e+00 2.146447e+00
      vertex   2.723720e+01 9.907107e+00 2.146447e+00
      vertex   2.716056e+01 9.830466e+00 2.308658e+00
    endloop
  endfacet
  facet normal 4.646773e-01 6.954387e-01 5.481242e-01
    outer loop
      vertex   2.698600e+01 9.947103e+00 2.308658e+00
      vertex   2.716056e+01 9.830466e+00 2.308658e+00
      vertex   2.723720e+01 9.907107e+00 2.146447e+00
    endloop
  endfacet
  facet normal 4.646773e-01 6.954387e-01 5.481242e-01
    outer loop
      vertex   2.723720e+01 9.907107e+00 2.146447e+00
      vertex   2.702748e+01 1.004724e+01 2.146447e+00
      vertex   2.698600e+01 9.947103e+00 2.308658e+00
    endloop
  endfacet
  facet normal 1.631730e-01 8.203258e-01 5.481242e-01
    outer loop
      vertex   2.678010e+01 9.988060e+00 2.308658e+00
      vertex   2.698600e+01 9.947103e+00 2.308658e+00
      vertex   2.702748e+01 1.004724e+01 2.146447e+00
    endloop
  endfacet
  facet normal 1.631730e-01 8.203258e-01 5.481242e-01
    outer loop
      vertex   2.702748e+01 1.004724e+01 2.146447e+00
      vertex   2.678010e+01 1.009645e+01 2.146447e+00
      vertex   2.678010e+01 9.988060e+00 2.308658e+00
    endloop
  endfacet
  facet normal 5.522086e-01 1.098411e-01 8.264385e-01
    outer loop
      vertex   2.737734e+01 9.697384e+00 2.146447e+00
      vertex   2.742654e+01 9.450000e+00 2.146447e+00
      vertex   2.758875e+01 9.450000e+00 2.038060e+00
    endloop
  endfacet
  facet normal 5.522086e-01 1.098411e-01 8.264385e-01
    outer loop
      vertex   2.758875e+01 9.450000e+00 2.038060e+00
      vertex   2.752720e+01 9.759460e+00 2.038060e+00
      vertex   2.737734e+01 9.697384e+00 2.146447e+00
    endloop
  endfacet
  facet normal 4.681398e-01 3.128010e-01 8.264385e-01
    outer loop
      vertex   2.723720e+01 9.907107e+00 2.146447e+00
      vertex   2.737734e+01 9.697384e+00 2.146447e+00
      vertex   2.752720e+01 9.759460e+00 2.038060e+00
    endloop
  endfacet
  facet normal 4.681398e-01 3.128010e-01 8.264385e-01
    outer loop
      vertex   2.752720e+01 9.759460e+00 2.038060e+00
      vertex   2.735190e+01 1.002181e+01 2.038060e+00
      vertex   2.723720e+01 9.907107e+00 2.146447e+00
    endloop
  endfacet
  facet normal 3.128010e-01 4.681398e-01 8.264385e-01
    outer loop
      vertex   2.702748e+01 1.004724e+01 2.146447e+00
      vertex   2.723720e+01 9.907107e+00 2.146447e+00
      vertex   2.735190e+01 1.002181e+01 2.038060e+00
    endloop
  endfacet
  facet normal 3.128010e-01 4.681398e-01 8.264385e-01
    outer loop
      vertex   2.735190e+01 1.002181e+01 2.038060e+00
      vertex   2.708956e+01 1.019710e+01 2.038060e+00
      vertex   2.702748e+01 1.004724e+01 2.146447e+00
    endloop
  endfacet
  facet normal 1.098411e-01 5.522086e-01 8.264385e-01
    outer loop
      vertex   2.678010e+01 1.009645e+01 2.146447e+00
      vertex   2.702748e+01 1.004724e+01 2.146447e+00
      vertex   2.708956e+01 1.019710e+01 2.038060e+00
    endloop
  endfacet
  facet normal 1.098411e-01 5.522086e-01 8.264385e-01
    outer loop
      vertex   2.708956e+01 1.019710e+01 2.038060e+00
      vertex   2.678010e+01 1.025866e+01 2.038060e+00
      vertex   2.678010e+01 1.009645e+01 2.146447e+00
    endloop
  endfacet
  facet normal 1.949436e-01 3.877669e-02 9.800476e-01
    outer loop
      vertex   2.752720e+01 9.759460e+00 2.038060e+00
      vertex   2.758875e+01 9.450000e+00 2.038060e+00
      vertex   2.778010e+01 9.450000e+00 2.000000e+00
    endloop
  endfacet
  facet normal 1.949436e-01 3.877669e-02 9.800476e-01
    outer loop
      vertex   2.778010e+01 9.450000e+00 2.000000e+00
      vertex   2.770398e+01 9.832683e+00 2.000000e+00
      vertex   2.752720e+01 9.759460e+00 2.038060e+00
    endloop
  endfacet
  facet normal 1.652652e-01 1.104267e-01 9.800476e-01
    outer loop
      vertex   2.735190e+01 1.002181e+01 2.038060e+00
      vertex   2.752720e+01 9.759460e+00 2.038060e+00
      vertex   2.770398e+01 9.832683e+00 2.000000e+00
    endloop
  endfacet
  facet normal 1.652652e-01 1.104267e-01 9.800476e-01
    outer loop
      vertex   2.770398e+01 9.832683e+00 2.000000e+00
      vertex   2.748720e+01 1.015711e+01 2.000000e+00
      vertex   2.735190e+01 1.002181e+01 2.038060e+00
    endloop
  endfacet
  facet normal 1.104267e-01 1.652652e-01 9.800476e-01
    outer loop
      vertex   2.708956e+01 1.019710e+01 2.038060e+00
      vertex   2.735190e+01 1.002181e+01 2.038060e+00
      vertex   2.748720e+01 1.015711e+01 2.000000e+00
    endloop
  endfacet
  facet normal 1.104267e-01 1.652652e-01 9.800476e-01
    outer loop
      vertex   2.748720e+01 1.015711e+01 2.000000e+00
      vertex   2.716278e+01 1.037388e+01 2.000000e+00
      vertex   2.708956e+01 1.019710e+01 2.038060e+00
    endloop
  endfacet
  facet normal 3.877669e-02 1.949436e-01 9.800476e-01
    outer loop
      vertex   2.678010e+01 1.025866e+01 2.038060e+00
      vertex   2.708956e+01 1.019710e+01 2.038060e+00
      vertex   2.716278e+01 1.037388e+01 2.000000e+00
    endloop
  endfacet
  facet normal 3.877669e-02 1.949436e-01 9.800476e-01
    outer loop
      vertex   2.716278e+01 1.037388e+01 2.000000e+00
      vertex   2.678010e+01 1.045000e+01 2.000000e+00
      vertex   2.678010e+01 1.025866e+01 2.038060e+00
    endloop
  endfacet
  facet normal 9.807853e-01 1.950903e-01 0.000000e+00
    outer loop
      vertex   2.728010e+01 9.450000e+00 7.000000e+00
      vertex   2.728010e+01 9.450000e+00 2.500000e+00
      vertex   2.724204e+01 9.641342e+00 2.500000e+00
    endloop
  endfacet
  facet normal 9.807853e-01 1.950903e-01 -0.000000e+00
    outer loop
      vertex   2.724204e+01 9.641342e+00 2.500000e+00
      vertex   2.724204e+01 9.641342e+00 7.000000e+00
      vertex   2.728010e+01 9.450000e+00 7.000000e+00
    endloop
  endfacet
  facet normal 8.314696e-01 5.555702e-01 0.000000e+00
    outer loop
      vertex   2.724204e+01 9.641342e+00 7.000000e+00
      vertex   2.724204e+01 9.641342e+00 2.500000e+00
      vertex   2.713365e+01 9.803553e+00 2.500000e+00
    endloop
  endfacet
  facet normal 8.314696e-01 5.555702e-01 -0.000000e+00
    outer loop
      vertex   2.713365e+01 9.803553e+00 2.500000e+00
      vertex   2.713365e+01 9.803553e+00 7.000000e+00
      vertex   2.724204e+01 9.641342e+00 7.000000e+00
    endloop
  endfacet
  facet normal 5.555702e-01 8.314696e-01 0.000000e+00
    outer loop
      vertex   2.713365e+01 9.803553e+00 7.000000e+00
      vertex   2.713365e+01 9.803553e+00 2.500000e+00
      vertex   2.697144e+01 9.911940e+00 2.500000e+00
    endloop
  endfacet
  facet normal 5.555702e-01 8.314696e-01 -0.000000e+00
    outer loop
      vertex   2.697144e+01 9.911940e+00 2.500000e+00
      vertex   2.697144e+01 9.911940e+00 7.000000e+00
      vertex   2.713365e+01 9.803553e+00 7.000000e+00
    endloop
  endfacet
  facet normal 1.950903e-01 9.807853e-01 0.000000e+00
    outer loop
      vertex   2.697144e+01 9.911940e+00 7.000000e+00
      vertex   2.697144e+01 9.911940e+00 2.500000e+00
      vertex   2.678010e+01 9.950000e+00 2.500000e+00
    endloop
  endfacet
  facet normal 1.950903e-01 9.807853e-01 -0.000000e+00
    outer loop
      vertex   2.678010e+01 9.950000e+00 2.500000e+00
      vertex   2.678010e+01 9.950000e+00 7.000000e+00
      vertex   2.697144e+01 9.911940e+00 7.000000e+00
    endloop
  endfacet
  facet normal 1.162705e-17 1.135575e-15 1.000000e+00
    outer loop
      vertex   6.615622e+01 7.067317e+00 2.000000e+00
      vertex   6.608010e+01 7.450000e+00 2.000000e+00
      vertex   5.875510e+01 7.525000e+00 2.000000e+00
    endloop
  endfacet
  facet normal 7.422725e-11 1.476585e-11 1.000000e+00
    outer loop
      vertex   2.385622e+01 7.067317e+00 2.000000e+00
      vertex   2.378010e+01 7.450000e+00 2.000000e+00
      vertex   1.443010e+01 3.600000e+00 2.000000e+00
    endloop
  endfacet
  facet normal -1.589624e-17 1.062152e-17 1.000000e+00
    outer loop
      vertex   1.430096e+00 1.710000e+01 2.000000e+00
      vertex   2.385622e+01 9.832683e+00 2.000000e+00
      vertex   2.407299e+01 1.015711e+01 2.000000e+00
    endloop
  endfacet
  facet normal 0.000000e+00 6.246400e-17 1.000000e+00
    outer loop
      vertex   2.460510e+01 1.710000e+01 2.000000e+00
      vertex   1.430096e+00 1.710000e+01 2.000000e+00
      vertex   2.407299e+01 1.015711e+01 2.000000e+00
    endloop
  endfacet
  facet normal -4.398981e-17 6.583540e-17 1.000000e+00
    outer loop
      vertex   2.407299e+01 1.015711e+01 2.000000e+00
      vertex   2.439741e+01 1.037388e+01 2.000000e+00
      vertex   2.460510e+01 1.710000e+01 2.000000e+00
    endloop
  endfacet
  facet normal 1.127362e-15 2.966741e-17 1.000000e+00
    outer loop
      vertex   2.439741e+01 1.037388e+01 2.000000e+00
      vertex   2.478010e+01 1.045000e+01 2.000000e+00
      vertex   2.460510e+01 1.710000e+01 2.000000e+00
    endloop
  endfacet
  facet normal 1.072676e-10 1.513095e-10 1.000000e+00
    outer loop
      vertex   1.430096e+00 7.525000e+00 2.000000e+00
      vertex   1.430096e+00 -2.400000e+00 2.000000e+00
      vertex   8.430096e+00 -2.400000e+00 2.000000e+00
    endloop
  endfacet
  facet normal -1.072676e-10 0.000000e+00 1.000000e+00
    outer loop
      vertex   8.430096e+00 -2.400000e+00 2.000000e+00
      vertex   8.430096e+00 3.600000e+00 2.000000e+00
      vertex   1.430096e+00 7.525000e+00 2.000000e+00
    endloop
  endfacet
  facet normal -3.631692e-16 -1.061024e-15 1.000000e+00
    outer loop
      vertex   2.378010e+01 9.450000e+00 2.000000e+00
      vertex   2.385622e+01 9.832683e+00 2.000000e+00
      vertex   1.430096e+00 1.710000e+01 2.000000e+00
    endloop
  endfacet
  facet normal 0.000000e+00 0.000000e+00 1.000000e+00
    outer loop
      vertex   1.430096e+00 1.710000e+01 2.000000e+00
      vertex   1.430096e+00 7.525000e+00 2.000000e+00
      vertex   2.378010e+01 9.450000e+00 2.000000e+00
    endloop
  endfacet
  facet normal -0.000000e+00 0.000000e+00 1.000000e+00
    outer loop
      vertex   1.430096e+00 7.525000e+00 2.000000e+00
      vertex   2.378010e+01 7.450000e+00 2.000000e+00
      vertex   2.378010e+01 9.450000e+00 2.000000e+00
    endloop
  endfacet
  facet normal 6.458292e-13 1.924571e-10 1.000000e+00
    outer loop
      vertex   2.378010e+01 7.450000e+00 2.000000e+00
      vertex   1.430096e+00 7.525000e+00 2.000000e+00
      vertex   8.430096e+00 3.600000e+00 2.000000e+00
    endloop
  endfacet
  facet normal -0.000000e+00 1.950320e-10 1.000000e+00
    outer loop
      vertex   8.430096e+00 3.600000e+00 2.000000e+00
      vertex   1.443010e+01 3.600000e+00 2.000000e+00
      vertex   2.378010e+01 7.450000e+00 2.000000e+00
    endloop
  endfacet
  facet normal 6.394267e-11 4.272513e-11 1.000000e+00
    outer loop
      vertex   2.407299e+01 6.742893e+00 2.000000e+00
      vertex   2.385622e+01 7.067317e+00 2.000000e+00
      vertex   1.443010e+01 3.600000e+00 2.000000e+00
    endloop
  endfacet
  facet normal 7.786801e-11 0.000000e+00 1.000000e+00
    outer loop
      vertex   1.443010e+01 3.600000e+00 2.000000e+00
      vertex   1.443010e+01 -2.400000e+00 2.000000e+00
      vertex   2.407299e+01 6.742893e+00 2.000000e+00
    endloop
  endfacet
  facet normal 3.219011e-11 4.817590e-11 1.000000e+00
    outer loop
      vertex   2.439741e+01 6.526120e+00 2.000000e+00
      vertex   2.407299e+01 6.742893e+00 2.000000e+00
      vertex   1.443010e+01 -2.400000e+00 2.000000e+00
    endloop
  endfacet
  facet normal 7.379590e-11 1.716956e-12 1.000000e+00
    outer loop
      vertex   1.443010e+01 -2.400000e+00 2.000000e+00
      vertex   2.460510e+01 -2.400000e+00 2.000000e+00
      vertex   2.439741e+01 6.526120e+00 2.000000e+00
    endloop
  endfacet
  facet normal 1.128823e-15 -2.232135e-17 1.000000e+00
    outer loop
      vertex   2.460510e+01 -2.400000e+00 2.000000e+00
      vertex   2.478010e+01 6.450000e+00 2.000000e+00
      vertex   2.439741e+01 6.526120e+00 2.000000e+00
    endloop
  endfacet
  facet normal -1.162705e-17 1.135575e-15 1.000000e+00
    outer loop
      vertex   3.510510e+01 7.525000e+00 2.000000e+00
      vertex   2.778010e+01 7.450000e+00 2.000000e+00
      vertex   2.770398e+01 7.067317e+00 2.000000e+00
    endloop
  endfacet
  facet normal 3.159332e-17 -2.110998e-17 1.000000e+00
    outer loop
      vertex   2.770398e+01 7.067317e+00 2.000000e+00
      vertex   2.748720e+01 6.742893e+00 2.000000e+00
      vertex   3.510510e+01 -2.400000e+00 2.000000e+00
    endloop
  endfacet
  facet normal 2.035946e-17 -3.047008e-17 1.000000e+00
    outer loop
      vertex   2.748720e+01 6.742893e+00 2.000000e+00
      vertex   2.716278e+01 6.526120e+00 2.000000e+00
      vertex   3.510510e+01 -2.400000e+00 2.000000e+00
    endloop
  endfacet
  facet normal 0.000000e+00 -4.858559e-17 1.000000e+00
    outer loop
      vertex   2.460510e+01 -2.400000e+00 2.000000e+00
      vertex   3.510510e+01 -2.400000e+00 2.000000e+00
      vertex   2.716278e+01 6.526120e+00 2.000000e+00
    endloop
  endfacet
  facet normal -1.191510e-15 2.928287e-16 1.000000e+00
    outer loop
      vertex   2.716278e+01 6.526120e+00 2.000000e+00
      vertex   2.678010e+01 6.450000e+00 2.000000e+00
      vertex   2.460510e+01 -2.400000e+00 2.000000e+00
    endloop
  endfacet
  facet normal 0.000000e+00 0.000000e+00 1.000000e+00
    outer loop
      vertex   2.678010e+01 6.450000e+00 2.000000e+00
      vertex   2.478010e+01 6.450000e+00 2.000000e+00
      vertex   2.460510e+01 -2.400000e+00 2.000000e+00
    endloop
  endfacet
  facet normal 5.583829e-15 2.011114e-14 1.000000e+00
    outer loop
      vertex   2.778010e+01 7.450000e+00 2.000000e+00
      vertex   3.255495e+01 8.711975e+00 2.000000e+00
      vertex   3.078392e+01 9.203698e+00 2.000000e+00
    endloop
  endfacet
  facet normal -4.392521e-16 4.290029e-14 1.000000e+00
    outer loop
      vertex   3.255495e+01 8.711975e+00 2.000000e+00
      vertex   2.778010e+01 7.450000e+00 2.000000e+00
      vertex   3.510510e+01 7.525000e+00 2.000000e+00
    endloop
  endfacet
  facet normal 2.690563e-15 4.962451e-14 1.000000e+00
    outer loop
      vertex   3.510510e+01 7.525000e+00 2.000000e+00
      vertex   3.439028e+01 8.612466e+00 2.000000e+00
      vertex   3.255495e+01 8.711975e+00 2.000000e+00
    endloop
  endfacet
  facet normal 3.271736e-14 2.487109e-14 1.000000e+00
    outer loop
      vertex   2.775913e+01 1.125455e+01 2.000000e+00
      vertex   2.664681e+01 1.271779e+01 2.000000e+00
      vertex   2.678010e+01 1.045000e+01 2.000000e+00
    endloop
  endfacet
  facet normal 0.000000e+00 2.294818e-14 1.000000e+00
    outer loop
      vertex   2.664681e+01 1.271779e+01 2.000000e+00
      vertex   2.478010e+01 1.045000e+01 2.000000e+00
      vertex   2.678010e+01 1.045000e+01 2.000000e+00
    endloop
  endfacet
  facet normal 1.784752e-14 8.257143e-15 1.000000e+00
    outer loop
      vertex   2.478010e+01 1.045000e+01 2.000000e+00
      vertex   2.664681e+01 1.271779e+01 2.000000e+00
      vertex   2.587504e+01 1.438594e+01 2.000000e+00
    endloop
  endfacet
  facet normal 4.342145e-14 1.142670e-15 1.000000e+00
    outer loop
      vertex   2.460510e+01 1.710000e+01 2.000000e+00
      vertex   2.478010e+01 1.045000e+01 2.000000e+00
      vertex   2.587504e+01 1.438594e+01 2.000000e+00
    endloop
  endfacet
  facet normal 7.738111e-14 1.703287e-14 1.000000e+00
    outer loop
      vertex   2.587504e+01 1.438594e+01 2.000000e+00
      vertex   2.547992e+01 1.618099e+01 2.000000e+00
      vertex   2.460510e+01 1.710000e+01 2.000000e+00
    endloop
  endfacet
  facet normal 5.948797e-14 -0.000000e+00 1.000000e+00
    outer loop
      vertex   2.547992e+01 1.618099e+01 2.000000e+00
      vertex   2.547992e+01 1.801901e+01 2.000000e+00
      vertex   2.460510e+01 1.710000e+01 2.000000e+00
    endloop
  endfacet
  facet normal 9.446604e-15 5.318858e-14 1.000000e+00
    outer loop
      vertex   2.678010e+01 1.045000e+01 2.000000e+00
      vertex   2.716278e+01 1.037388e+01 2.000000e+00
      vertex   2.775913e+01 1.125455e+01 2.000000e+00
    endloop
  endfacet
  facet normal 2.741119e-14 4.102374e-14 1.000000e+00
    outer loop
      vertex   2.716278e+01 1.037388e+01 2.000000e+00
      vertex   2.748720e+01 1.015711e+01 2.000000e+00
      vertex   2.775913e+01 1.125455e+01 2.000000e+00
    endloop
  endfacet
  facet normal 3.355317e-14 3.950185e-14 1.000000e+00
    outer loop
      vertex   2.916001e+01 1.006464e+01 2.000000e+00
      vertex   2.775913e+01 1.125455e+01 2.000000e+00
      vertex   2.748720e+01 1.015711e+01 2.000000e+00
    endloop
  endfacet
  facet normal 3.257275e-14 2.176441e-14 1.000000e+00
    outer loop
      vertex   2.748720e+01 1.015711e+01 2.000000e+00
      vertex   2.770398e+01 9.832683e+00 2.000000e+00
      vertex   2.916001e+01 1.006464e+01 2.000000e+00
    endloop
  endfacet
  facet normal 2.771265e-14 5.227160e-14 1.000000e+00
    outer loop
      vertex   3.078392e+01 9.203698e+00 2.000000e+00
      vertex   2.916001e+01 1.006464e+01 2.000000e+00
      vertex   2.770398e+01 9.832683e+00 2.000000e+00
    endloop
  endfacet
  facet normal 1.751794e-14 2.351271e-15 1.000000e+00
    outer loop
      vertex   2.770398e+01 9.832683e+00 2.000000e+00
      vertex   2.778010e+01 9.450000e+00 2.000000e+00
      vertex   3.078392e+01 9.203698e+00 2.000000e+00
    endloop
  endfacet
  facet normal 1.732514e-14 0.000000e+00 1.000000e+00
    outer loop
      vertex   2.778010e+01 9.450000e+00 2.000000e+00
      vertex   2.778010e+01 7.450000e+00 2.000000e+00
      vertex   3.078392e+01 9.203698e+00 2.000000e+00
    endloop
  endfacet
  facet normal 1.191510e-15 -2.928287e-16 1.000000e+00
    outer loop
      vertex   6.669741e+01 2.767388e+01 2.000000e+00
      vertex   6.708010e+01 2.775000e+01 2.000000e+00
      vertex   6.925510e+01 3.660000e+01 2.000000e+00
    endloop
  endfacet
  facet normal 0.000000e+00 4.858559e-17 1.000000e+00
    outer loop
      vertex   6.925510e+01 3.660000e+01 2.000000e+00
      vertex   5.875510e+01 3.660000e+01 2.000000e+00
      vertex   6.669741e+01 2.767388e+01 2.000000e+00
    endloop
  endfacet
  facet normal -2.035946e-17 3.047008e-17 1.000000e+00
    outer loop
      vertex   6.637299e+01 2.745711e+01 2.000000e+00
      vertex   6.669741e+01 2.767388e+01 2.000000e+00
      vertex   5.875510e+01 3.660000e+01 2.000000e+00
    endloop
  endfacet
  facet normal 1.162705e-17 -1.135575e-15 1.000000e+00
    outer loop
      vertex   5.875510e+01 2.667500e+01 2.000000e+00
      vertex   6.608010e+01 2.675000e+01 2.000000e+00
      vertex   6.615622e+01 2.713268e+01 2.000000e+00
    endloop
  endfacet
  facet normal 4.825631e-16 -4.713033e-14 1.000000e+00
    outer loop
      vertex   6.608010e+01 2.675000e+01 2.000000e+00
      vertex   5.875510e+01 2.667500e+01 2.000000e+00
      vertex   6.039028e+01 2.558753e+01 2.000000e+00
    endloop
  endfacet
  facet normal -2.780985e-14 -4.101646e-14 1.000000e+00
    outer loop
      vertex   6.391157e+01 2.460985e+01 2.000000e+00
      vertex   6.543288e+01 2.357838e+01 2.000000e+00
      vertex   6.615622e+01 2.436732e+01 2.000000e+00
    endloop
  endfacet
  facet normal -4.071946e-15 -2.483777e-14 1.000000e+00
    outer loop
      vertex   6.039028e+01 2.558753e+01 2.000000e+00
      vertex   6.220409e+01 2.529017e+01 2.000000e+00
      vertex   6.608010e+01 2.675000e+01 2.000000e+00
    endloop
  endfacet
  facet normal -6.902180e-15 -1.732317e-14 1.000000e+00
    outer loop
      vertex   6.220409e+01 2.529017e+01 2.000000e+00
      vertex   6.391157e+01 2.460985e+01 2.000000e+00
      vertex   6.608010e+01 2.675000e+01 2.000000e+00
    endloop
  endfacet
  facet normal -2.399863e-14 0.000000e+00 1.000000e+00
    outer loop
      vertex   6.608010e+01 2.475000e+01 2.000000e+00
      vertex   6.608010e+01 2.675000e+01 2.000000e+00
      vertex   6.391157e+01 2.460985e+01 2.000000e+00
    endloop
  endfacet
  facet normal -2.376635e-14 -3.594157e-15 1.000000e+00
    outer loop
      vertex   6.615622e+01 2.436732e+01 2.000000e+00
      vertex   6.608010e+01 2.475000e+01 2.000000e+00
      vertex   6.391157e+01 2.460985e+01 2.000000e+00
    endloop
  endfacet
  facet normal 0.000000e+00 -3.455580e-14 1.000000e+00
    outer loop
      vertex   6.908010e+01 2.375000e+01 2.000000e+00
      vertex   6.708010e+01 2.375000e+01 2.000000e+00
      vertex   6.669689e+01 2.224398e+01 2.000000e+00
    endloop
  endfacet
  facet normal -5.463773e-15 -3.316554e-14 1.000000e+00
    outer loop
      vertex   6.708010e+01 2.375000e+01 2.000000e+00
      vertex   6.669741e+01 2.382612e+01 2.000000e+00
      vertex   6.669689e+01 2.224398e+01 2.000000e+00
    endloop
  endfacet
  facet normal -3.500208e-14 -3.315573e-14 1.000000e+00
    outer loop
      vertex   6.543288e+01 2.357838e+01 2.000000e+00
      vertex   6.669689e+01 2.224398e+01 2.000000e+00
      vertex   6.669741e+01 2.382612e+01 2.000000e+00
    endloop
  endfacet
  facet normal -3.208902e-14 -4.802461e-14 1.000000e+00
    outer loop
      vertex   6.669741e+01 2.382612e+01 2.000000e+00
      vertex   6.637299e+01 2.404289e+01 2.000000e+00
      vertex   6.543288e+01 2.357838e+01 2.000000e+00
    endloop
  endfacet
  facet normal -4.196388e-14 -2.803937e-14 1.000000e+00
    outer loop
      vertex   6.637299e+01 2.404289e+01 2.000000e+00
      vertex   6.615622e+01 2.436732e+01 2.000000e+00
      vertex   6.543288e+01 2.357838e+01 2.000000e+00
    endloop
  endfacet
  facet normal 1.533417e-17 -1.024597e-17 1.000000e+00
    outer loop
      vertex   9.343010e+01 1.710000e+01 2.000000e+00
      vertex   7.000398e+01 2.436732e+01 2.000000e+00
      vertex   6.978720e+01 2.404289e+01 2.000000e+00
    endloop
  endfacet
  facet normal 0.000000e+00 -6.246400e-17 1.000000e+00
    outer loop
      vertex   6.925510e+01 1.710000e+01 2.000000e+00
      vertex   9.343010e+01 1.710000e+01 2.000000e+00
      vertex   6.978720e+01 2.404289e+01 2.000000e+00
    endloop
  endfacet
  facet normal 4.398981e-17 -6.583540e-17 1.000000e+00
    outer loop
      vertex   6.978720e+01 2.404289e+01 2.000000e+00
      vertex   6.946278e+01 2.382612e+01 2.000000e+00
      vertex   6.925510e+01 1.710000e+01 2.000000e+00
    endloop
  endfacet
  facet normal -1.127362e-15 -2.966741e-17 1.000000e+00
    outer loop
      vertex   6.946278e+01 2.382612e+01 2.000000e+00
      vertex   6.908010e+01 2.375000e+01 2.000000e+00
      vertex   6.925510e+01 1.710000e+01 2.000000e+00
    endloop
  endfacet
  facet normal -2.145352e-10 -1.513095e-10 1.000000e+00
    outer loop
      vertex   9.343010e+01 2.667500e+01 2.000000e+00
      vertex   9.343010e+01 3.660000e+01 2.000000e+00
      vertex   8.643010e+01 3.660000e+01 2.000000e+00
    endloop
  endfacet
  facet normal 0.000000e+00 0.000000e+00 1.000000e+00
    outer loop
      vertex   8.643010e+01 3.660000e+01 2.000000e+00
      vertex   8.643010e+01 3.060000e+01 2.000000e+00
      vertex   9.343010e+01 2.667500e+01 2.000000e+00
    endloop
  endfacet
  facet normal 3.485675e-16 1.063928e-15 1.000000e+00
    outer loop
      vertex   7.008010e+01 2.475000e+01 2.000000e+00
      vertex   7.000398e+01 2.436732e+01 2.000000e+00
      vertex   9.343010e+01 1.710000e+01 2.000000e+00
    endloop
  endfacet
  facet normal 0.000000e+00 -0.000000e+00 1.000000e+00
    outer loop
      vertex   9.343010e+01 1.710000e+01 2.000000e+00
      vertex   9.343010e+01 2.667500e+01 2.000000e+00
      vertex   7.008010e+01 2.475000e+01 2.000000e+00
    endloop
  endfacet
  facet normal 0.000000e+00 0.000000e+00 1.000000e+00
    outer loop
      vertex   9.343010e+01 2.667500e+01 2.000000e+00
      vertex   7.008010e+01 2.675000e+01 2.000000e+00
      vertex   7.008010e+01 2.475000e+01 2.000000e+00
    endloop
  endfacet
  facet normal -0.000000e+00 0.000000e+00 1.000000e+00
    outer loop
      vertex   7.008010e+01 2.675000e+01 2.000000e+00
      vertex   9.343010e+01 2.667500e+01 2.000000e+00
      vertex   8.643010e+01 3.060000e+01 2.000000e+00
    endloop
  endfacet
  facet normal 0.000000e+00 0.000000e+00 1.000000e+00
    outer loop
      vertex   8.643010e+01 3.060000e+01 2.000000e+00
      vertex   8.043010e+01 3.060000e+01 2.000000e+00
      vertex   7.008010e+01 2.675000e+01 2.000000e+00
    endloop
  endfacet
  facet normal 0.000000e+00 0.000000e+00 1.000000e+00
    outer loop
      vertex   6.708010e+01 2.775000e+01 2.000000e+00
      vertex   6.908010e+01 2.775000e+01 2.000000e+00
      vertex   6.925510e+01 3.660000e+01 2.000000e+00
    endloop
  endfacet
  facet normal -1.128823e-15 2.232135e-17 1.000000e+00
    outer loop
      vertex   6.925510e+01 3.660000e+01 2.000000e+00
      vertex   6.908010e+01 2.775000e+01 2.000000e+00
      vertex   6.946278e+01 2.767388e+01 2.000000e+00
    endloop
  endfacet
  facet normal 0.000000e+00 4.858559e-17 1.000000e+00
    outer loop
      vertex   8.043010e+01 3.660000e+01 2.000000e+00
      vertex   6.925510e+01 3.660000e+01 2.000000e+00
      vertex   6.946278e+01 2.767388e+01 2.000000e+00
    endloop
  endfacet
  facet normal 1.782773e-17 2.668108e-17 1.000000e+00
    outer loop
      vertex   6.946278e+01 2.767388e+01 2.000000e+00
      vertex   6.978720e+01 2.745711e+01 2.000000e+00
      vertex   8.043010e+01 3.660000e+01 2.000000e+00
    endloop
  endfacet
  facet normal 4.074840e-17 -0.000000e+00 1.000000e+00
    outer loop
      vertex   8.043010e+01 3.060000e+01 2.000000e+00
      vertex   8.043010e+01 3.660000e+01 2.000000e+00
      vertex   6.978720e+01 2.745711e+01 2.000000e+00
    endloop
  endfacet
  facet normal 3.403312e-17 2.274020e-17 1.000000e+00
    outer loop
      vertex   6.978720e+01 2.745711e+01 2.000000e+00
      vertex   7.000398e+01 2.713268e+01 2.000000e+00
      vertex   8.043010e+01 3.060000e+01 2.000000e+00
    endloop
  endfacet
  facet normal 3.925094e-16 -1.055188e-15 1.000000e+00
    outer loop
      vertex   7.000398e+01 2.713268e+01 2.000000e+00
      vertex   7.008010e+01 2.675000e+01 2.000000e+00
      vertex   8.043010e+01 3.060000e+01 2.000000e+00
    endloop
  endfacet
  facet normal 1.072676e-10 2.481062e-25 1.000000e+00
    outer loop
      vertex   8.643010e+01 3.600000e+00 2.000000e+00
      vertex   8.643010e+01 -2.400000e+00 2.000000e+00
      vertex   9.343010e+01 -2.400000e+00 2.000000e+00
    endloop
  endfacet
  facet normal 1.072676e-10 -0.000000e+00 1.000000e+00
    outer loop
      vertex   9.343010e+01 -2.400000e+00 2.000000e+00
      vertex   9.343010e+01 7.525000e+00 2.000000e+00
      vertex   8.643010e+01 3.600000e+00 2.000000e+00
    endloop
  endfacet
  facet normal -1.251456e-10 4.144948e-10 1.000000e+00
    outer loop
      vertex   8.043010e+01 3.600000e+00 2.000000e+00
      vertex   8.643010e+01 3.600000e+00 2.000000e+00
      vertex   9.343010e+01 7.525000e+00 2.000000e+00
    endloop
  endfacet
  facet normal 0.000000e+00 0.000000e+00 1.000000e+00
    outer loop
      vertex   8.430096e+00 3.060000e+01 2.000000e+00
      vertex   8.430096e+00 3.660000e+01 2.000000e+00
      vertex   1.430096e+00 3.660000e+01 2.000000e+00
    endloop
  endfacet
  facet normal 0.000000e+00 0.000000e+00 1.000000e+00
    outer loop
      vertex   1.430096e+00 3.660000e+01 2.000000e+00
      vertex   1.430096e+00 2.667500e+01 2.000000e+00
      vertex   8.430096e+00 3.060000e+01 2.000000e+00
    endloop
  endfacet
  facet normal 0.000000e+00 0.000000e+00 1.000000e+00
    outer loop
      vertex   1.443010e+01 3.060000e+01 2.000000e+00
      vertex   8.430096e+00 3.060000e+01 2.000000e+00
      vertex   1.430096e+00 2.667500e+01 2.000000e+00
    endloop
  endfacet
  facet normal -4.989381e-15 -4.726193e-15 1.000000e+00
    outer loop
      vertex   3.943288e+01 2.357838e+01 2.000000e+00
      vertex   4.069689e+01 2.224398e+01 2.000000e+00
      vertex   4.693010e+01 2.667500e+01 2.000000e+00
    endloop
  endfacet
  facet normal -5.847866e-15 -3.518544e-15 1.000000e+00
    outer loop
      vertex   4.693010e+01 2.667500e+01 2.000000e+00
      vertex   4.069689e+01 2.224398e+01 2.000000e+00
      vertex   4.164449e+01 2.066906e+01 2.000000e+00
    endloop
  endfacet
  facet normal 2.741119e-14 -4.102374e-14 1.000000e+00
    outer loop
      vertex   2.748720e+01 2.404289e+01 2.000000e+00
      vertex   2.716278e+01 2.382612e+01 2.000000e+00
      vertex   2.775913e+01 2.294545e+01 2.000000e+00
    endloop
  endfacet
  facet normal 1.784752e-14 -8.257143e-15 1.000000e+00
    outer loop
      vertex   2.587504e+01 1.981406e+01 2.000000e+00
      vertex   2.664681e+01 2.148221e+01 2.000000e+00
      vertex   2.478010e+01 2.375000e+01 2.000000e+00
    endloop
  endfacet
  facet normal 2.690563e-15 -4.962451e-14 1.000000e+00
    outer loop
      vertex   3.255495e+01 2.548803e+01 2.000000e+00
      vertex   3.439028e+01 2.558753e+01 2.000000e+00
      vertex   3.510510e+01 2.667500e+01 2.000000e+00
    endloop
  endfacet
  facet normal -7.082365e-15 -4.320052e-14 1.000000e+00
    outer loop
      vertex   3.510510e+01 2.667500e+01 2.000000e+00
      vertex   3.439028e+01 2.558753e+01 2.000000e+00
      vertex   3.620409e+01 2.529017e+01 2.000000e+00
    endloop
  endfacet
  facet normal 0.000000e+00 -3.757998e-14 1.000000e+00
    outer loop
      vertex   4.693010e+01 2.667500e+01 2.000000e+00
      vertex   3.510510e+01 2.667500e+01 2.000000e+00
      vertex   3.620409e+01 2.529017e+01 2.000000e+00
    endloop
  endfacet
  facet normal -3.664481e-15 -9.197154e-15 1.000000e+00
    outer loop
      vertex   3.620409e+01 2.529017e+01 2.000000e+00
      vertex   3.791157e+01 2.460985e+01 2.000000e+00
      vertex   4.693010e+01 2.667500e+01 2.000000e+00
    endloop
  endfacet
  facet normal -4.313661e-15 -6.362174e-15 1.000000e+00
    outer loop
      vertex   4.693010e+01 2.667500e+01 2.000000e+00
      vertex   3.791157e+01 2.460985e+01 2.000000e+00
      vertex   3.943288e+01 2.357838e+01 2.000000e+00
    endloop
  endfacet
  facet normal 2.653411e-14 -5.840599e-15 1.000000e+00
    outer loop
      vertex   2.547992e+01 1.801901e+01 2.000000e+00
      vertex   2.587504e+01 1.981406e+01 2.000000e+00
      vertex   2.478010e+01 2.375000e+01 2.000000e+00
    endloop
  endfacet
  facet normal 4.145543e-14 -3.151360e-14 1.000000e+00
    outer loop
      vertex   2.664681e+01 2.148221e+01 2.000000e+00
      vertex   2.775913e+01 2.294545e+01 2.000000e+00
      vertex   2.716278e+01 2.382612e+01 2.000000e+00
    endloop
  endfacet
  facet normal 3.472005e-15 -2.315224e-14 1.000000e+00
    outer loop
      vertex   2.716278e+01 2.382612e+01 2.000000e+00
      vertex   2.678010e+01 2.375000e+01 2.000000e+00
      vertex   2.664681e+01 2.148221e+01 2.000000e+00
    endloop
  endfacet
  facet normal 0.000000e+00 -2.294818e-14 1.000000e+00
    outer loop
      vertex   2.678010e+01 2.375000e+01 2.000000e+00
      vertex   2.478010e+01 2.375000e+01 2.000000e+00
      vertex   2.664681e+01 2.148221e+01 2.000000e+00
    endloop
  endfacet
  facet normal 5.220274e-14 -3.488076e-14 1.000000e+00
    outer loop
      vertex   2.770398e+01 2.436732e+01 2.000000e+00
      vertex   2.748720e+01 2.404289e+01 2.000000e+00
      vertex   2.775913e+01 2.294545e+01 2.000000e+00
    endloop
  endfacet
  facet normal 3.034812e-14 -3.572857e-14 1.000000e+00
    outer loop
      vertex   2.775913e+01 2.294545e+01 2.000000e+00
      vertex   2.916001e+01 2.413536e+01 2.000000e+00
      vertex   2.770398e+01 2.436732e+01 2.000000e+00
    endloop
  endfacet
  facet normal 3.510804e-14 -5.850162e-15 1.000000e+00
    outer loop
      vertex   2.778010e+01 2.475000e+01 2.000000e+00
      vertex   2.770398e+01 2.436732e+01 2.000000e+00
      vertex   2.916001e+01 2.413536e+01 2.000000e+00
    endloop
  endfacet
  facet normal 2.049491e-14 -3.865750e-14 1.000000e+00
    outer loop
      vertex   2.916001e+01 2.413536e+01 2.000000e+00
      vertex   3.078392e+01 2.499630e+01 2.000000e+00
      vertex   2.778010e+01 2.475000e+01 2.000000e+00
    endloop
  endfacet
  facet normal 1.732514e-14 -5.506174e-30 1.000000e+00
    outer loop
      vertex   3.078392e+01 2.499630e+01 2.000000e+00
      vertex   2.778010e+01 2.675000e+01 2.000000e+00
      vertex   2.778010e+01 2.475000e+01 2.000000e+00
    endloop
  endfacet
  facet normal -4.989381e-15 4.726193e-15 1.000000e+00
    outer loop
      vertex   4.069689e+01 1.195602e+01 2.000000e+00
      vertex   3.943288e+01 1.062162e+01 2.000000e+00
      vertex   4.693010e+01 7.525000e+00 2.000000e+00
    endloop
  endfacet
  facet normal -4.313661e-15 6.362174e-15 1.000000e+00
    outer loop
      vertex   3.943288e+01 1.062162e+01 2.000000e+00
      vertex   3.791157e+01 9.590148e+00 2.000000e+00
      vertex   4.693010e+01 7.525000e+00 2.000000e+00
    endloop
  endfacet
  facet normal -0.000000e+00 2.519999e-14 1.000000e+00
    outer loop
      vertex   3.510510e+01 7.525000e+00 2.000000e+00
      vertex   4.693010e+01 7.525000e+00 2.000000e+00
      vertex   3.791157e+01 9.590148e+00 2.000000e+00
    endloop
  endfacet
  facet normal -2.189701e-14 5.495735e-14 1.000000e+00
    outer loop
      vertex   3.791157e+01 9.590148e+00 2.000000e+00
      vertex   3.620409e+01 8.909825e+00 2.000000e+00
      vertex   3.510510e+01 7.525000e+00 2.000000e+00
    endloop
  endfacet
  facet normal -7.082365e-15 4.320052e-14 1.000000e+00
    outer loop
      vertex   3.620409e+01 8.909825e+00 2.000000e+00
      vertex   3.439028e+01 8.612466e+00 2.000000e+00
      vertex   3.510510e+01 7.525000e+00 2.000000e+00
    endloop
  endfacet
  facet normal -1.156482e-14 -1.257750e-15 1.000000e+00
    outer loop
      vertex   4.223137e+01 1.892725e+01 2.000000e+00
      vertex   4.243010e+01 1.710000e+01 2.000000e+00
      vertex   4.693010e+01 1.710000e+01 2.000000e+00
    endloop
  endfacet
  facet normal -1.156482e-14 1.257750e-15 1.000000e+00
    outer loop
      vertex   4.693010e+01 1.710000e+01 2.000000e+00
      vertex   4.243010e+01 1.710000e+01 2.000000e+00
      vertex   4.223137e+01 1.527275e+01 2.000000e+00
    endloop
  endfacet
  facet normal -1.107571e-14 0.000000e+00 1.000000e+00
    outer loop
      vertex   4.693010e+01 7.525000e+00 2.000000e+00
      vertex   4.693010e+01 1.710000e+01 2.000000e+00
      vertex   4.223137e+01 1.527275e+01 2.000000e+00
    endloop
  endfacet
  facet normal -7.119982e-15 2.399001e-15 1.000000e+00
    outer loop
      vertex   4.223137e+01 1.527275e+01 2.000000e+00
      vertex   4.164449e+01 1.353094e+01 2.000000e+00
      vertex   4.693010e+01 7.525000e+00 2.000000e+00
    endloop
  endfacet
  facet normal -5.847866e-15 3.518544e-15 1.000000e+00
    outer loop
      vertex   4.693010e+01 7.525000e+00 2.000000e+00
      vertex   4.164449e+01 1.353094e+01 2.000000e+00
      vertex   4.069689e+01 1.195602e+01 2.000000e+00
    endloop
  endfacet
  facet normal 1.143817e-14 0.000000e+00 1.000000e+00
    outer loop
      vertex   4.693010e+01 2.667500e+01 2.000000e+00
      vertex   4.693010e+01 1.710000e+01 2.000000e+00
      vertex   5.147992e+01 1.801901e+01 2.000000e+00
    endloop
  endfacet
  facet normal -9.845924e-15 0.000000e+00 1.000000e+00
    outer loop
      vertex   4.693010e+01 1.710000e+01 2.000000e+00
      vertex   4.693010e+01 2.667500e+01 2.000000e+00
      vertex   4.164449e+01 2.066906e+01 2.000000e+00
    endloop
  endfacet
  facet normal -1.274578e-14 -4.294554e-15 1.000000e+00
    outer loop
      vertex   4.164449e+01 2.066906e+01 2.000000e+00
      vertex   4.223137e+01 1.892725e+01 2.000000e+00
      vertex   4.693010e+01 1.710000e+01 2.000000e+00
    endloop
  endfacet
  facet normal 8.062039e-15 -1.774589e-15 1.000000e+00
    outer loop
      vertex   5.147992e+01 1.801901e+01 2.000000e+00
      vertex   5.187504e+01 1.981406e+01 2.000000e+00
      vertex   4.693010e+01 2.667500e+01 2.000000e+00
    endloop
  endfacet
  facet normal 6.409744e-15 -2.965463e-15 1.000000e+00
    outer loop
      vertex   5.187504e+01 1.981406e+01 2.000000e+00
      vertex   5.264681e+01 2.148221e+01 2.000000e+00
      vertex   4.693010e+01 2.667500e+01 2.000000e+00
    endloop
  endfacet
  facet normal 5.385014e-15 -4.093581e-15 1.000000e+00
    outer loop
      vertex   4.693010e+01 2.667500e+01 2.000000e+00
      vertex   5.264681e+01 2.148221e+01 2.000000e+00
      vertex   5.375913e+01 2.294545e+01 2.000000e+00
    endloop
  endfacet
  facet normal 4.638377e-15 -5.460719e-15 1.000000e+00
    outer loop
      vertex   5.375913e+01 2.294545e+01 2.000000e+00
      vertex   5.516001e+01 2.413536e+01 2.000000e+00
      vertex   4.693010e+01 2.667500e+01 2.000000e+00
    endloop
  endfacet
  facet normal 3.997002e-15 -7.539145e-15 1.000000e+00
    outer loop
      vertex   4.693010e+01 2.667500e+01 2.000000e+00
      vertex   5.516001e+01 2.413536e+01 2.000000e+00
      vertex   5.678392e+01 2.499630e+01 2.000000e+00
    endloop
  endfacet
  facet normal 0.000000e+00 -3.100123e-14 1.000000e+00
    outer loop
      vertex   5.875510e+01 2.667500e+01 2.000000e+00
      vertex   4.693010e+01 2.667500e+01 2.000000e+00
      vertex   5.678392e+01 2.499630e+01 2.000000e+00
    endloop
  endfacet
  facet normal 1.277113e-14 -4.599745e-14 1.000000e+00
    outer loop
      vertex   5.678392e+01 2.499630e+01 2.000000e+00
      vertex   5.855495e+01 2.548803e+01 2.000000e+00
      vertex   5.875510e+01 2.667500e+01 2.000000e+00
    endloop
  endfacet
  facet normal 2.399085e-15 -4.424853e-14 1.000000e+00
    outer loop
      vertex   5.875510e+01 2.667500e+01 2.000000e+00
      vertex   5.855495e+01 2.548803e+01 2.000000e+00
      vertex   6.039028e+01 2.558753e+01 2.000000e+00
    endloop
  endfacet
  facet normal -0.000000e+00 4.384399e-14 1.000000e+00
    outer loop
      vertex   4.693010e+01 7.525000e+00 2.000000e+00
      vertex   5.875510e+01 7.525000e+00 2.000000e+00
      vertex   5.855495e+01 8.711975e+00 2.000000e+00
    endloop
  endfacet
  facet normal 3.273074e-15 1.178855e-14 1.000000e+00
    outer loop
      vertex   5.855495e+01 8.711975e+00 2.000000e+00
      vertex   5.678392e+01 9.203698e+00 2.000000e+00
      vertex   4.693010e+01 7.525000e+00 2.000000e+00
    endloop
  endfacet
  facet normal 3.997002e-15 7.539145e-15 1.000000e+00
    outer loop
      vertex   5.678392e+01 9.203698e+00 2.000000e+00
      vertex   5.516001e+01 1.006464e+01 2.000000e+00
      vertex   4.693010e+01 7.525000e+00 2.000000e+00
    endloop
  endfacet
  facet normal 4.638377e-15 5.460719e-15 1.000000e+00
    outer loop
      vertex   4.693010e+01 7.525000e+00 2.000000e+00
      vertex   5.516001e+01 1.006464e+01 2.000000e+00
      vertex   5.375913e+01 1.125455e+01 2.000000e+00
    endloop
  endfacet
  facet normal 5.385014e-15 4.093581e-15 1.000000e+00
    outer loop
      vertex   5.375913e+01 1.125455e+01 2.000000e+00
      vertex   5.264681e+01 1.271779e+01 2.000000e+00
      vertex   4.693010e+01 7.525000e+00 2.000000e+00
    endloop
  endfacet
  facet normal 6.409744e-15 2.965463e-15 1.000000e+00
    outer loop
      vertex   4.693010e+01 7.525000e+00 2.000000e+00
      vertex   5.264681e+01 1.271779e+01 2.000000e+00
      vertex   5.187504e+01 1.438594e+01 2.000000e+00
    endloop
  endfacet
  facet normal 1.052422e-14 0.000000e+00 1.000000e+00
    outer loop
      vertex   4.693010e+01 1.710000e+01 2.000000e+00
      vertex   4.693010e+01 7.525000e+00 2.000000e+00
      vertex   5.187504e+01 1.438594e+01 2.000000e+00
    endloop
  endfacet
  facet normal 1.197039e-14 2.634881e-15 1.000000e+00
    outer loop
      vertex   5.187504e+01 1.438594e+01 2.000000e+00
      vertex   5.147992e+01 1.618099e+01 2.000000e+00
      vertex   4.693010e+01 1.710000e+01 2.000000e+00
    endloop
  endfacet
  facet normal 1.143817e-14 -0.000000e+00 1.000000e+00
    outer loop
      vertex   5.147992e+01 1.618099e+01 2.000000e+00
      vertex   5.147992e+01 1.801901e+01 2.000000e+00
      vertex   4.693010e+01 1.710000e+01 2.000000e+00
    endloop
  endfacet
  facet normal -4.196388e-14 2.803937e-14 1.000000e+00
    outer loop
      vertex   6.543288e+01 1.062162e+01 2.000000e+00
      vertex   6.615622e+01 9.832683e+00 2.000000e+00
      vertex   6.637299e+01 1.015711e+01 2.000000e+00
    endloop
  endfacet
  facet normal -3.802227e-14 3.601660e-14 1.000000e+00
    outer loop
      vertex   6.669689e+01 1.195602e+01 2.000000e+00
      vertex   6.543288e+01 1.062162e+01 2.000000e+00
      vertex   6.637299e+01 1.015711e+01 2.000000e+00
    endloop
  endfacet
  facet normal -6.062873e-14 1.092654e-14 1.000000e+00
    outer loop
      vertex   6.608010e+01 9.450000e+00 2.000000e+00
      vertex   6.615622e+01 9.832683e+00 2.000000e+00
      vertex   6.543288e+01 1.062162e+01 2.000000e+00
    endloop
  endfacet
  facet normal -2.191017e-14 3.231508e-14 1.000000e+00
    outer loop
      vertex   6.543288e+01 1.062162e+01 2.000000e+00
      vertex   6.391157e+01 9.590148e+00 2.000000e+00
      vertex   6.608010e+01 9.450000e+00 2.000000e+00
    endloop
  endfacet
  facet normal -2.399863e-14 0.000000e+00 1.000000e+00
    outer loop
      vertex   6.391157e+01 9.590148e+00 2.000000e+00
      vertex   6.608010e+01 7.450000e+00 2.000000e+00
      vertex   6.608010e+01 9.450000e+00 2.000000e+00
    endloop
  endfacet
  facet normal -6.902180e-15 1.732317e-14 1.000000e+00
    outer loop
      vertex   6.608010e+01 7.450000e+00 2.000000e+00
      vertex   6.391157e+01 9.590148e+00 2.000000e+00
      vertex   6.220409e+01 8.909825e+00 2.000000e+00
    endloop
  endfacet
  facet normal 3.752099e-16 3.664550e-14 1.000000e+00
    outer loop
      vertex   5.875510e+01 7.525000e+00 2.000000e+00
      vertex   6.608010e+01 7.450000e+00 2.000000e+00
      vertex   6.220409e+01 8.909825e+00 2.000000e+00
    endloop
  endfacet
  facet normal -1.041236e-14 6.351261e-14 1.000000e+00
    outer loop
      vertex   6.220409e+01 8.909825e+00 2.000000e+00
      vertex   6.039028e+01 8.612466e+00 2.000000e+00
      vertex   5.875510e+01 7.525000e+00 2.000000e+00
    endloop
  endfacet
  facet normal 2.399085e-15 4.424853e-14 1.000000e+00
    outer loop
      vertex   6.039028e+01 8.612466e+00 2.000000e+00
      vertex   5.855495e+01 8.711975e+00 2.000000e+00
      vertex   5.875510e+01 7.525000e+00 2.000000e+00
    endloop
  endfacet
  facet normal -1.582127e-14 -9.519342e-15 1.000000e+00
    outer loop
      vertex   6.669689e+01 2.224398e+01 2.000000e+00
      vertex   6.764449e+01 2.066906e+01 2.000000e+00
      vertex   6.908010e+01 2.375000e+01 2.000000e+00
    endloop
  endfacet
  facet normal -2.103801e-14 -7.088530e-15 1.000000e+00
    outer loop
      vertex   6.764449e+01 2.066906e+01 2.000000e+00
      vertex   6.823137e+01 1.892725e+01 2.000000e+00
      vertex   6.908010e+01 2.375000e+01 2.000000e+00
    endloop
  endfacet
  facet normal -5.334111e-14 -1.403713e-15 1.000000e+00
    outer loop
      vertex   6.925510e+01 1.710000e+01 2.000000e+00
      vertex   6.908010e+01 2.375000e+01 2.000000e+00
      vertex   6.823137e+01 1.892725e+01 2.000000e+00
    endloop
  endfacet
  facet normal -6.308085e-14 -6.860456e-15 1.000000e+00
    outer loop
      vertex   6.823137e+01 1.892725e+01 2.000000e+00
      vertex   6.843010e+01 1.710000e+01 2.000000e+00
      vertex   6.925510e+01 1.710000e+01 2.000000e+00
    endloop
  endfacet
  facet normal -6.308085e-14 6.860456e-15 1.000000e+00
    outer loop
      vertex   6.925510e+01 1.710000e+01 2.000000e+00
      vertex   6.843010e+01 1.710000e+01 2.000000e+00
      vertex   6.823137e+01 1.527275e+01 2.000000e+00
    endloop
  endfacet
  facet normal -0.000000e+00 1.689149e-14 1.000000e+00
    outer loop
      vertex   6.708010e+01 1.045000e+01 2.000000e+00
      vertex   6.908010e+01 1.045000e+01 2.000000e+00
      vertex   6.764449e+01 1.353094e+01 2.000000e+00
    endloop
  endfacet
  facet normal -4.036273e-14 2.428545e-14 1.000000e+00
    outer loop
      vertex   6.764449e+01 1.353094e+01 2.000000e+00
      vertex   6.669689e+01 1.195602e+01 2.000000e+00
      vertex   6.708010e+01 1.045000e+01 2.000000e+00
    endloop
  endfacet
  facet normal -5.463773e-15 3.316554e-14 1.000000e+00
    outer loop
      vertex   6.669689e+01 1.195602e+01 2.000000e+00
      vertex   6.669741e+01 1.037388e+01 2.000000e+00
      vertex   6.708010e+01 1.045000e+01 2.000000e+00
    endloop
  endfacet
  facet normal -2.215680e-14 3.315999e-14 1.000000e+00
    outer loop
      vertex   6.637299e+01 1.015711e+01 2.000000e+00
      vertex   6.669741e+01 1.037388e+01 2.000000e+00
      vertex   6.669689e+01 1.195602e+01 2.000000e+00
    endloop
  endfacet
  facet normal -1.933820e-17 0.000000e+00 1.000000e+00
    outer loop
      vertex   1.430096e+00 2.667500e+01 2.000000e+00
      vertex   1.430096e+00 1.710000e+01 2.000000e+00
      vertex   2.385622e+01 2.436732e+01 2.000000e+00
    endloop
  endfacet
  facet normal -3.297652e-17 4.935286e-17 1.000000e+00
    outer loop
      vertex   2.407299e+01 2.745711e+01 2.000000e+00
      vertex   2.439741e+01 2.767388e+01 2.000000e+00
      vertex   2.460510e+01 3.660000e+01 2.000000e+00
    endloop
  endfacet
  facet normal 0.000000e+00 4.743366e-17 1.000000e+00
    outer loop
      vertex   2.460510e+01 3.660000e+01 2.000000e+00
      vertex   1.443010e+01 3.660000e+01 2.000000e+00
      vertex   2.407299e+01 2.745711e+01 2.000000e+00
    endloop
  endfacet
  facet normal -2.753183e-17 1.839618e-17 1.000000e+00
    outer loop
      vertex   2.385622e+01 2.713268e+01 2.000000e+00
      vertex   2.407299e+01 2.745711e+01 2.000000e+00
      vertex   1.443010e+01 3.660000e+01 2.000000e+00
    endloop
  endfacet
  facet normal -4.600842e-17 9.311386e-32 1.000000e+00
    outer loop
      vertex   1.443010e+01 3.660000e+01 2.000000e+00
      vertex   1.443010e+01 3.060000e+01 2.000000e+00
      vertex   2.385622e+01 2.713268e+01 2.000000e+00
    endloop
  endfacet
  facet normal -4.313110e-16 -1.047470e-15 1.000000e+00
    outer loop
      vertex   1.443010e+01 3.060000e+01 2.000000e+00
      vertex   2.378010e+01 2.675000e+01 2.000000e+00
      vertex   2.385622e+01 2.713268e+01 2.000000e+00
    endloop
  endfacet
  facet normal 0.000000e+00 0.000000e+00 1.000000e+00
    outer loop
      vertex   1.430096e+00 2.667500e+01 2.000000e+00
      vertex   2.378010e+01 2.675000e+01 2.000000e+00
      vertex   1.443010e+01 3.060000e+01 2.000000e+00
    endloop
  endfacet
  facet normal 0.000000e+00 -0.000000e+00 1.000000e+00
    outer loop
      vertex   2.378010e+01 2.475000e+01 2.000000e+00
      vertex   2.378010e+01 2.675000e+01 2.000000e+00
      vertex   1.430096e+00 2.667500e+01 2.000000e+00
    endloop
  endfacet
  facet normal 9.930903e-17 1.153017e-15 1.000000e+00
    outer loop
      vertex   2.385622e+01 2.436732e+01 2.000000e+00
      vertex   2.378010e+01 2.475000e+01 2.000000e+00
      vertex   1.430096e+00 2.667500e+01 2.000000e+00
    endloop
  endfacet
  facet normal 6.117927e-14 -1.609981e-15 1.000000e+00
    outer loop
      vertex   2.478010e+01 2.375000e+01 2.000000e+00
      vertex   2.460510e+01 1.710000e+01 2.000000e+00
      vertex   2.547992e+01 1.801901e+01 2.000000e+00
    endloop
  endfacet
  facet normal 1.127362e-15 -2.966741e-17 1.000000e+00
    outer loop
      vertex   2.460510e+01 1.710000e+01 2.000000e+00
      vertex   2.478010e+01 2.375000e+01 2.000000e+00
      vertex   2.439741e+01 2.382612e+01 2.000000e+00
    endloop
  endfacet
  facet normal 0.000000e+00 -6.447712e-17 1.000000e+00
    outer loop
      vertex   1.430096e+00 1.710000e+01 2.000000e+00
      vertex   2.460510e+01 1.710000e+01 2.000000e+00
      vertex   2.439741e+01 2.382612e+01 2.000000e+00
    endloop
  endfacet
  facet normal -1.312845e-17 -1.964811e-17 1.000000e+00
    outer loop
      vertex   2.439741e+01 2.382612e+01 2.000000e+00
      vertex   2.407299e+01 2.404289e+01 2.000000e+00
      vertex   1.430096e+00 1.710000e+01 2.000000e+00
    endloop
  endfacet
  facet normal -1.589624e-17 -1.062152e-17 1.000000e+00
    outer loop
      vertex   2.407299e+01 2.404289e+01 2.000000e+00
      vertex   2.385622e+01 2.436732e+01 2.000000e+00
      vertex   1.430096e+00 1.710000e+01 2.000000e+00
    endloop
  endfacet
  facet normal 5.583829e-15 -2.011114e-14 1.000000e+00
    outer loop
      vertex   2.778010e+01 2.675000e+01 2.000000e+00
      vertex   3.078392e+01 2.499630e+01 2.000000e+00
      vertex   3.255495e+01 2.548803e+01 2.000000e+00
    endloop
  endfacet
  facet normal -4.392521e-16 -4.290029e-14 1.000000e+00
    outer loop
      vertex   3.510510e+01 2.667500e+01 2.000000e+00
      vertex   2.778010e+01 2.675000e+01 2.000000e+00
      vertex   3.255495e+01 2.548803e+01 2.000000e+00
    endloop
  endfacet
  facet normal -1.162705e-17 -1.135575e-15 1.000000e+00
    outer loop
      vertex   2.770398e+01 2.713268e+01 2.000000e+00
      vertex   2.778010e+01 2.675000e+01 2.000000e+00
      vertex   3.510510e+01 2.667500e+01 2.000000e+00
    endloop
  endfacet
  facet normal 6.112222e-17 4.084056e-17 1.000000e+00
    outer loop
      vertex   2.748720e+01 2.745711e+01 2.000000e+00
      vertex   2.770398e+01 2.713268e+01 2.000000e+00
      vertex   3.510510e+01 2.667500e+01 2.000000e+00
    endloop
  endfacet
  facet normal 1.128823e-15 2.232135e-17 1.000000e+00
    outer loop
      vertex   2.439741e+01 2.767388e+01 2.000000e+00
      vertex   2.478010e+01 2.775000e+01 2.000000e+00
      vertex   2.460510e+01 3.660000e+01 2.000000e+00
    endloop
  endfacet
  facet normal 0.000000e+00 0.000000e+00 1.000000e+00
    outer loop
      vertex   2.460510e+01 3.660000e+01 2.000000e+00
      vertex   2.478010e+01 2.775000e+01 2.000000e+00
      vertex   2.678010e+01 2.775000e+01 2.000000e+00
    endloop
  endfacet
  facet normal 0.000000e+00 0.000000e+00 1.000000e+00
    outer loop
      vertex   3.510510e+01 3.660000e+01 2.000000e+00
      vertex   2.460510e+01 3.660000e+01 2.000000e+00
      vertex   2.678010e+01 2.775000e+01 2.000000e+00
    endloop
  endfacet
  facet normal -9.546380e-16 8.980070e-16 1.000000e+00
    outer loop
      vertex   2.678010e+01 2.775000e+01 2.000000e+00
      vertex   2.716278e+01 2.767388e+01 2.000000e+00
      vertex   3.510510e+01 3.660000e+01 2.000000e+00
    endloop
  endfacet
  facet normal 2.035946e-17 3.047008e-17 1.000000e+00
    outer loop
      vertex   3.510510e+01 3.660000e+01 2.000000e+00
      vertex   2.716278e+01 2.767388e+01 2.000000e+00
      vertex   2.748720e+01 2.745711e+01 2.000000e+00
    endloop
  endfacet
  facet normal -2.035946e-17 -3.047008e-17 1.000000e+00
    outer loop
      vertex   6.669741e+01 6.526120e+00 2.000000e+00
      vertex   6.637299e+01 6.742893e+00 2.000000e+00
      vertex   5.875510e+01 -2.400000e+00 2.000000e+00
    endloop
  endfacet
  facet normal 9.546380e-16 -8.980070e-16 1.000000e+00
    outer loop
      vertex   6.708010e+01 6.450000e+00 2.000000e+00
      vertex   6.669741e+01 6.526120e+00 2.000000e+00
      vertex   5.875510e+01 -2.400000e+00 2.000000e+00
    endloop
  endfacet
  facet normal 0.000000e+00 0.000000e+00 1.000000e+00
    outer loop
      vertex   5.875510e+01 -2.400000e+00 2.000000e+00
      vertex   6.925510e+01 -2.400000e+00 2.000000e+00
      vertex   6.708010e+01 6.450000e+00 2.000000e+00
    endloop
  endfacet
  facet normal 0.000000e+00 0.000000e+00 1.000000e+00
    outer loop
      vertex   6.925510e+01 -2.400000e+00 2.000000e+00
      vertex   6.908010e+01 6.450000e+00 2.000000e+00
      vertex   6.708010e+01 6.450000e+00 2.000000e+00
    endloop
  endfacet
  facet normal 1.533417e-17 1.024597e-17 1.000000e+00
    outer loop
      vertex   6.978720e+01 1.015711e+01 2.000000e+00
      vertex   7.000398e+01 9.832683e+00 2.000000e+00
      vertex   9.343010e+01 1.710000e+01 2.000000e+00
    endloop
  endfacet
  facet normal 1.851271e-17 -0.000000e+00 1.000000e+00
    outer loop
      vertex   9.343010e+01 7.525000e+00 2.000000e+00
      vertex   9.343010e+01 1.710000e+01 2.000000e+00
      vertex   7.000398e+01 9.832683e+00 2.000000e+00
    endloop
  endfacet
  facet normal -9.498506e-17 -1.152156e-15 1.000000e+00
    outer loop
      vertex   7.000398e+01 9.832683e+00 2.000000e+00
      vertex   7.008010e+01 9.450000e+00 2.000000e+00
      vertex   9.343010e+01 7.525000e+00 2.000000e+00
    endloop
  endfacet
  facet normal 0.000000e+00 0.000000e+00 1.000000e+00
    outer loop
      vertex   7.008010e+01 9.450000e+00 2.000000e+00
      vertex   7.008010e+01 7.450000e+00 2.000000e+00
      vertex   9.343010e+01 7.525000e+00 2.000000e+00
    endloop
  endfacet
  facet normal 0.000000e+00 0.000000e+00 1.000000e+00
    outer loop
      vertex   9.343010e+01 7.525000e+00 2.000000e+00
      vertex   7.008010e+01 7.450000e+00 2.000000e+00
      vertex   8.043010e+01 3.600000e+00 2.000000e+00
    endloop
  endfacet
  facet normal 3.925094e-16 1.055188e-15 1.000000e+00
    outer loop
      vertex   8.043010e+01 3.600000e+00 2.000000e+00
      vertex   7.008010e+01 7.450000e+00 2.000000e+00
      vertex   7.000398e+01 7.067317e+00 2.000000e+00
    endloop
  endfacet
  facet normal 4.161852e-11 1.251456e-10 1.000000e+00
    outer loop
      vertex   8.043010e+01 -2.400000e+00 2.000000e+00
      vertex   8.043010e+01 3.600000e+00 2.000000e+00
      vertex   7.000398e+01 7.067317e+00 2.000000e+00
    endloop
  endfacet
  facet normal -4.482294e-11 2.994973e-11 1.000000e+00
    outer loop
      vertex   7.000398e+01 7.067317e+00 2.000000e+00
      vertex   6.978720e+01 6.742893e+00 2.000000e+00
      vertex   8.043010e+01 -2.400000e+00 2.000000e+00
    endloop
  endfacet
  facet normal -6.719224e-11 3.910471e-12 1.000000e+00
    outer loop
      vertex   6.925510e+01 -2.400000e+00 2.000000e+00
      vertex   8.043010e+01 -2.400000e+00 2.000000e+00
      vertex   6.978720e+01 6.742893e+00 2.000000e+00
    endloop
  endfacet
  facet normal 3.297652e-17 -4.935286e-17 1.000000e+00
    outer loop
      vertex   6.978720e+01 6.742893e+00 2.000000e+00
      vertex   6.946278e+01 6.526120e+00 2.000000e+00
      vertex   6.925510e+01 -2.400000e+00 2.000000e+00
    endloop
  endfacet
  facet normal -1.128823e-15 -2.232135e-17 1.000000e+00
    outer loop
      vertex   6.946278e+01 6.526120e+00 2.000000e+00
      vertex   6.908010e+01 6.450000e+00 2.000000e+00
      vertex   6.925510e+01 -2.400000e+00 2.000000e+00
    endloop
  endfacet
  facet normal 1.274270e-17 1.907080e-17 1.000000e+00
    outer loop
      vertex   6.946278e+01 1.037388e+01 2.000000e+00
      vertex   6.978720e+01 1.015711e+01 2.000000e+00
      vertex   9.343010e+01 1.710000e+01 2.000000e+00
    endloop
  endfacet
  facet normal 0.000000e+00 6.447712e-17 1.000000e+00
    outer loop
      vertex   9.343010e+01 1.710000e+01 2.000000e+00
      vertex   6.925510e+01 1.710000e+01 2.000000e+00
      vertex   6.946278e+01 1.037388e+01 2.000000e+00
    endloop
  endfacet
  facet normal -1.127362e-15 2.966741e-17 1.000000e+00
    outer loop
      vertex   6.925510e+01 1.710000e+01 2.000000e+00
      vertex   6.908010e+01 1.045000e+01 2.000000e+00
      vertex   6.946278e+01 1.037388e+01 2.000000e+00
    endloop
  endfacet
  facet normal -5.334111e-14 1.403713e-15 1.000000e+00
    outer loop
      vertex   6.823137e+01 1.527275e+01 2.000000e+00
      vertex   6.908010e+01 1.045000e+01 2.000000e+00
      vertex   6.925510e+01 1.710000e+01 2.000000e+00
    endloop
  endfacet
  facet normal -2.103801e-14 7.088530e-15 1.000000e+00
    outer loop
      vertex   6.908010e+01 1.045000e+01 2.000000e+00
      vertex   6.823137e+01 1.527275e+01 2.000000e+00
      vertex   6.764449e+01 1.353094e+01 2.000000e+00
    endloop
  endfacet
  facet normal 5.692924e-17 -0.000000e+00 1.000000e+00
    outer loop
      vertex   3.510510e+01 2.667500e+01 2.000000e+00
      vertex   3.510510e+01 3.660000e+01 2.000000e+00
      vertex   2.748720e+01 2.745711e+01 2.000000e+00
    endloop
  endfacet
  facet normal 0.000000e+00 0.000000e+00 1.000000e+00
    outer loop
      vertex   3.510510e+01 3.660000e+01 2.000000e+00
      vertex   3.510510e+01 2.667500e+01 2.000000e+00
      vertex   4.693010e+01 2.667500e+01 2.000000e+00
    endloop
  endfacet
  facet normal 0.000000e+00 -0.000000e+00 1.000000e+00
    outer loop
      vertex   4.693010e+01 2.667500e+01 2.000000e+00
      vertex   4.693010e+01 3.660000e+01 2.000000e+00
      vertex   3.510510e+01 3.660000e+01 2.000000e+00
    endloop
  endfacet
  facet normal 0.000000e+00 0.000000e+00 1.000000e+00
    outer loop
      vertex   4.693010e+01 3.660000e+01 2.000000e+00
      vertex   4.693010e+01 2.667500e+01 2.000000e+00
      vertex   5.875510e+01 2.667500e+01 2.000000e+00
    endloop
  endfacet
  facet normal 0.000000e+00 -0.000000e+00 1.000000e+00
    outer loop
      vertex   5.875510e+01 2.667500e+01 2.000000e+00
      vertex   5.875510e+01 3.660000e+01 2.000000e+00
      vertex   4.693010e+01 3.660000e+01 2.000000e+00
    endloop
  endfacet
  facet normal -5.859665e-17 0.000000e+00 1.000000e+00
    outer loop
      vertex   5.875510e+01 3.660000e+01 2.000000e+00
      vertex   5.875510e+01 2.667500e+01 2.000000e+00
      vertex   6.615622e+01 2.713268e+01 2.000000e+00
    endloop
  endfacet
  facet normal -3.159332e-17 2.110998e-17 1.000000e+00
    outer loop
      vertex   6.615622e+01 2.713268e+01 2.000000e+00
      vertex   6.637299e+01 2.745711e+01 2.000000e+00
      vertex   5.875510e+01 3.660000e+01 2.000000e+00
    endloop
  endfacet
  facet normal 5.859665e-17 -0.000000e+00 1.000000e+00
    outer loop
      vertex   3.510510e+01 -2.400000e+00 2.000000e+00
      vertex   3.510510e+01 7.525000e+00 2.000000e+00
      vertex   2.770398e+01 7.067317e+00 2.000000e+00
    endloop
  endfacet
  facet normal 0.000000e+00 0.000000e+00 1.000000e+00
    outer loop
      vertex   3.510510e+01 7.525000e+00 2.000000e+00
      vertex   3.510510e+01 -2.400000e+00 2.000000e+00
      vertex   4.693010e+01 -2.400000e+00 2.000000e+00
    endloop
  endfacet
  facet normal 0.000000e+00 -0.000000e+00 1.000000e+00
    outer loop
      vertex   4.693010e+01 -2.400000e+00 2.000000e+00
      vertex   4.693010e+01 7.525000e+00 2.000000e+00
      vertex   3.510510e+01 7.525000e+00 2.000000e+00
    endloop
  endfacet
  facet normal 0.000000e+00 0.000000e+00 1.000000e+00
    outer loop
      vertex   4.693010e+01 7.525000e+00 2.000000e+00
      vertex   4.693010e+01 -2.400000e+00 2.000000e+00
      vertex   5.875510e+01 -2.400000e+00 2.000000e+00
    endloop
  endfacet
  facet normal 0.000000e+00 -0.000000e+00 1.000000e+00
    outer loop
      vertex   5.875510e+01 -2.400000e+00 2.000000e+00
      vertex   5.875510e+01 7.525000e+00 2.000000e+00
      vertex   4.693010e+01 7.525000e+00 2.000000e+00
    endloop
  endfacet
  facet normal -5.692924e-17 0.000000e+00 1.000000e+00
    outer loop
      vertex   5.875510e+01 7.525000e+00 2.000000e+00
      vertex   5.875510e+01 -2.400000e+00 2.000000e+00
      vertex   6.637299e+01 6.742893e+00 2.000000e+00
    endloop
  endfacet
  facet normal -6.112222e-17 -4.084056e-17 1.000000e+00
    outer loop
      vertex   6.637299e+01 6.742893e+00 2.000000e+00
      vertex   6.615622e+01 7.067317e+00 2.000000e+00
      vertex   5.875510e+01 7.525000e+00 2.000000e+00
    endloop
  endfacet
  facet normal -1.000000e+00 -4.625929e-15 0.000000e+00
    outer loop
      vertex   8.430096e+00 3.660000e+01 2.000000e+00
      vertex   8.430096e+00 3.060000e+01 2.000000e+00
      vertex   8.430096e+00 3.060000e+01 5.500000e+00
    endloop
  endfacet
  facet normal -1.000000e+00 0.000000e+00 7.930164e-15
    outer loop
      vertex   8.430096e+00 3.060000e+01 5.500000e+00
      vertex   8.430096e+00 3.660000e+01 5.500000e+00
      vertex   8.430096e+00 3.660000e+01 2.000000e+00
    endloop
  endfacet
  facet normal 1.000000e+00 2.283168e-31 3.469447e-15
    outer loop
      vertex   1.443010e+01 3.660000e+01 2.000000e+00
      vertex   1.443010e+01 3.660000e+01 5.500000e+00
      vertex   1.443010e+01 3.060000e+01 5.500000e+00
    endloop
  endfacet
  facet normal 1.000000e+00 -2.023844e-15 0.000000e+00
    outer loop
      vertex   1.443010e+01 3.060000e+01 5.500000e+00
      vertex   1.443010e+01 3.060000e+01 2.000000e+00
      vertex   1.443010e+01 3.660000e+01 2.000000e+00
    endloop
  endfacet
  facet normal 0.000000e+00 0.000000e+00 1.000000e+00
    outer loop
      vertex   1.443010e+01 3.660000e+01 5.500000e+00
      vertex   8.430096e+00 3.660000e+01 5.500000e+00
      vertex   8.430096e+00 3.060000e+01 5.500000e+00
    endloop
  endfacet
  facet normal 0.000000e+00 0.000000e+00 1.000000e+00
    outer loop
      vertex   8.430096e+00 3.060000e+01 5.500000e+00
      vertex   1.443010e+01 3.060000e+01 5.500000e+00
      vertex   1.443010e+01 3.660000e+01 5.500000e+00
    endloop
  endfacet
  facet normal -9.860270e-15 -1.000000e+00 3.739507e-15
    outer loop
      vertex   8.430096e+00 3.060000e+01 5.500000e+00
      vertex   1.043739e+01 3.060000e+01 3.370537e+00
      vertex   1.060711e+01 3.060000e+01 3.818065e+00
    endloop
  endfacet
  facet normal -1.587187e-14 -1.000000e+00 -1.927194e-15
    outer loop
      vertex   1.049508e+01 3.060000e+01 2.895395e+00
      vertex   1.043739e+01 3.060000e+01 3.370537e+00
      vertex   8.430096e+00 3.060000e+01 5.500000e+00
    endloop
  endfacet
  facet normal -1.344106e-14 -1.000000e+00 -0.000000e+00
    outer loop
      vertex   8.430096e+00 3.060000e+01 5.500000e+00
      vertex   8.430096e+00 3.060000e+01 2.000000e+00
      vertex   1.049508e+01 3.060000e+01 2.895395e+00
    endloop
  endfacet
  facet normal -1.034486e-14 -1.000000e+00 -7.140542e-15
    outer loop
      vertex   8.430096e+00 3.060000e+01 2.000000e+00
      vertex   1.076697e+01 3.060000e+01 2.501489e+00
      vertex   1.049508e+01 3.060000e+01 2.895395e+00
    endloop
  endfacet
  facet normal -6.810301e-15 -1.000000e+00 7.687241e-15
    outer loop
      vertex   1.060711e+01 3.060000e+01 3.818065e+00
      vertex   1.096537e+01 3.060000e+01 4.135456e+00
      vertex   8.430096e+00 3.060000e+01 5.500000e+00
    endloop
  endfacet
  facet normal -3.438735e-15 -1.000000e+00 1.395150e-14
    outer loop
      vertex   8.430096e+00 3.060000e+01 5.500000e+00
      vertex   1.096537e+01 3.060000e+01 4.135456e+00
      vertex   1.143010e+01 3.060000e+01 4.250000e+00
    endloop
  endfacet
  facet normal 0.000000e+00 -1.000000e+00 2.220446e-14
    outer loop
      vertex   1.143010e+01 3.060000e+01 4.250000e+00
      vertex   1.443010e+01 3.060000e+01 5.500000e+00
      vertex   8.430096e+00 3.060000e+01 5.500000e+00
    endloop
  endfacet
  facet normal 3.438735e-15 -1.000000e+00 1.395150e-14
    outer loop
      vertex   1.143010e+01 3.060000e+01 4.250000e+00
      vertex   1.189482e+01 3.060000e+01 4.135456e+00
      vertex   1.443010e+01 3.060000e+01 5.500000e+00
    endloop
  endfacet
  facet normal 6.810301e-15 -1.000000e+00 7.687241e-15
    outer loop
      vertex   1.443010e+01 3.060000e+01 5.500000e+00
      vertex   1.189482e+01 3.060000e+01 4.135456e+00
      vertex   1.225308e+01 3.060000e+01 3.818065e+00
    endloop
  endfacet
  facet normal 9.860270e-15 -1.000000e+00 3.739507e-15
    outer loop
      vertex   1.443010e+01 3.060000e+01 5.500000e+00
      vertex   1.225308e+01 3.060000e+01 3.818065e+00
      vertex   1.242281e+01 3.060000e+01 3.370537e+00
    endloop
  endfacet
  facet normal 1.382738e-14 -1.000000e+00 0.000000e+00
    outer loop
      vertex   1.443010e+01 3.060000e+01 2.000000e+00
      vertex   1.443010e+01 3.060000e+01 5.500000e+00
      vertex   1.242281e+01 3.060000e+01 3.370537e+00
    endloop
  endfacet
  facet normal 1.276879e-14 -1.000000e+00 -1.550412e-15
    outer loop
      vertex   1.242281e+01 3.060000e+01 3.370537e+00
      vertex   1.236511e+01 3.060000e+01 2.895395e+00
      vertex   1.443010e+01 3.060000e+01 2.000000e+00
    endloop
  endfacet
  facet normal 1.034486e-14 -1.000000e+00 -7.140542e-15
    outer loop
      vertex   1.443010e+01 3.060000e+01 2.000000e+00
      vertex   1.236511e+01 3.060000e+01 2.895395e+00
      vertex   1.209322e+01 3.060000e+01 2.501489e+00
    endloop
  endfacet
  facet normal 8.430233e-15 -1.000000e+00 -1.606247e-14
    outer loop
      vertex   1.443010e+01 3.060000e+01 2.000000e+00
      vertex   1.209322e+01 3.060000e+01 2.501489e+00
      vertex   1.166941e+01 3.060000e+01 2.279058e+00
    endloop
  endfacet
  facet normal 5.486446e-15 -1.000000e+00 -4.518495e-14
    outer loop
      vertex   1.443010e+01 3.060000e+01 2.000000e+00
      vertex   1.166941e+01 3.060000e+01 2.279058e+00
      vertex   1.143010e+01 3.060000e+01 2.250000e+00
    endloop
  endfacet
  facet normal 5.957543e-31 -1.000000e+00 -1.110223e-13
    outer loop
      vertex   1.143010e+01 3.060000e+01 2.250000e+00
      vertex   8.430096e+00 3.060000e+01 2.000000e+00
      vertex   1.443010e+01 3.060000e+01 2.000000e+00
    endloop
  endfacet
  facet normal -5.486446e-15 -1.000000e+00 -4.518495e-14
    outer loop
      vertex   8.430096e+00 3.060000e+01 2.000000e+00
      vertex   1.143010e+01 3.060000e+01 2.250000e+00
      vertex   1.119078e+01 3.060000e+01 2.279058e+00
    endloop
  endfacet
  facet normal -8.430233e-15 -1.000000e+00 -1.606247e-14
    outer loop
      vertex   1.119078e+01 3.060000e+01 2.279058e+00
      vertex   1.076697e+01 3.060000e+01 2.501489e+00
      vertex   8.430096e+00 3.060000e+01 2.000000e+00
    endloop
  endfacet
  facet normal 8.229839e-01 -1.392187e-17 5.680647e-01
    outer loop
      vertex   1.049508e+01 3.060000e+01 2.895395e+00
      vertex   1.076697e+01 3.060000e+01 2.501489e+00
      vertex   1.076697e+01 3.660000e+01 2.501489e+00
    endloop
  endfacet
  facet normal 4.647232e-01 6.960937e-18 8.854560e-01
    outer loop
      vertex   1.119078e+01 3.660000e+01 2.279058e+00
      vertex   1.076697e+01 3.660000e+01 2.501489e+00
      vertex   1.076697e+01 3.060000e+01 2.501489e+00
    endloop
  endfacet
  facet normal 8.229839e-01 -1.392187e-17 5.680647e-01
    outer loop
      vertex   1.076697e+01 3.660000e+01 2.501489e+00
      vertex   1.049508e+01 3.660000e+01 2.895395e+00
      vertex   1.049508e+01 3.060000e+01 2.895395e+00
    endloop
  endfacet
  facet normal 9.836199e-01 -0.000000e+00 1.802550e-01
    outer loop
      vertex   1.049508e+01 3.060000e+01 2.895395e+00
      vertex   1.049508e+01 3.660000e+01 2.895395e+00
      vertex   1.043010e+01 3.660000e+01 3.250000e+00
    endloop
  endfacet
  facet normal 9.927023e-01 3.627819e-03 1.205359e-01
    outer loop
      vertex   1.043010e+01 3.660000e+01 3.250000e+00
      vertex   1.043739e+01 3.060000e+01 3.370537e+00
      vertex   1.049508e+01 3.060000e+01 2.895395e+00
    endloop
  endfacet
  facet normal 9.981756e-01 2.168843e-19 -6.037850e-02
    outer loop
      vertex   1.043010e+01 3.660000e+01 3.250000e+00
      vertex   1.043739e+01 3.660000e+01 3.370537e+00
      vertex   1.043739e+01 3.060000e+01 3.370537e+00
    endloop
  endfacet
  facet normal 9.350162e-01 0.000000e+00 -3.546049e-01
    outer loop
      vertex   1.060711e+01 3.060000e+01 3.818065e+00
      vertex   1.043739e+01 3.060000e+01 3.370537e+00
      vertex   1.043739e+01 3.660000e+01 3.370537e+00
    endloop
  endfacet
  facet normal 9.350162e-01 0.000000e+00 -3.546049e-01
    outer loop
      vertex   1.043739e+01 3.660000e+01 3.370537e+00
      vertex   1.060711e+01 3.660000e+01 3.818065e+00
      vertex   1.060711e+01 3.060000e+01 3.818065e+00
    endloop
  endfacet
  facet normal 6.631227e-01 6.960937e-18 -7.485107e-01
    outer loop
      vertex   1.096537e+01 3.060000e+01 4.135456e+00
      vertex   1.060711e+01 3.060000e+01 3.818065e+00
      vertex   1.060711e+01 3.660000e+01 3.818065e+00
    endloop
  endfacet
  facet normal 6.631227e-01 6.960937e-18 -7.485107e-01
    outer loop
      vertex   1.060711e+01 3.660000e+01 3.818065e+00
      vertex   1.096537e+01 3.660000e+01 4.135456e+00
      vertex   1.096537e+01 3.060000e+01 4.135456e+00
    endloop
  endfacet
  facet normal 2.393157e-01 3.480468e-18 -9.709418e-01
    outer loop
      vertex   1.143010e+01 3.060000e+01 4.250000e+00
      vertex   1.096537e+01 3.060000e+01 4.135456e+00
      vertex   1.096537e+01 3.660000e+01 4.135456e+00
    endloop
  endfacet
  facet normal 2.393157e-01 3.480468e-18 -9.709418e-01
    outer loop
      vertex   1.096537e+01 3.660000e+01 4.135456e+00
      vertex   1.143010e+01 3.660000e+01 4.250000e+00
      vertex   1.143010e+01 3.060000e+01 4.250000e+00
    endloop
  endfacet
  facet normal -2.393157e-01 -3.480468e-18 -9.709418e-01
    outer loop
      vertex   1.189482e+01 3.060000e+01 4.135456e+00
      vertex   1.143010e+01 3.060000e+01 4.250000e+00
      vertex   1.143010e+01 3.660000e+01 4.250000e+00
    endloop
  endfacet
  facet normal -2.393157e-01 -3.480468e-18 -9.709418e-01
    outer loop
      vertex   1.143010e+01 3.660000e+01 4.250000e+00
      vertex   1.189482e+01 3.660000e+01 4.135456e+00
      vertex   1.189482e+01 3.060000e+01 4.135456e+00
    endloop
  endfacet
  facet normal -6.631227e-01 0.000000e+00 -7.485107e-01
    outer loop
      vertex   1.225308e+01 3.060000e+01 3.818065e+00
      vertex   1.189482e+01 3.060000e+01 4.135456e+00
      vertex   1.189482e+01 3.660000e+01 4.135456e+00
    endloop
  endfacet
  facet normal -6.631227e-01 0.000000e+00 -7.485107e-01
    outer loop
      vertex   1.189482e+01 3.660000e+01 4.135456e+00
      vertex   1.225308e+01 3.660000e+01 3.818065e+00
      vertex   1.225308e+01 3.060000e+01 3.818065e+00
    endloop
  endfacet
  facet normal -9.350162e-01 0.000000e+00 -3.546049e-01
    outer loop
      vertex   1.242281e+01 3.060000e+01 3.370537e+00
      vertex   1.225308e+01 3.060000e+01 3.818065e+00
      vertex   1.225308e+01 3.660000e+01 3.818065e+00
    endloop
  endfacet
  facet normal -9.350162e-01 0.000000e+00 -3.546049e-01
    outer loop
      vertex   1.225308e+01 3.660000e+01 3.818065e+00
      vertex   1.242281e+01 3.660000e+01 3.370537e+00
      vertex   1.242281e+01 3.060000e+01 3.370537e+00
    endloop
  endfacet
  facet normal -9.927089e-01 -1.740234e-18 1.205367e-01
    outer loop
      vertex   1.236511e+01 3.060000e+01 2.895395e+00
      vertex   1.242281e+01 3.060000e+01 3.370537e+00
      vertex   1.242281e+01 3.660000e+01 3.370537e+00
    endloop
  endfacet
  facet normal -9.927089e-01 -1.740234e-18 1.205367e-01
    outer loop
      vertex   1.242281e+01 3.660000e+01 3.370537e+00
      vertex   1.236511e+01 3.660000e+01 2.895395e+00
      vertex   1.236511e+01 3.060000e+01 2.895395e+00
    endloop
  endfacet
  facet normal -8.229839e-01 -6.960937e-18 5.680647e-01
    outer loop
      vertex   1.209322e+01 3.060000e+01 2.501489e+00
      vertex   1.236511e+01 3.060000e+01 2.895395e+00
      vertex   1.236511e+01 3.660000e+01 2.895395e+00
    endloop
  endfacet
  facet normal -8.229839e-01 -6.960937e-18 5.680647e-01
    outer loop
      vertex   1.236511e+01 3.660000e+01 2.895395e+00
      vertex   1.209322e+01 3.660000e+01 2.501489e+00
      vertex   1.209322e+01 3.060000e+01 2.501489e+00
    endloop
  endfacet
  facet normal -4.647232e-01 0.000000e+00 8.854560e-01
    outer loop
      vertex   1.166941e+01 3.060000e+01 2.279058e+00
      vertex   1.209322e+01 3.060000e+01 2.501489e+00
      vertex   1.209322e+01 3.660000e+01 2.501489e+00
    endloop
  endfacet
  facet normal -4.647232e-01 0.000000e+00 8.854560e-01
    outer loop
      vertex   1.209322e+01 3.660000e+01 2.501489e+00
      vertex   1.166941e+01 3.660000e+01 2.279058e+00
      vertex   1.166941e+01 3.060000e+01 2.279058e+00
    endloop
  endfacet
  facet normal -1.205367e-01 0.000000e+00 9.927089e-01
    outer loop
      vertex   1.143010e+01 3.060000e+01 2.250000e+00
      vertex   1.166941e+01 3.060000e+01 2.279058e+00
      vertex   1.166941e+01 3.660000e+01 2.279058e+00
    endloop
  endfacet
  facet normal 0.000000e+00 -4.842974e-03 9.999883e-01
    outer loop
      vertex   1.166941e+01 3.660000e+01 2.279058e+00
      vertex   1.119078e+01 3.660000e+01 2.279058e+00
      vertex   1.143010e+01 3.060000e+01 2.250000e+00
    endloop
  endfacet
  facet normal 1.205367e-01 0.000000e+00 9.927089e-01
    outer loop
      vertex   1.119078e+01 3.660000e+01 2.279058e+00
      vertex   1.119078e+01 3.060000e+01 2.279058e+00
      vertex   1.143010e+01 3.060000e+01 2.250000e+00
    endloop
  endfacet
  facet normal 4.647232e-01 6.960937e-18 8.854560e-01
    outer loop
      vertex   1.076697e+01 3.060000e+01 2.501489e+00
      vertex   1.119078e+01 3.060000e+01 2.279058e+00
      vertex   1.119078e+01 3.660000e+01 2.279058e+00
    endloop
  endfacet
  facet normal -1.000000e+00 0.000000e+00 0.000000e+00
    outer loop
      vertex   8.430096e+00 3.600000e+00 2.000000e+00
      vertex   8.430096e+00 -2.400000e+00 2.000000e+00
      vertex   8.430096e+00 -2.400000e+00 5.500000e+00
    endloop
  endfacet
  facet normal -1.000000e+00 0.000000e+00 0.000000e+00
    outer loop
      vertex   8.430096e+00 -2.400000e+00 5.500000e+00
      vertex   8.430096e+00 3.600000e+00 5.500000e+00
      vertex   8.430096e+00 3.600000e+00 2.000000e+00
    endloop
  endfacet
  facet normal 1.000000e+00 0.000000e+00 -0.000000e+00
    outer loop
      vertex   1.443010e+01 3.600000e+00 2.000000e+00
      vertex   1.443010e+01 3.600000e+00 5.500000e+00
      vertex   1.443010e+01 -2.400000e+00 5.500000e+00
    endloop
  endfacet
  facet normal 1.000000e+00 0.000000e+00 0.000000e+00
    outer loop
      vertex   1.443010e+01 -2.400000e+00 5.500000e+00
      vertex   1.443010e+01 -2.400000e+00 2.000000e+00
      vertex   1.443010e+01 3.600000e+00 2.000000e+00
    endloop
  endfacet
  facet normal -1.251456e-10 0.000000e+00 1.000000e+00
    outer loop
      vertex   1.443010e+01 -2.400000e+00 5.500000e+00
      vertex   1.443010e+01 3.600000e+00 5.500000e+00
      vertex   8.430096e+00 3.600000e+00 5.500000e+00
    endloop
  endfacet
  facet normal -1.251456e-10 0.000000e+00 1.000000e+00
    outer loop
      vertex   8.430096e+00 3.600000e+00 5.500000e+00
      vertex   8.430096e+00 -2.400000e+00 5.500000e+00
      vertex   1.443010e+01 -2.400000e+00 5.500000e+00
    endloop
  endfacet
  facet normal 2.703534e-29 1.000000e+00 1.491876e-14
    outer loop
      vertex   1.166941e+01 3.600000e+00 4.220942e+00
      vertex   1.119078e+01 3.600000e+00 4.220942e+00
      vertex   8.430096e+00 3.600000e+00 5.500000e+00
    endloop
  endfacet
  facet normal -1.867016e-24 1.000000e+00 1.491876e-14
    outer loop
      vertex   8.430096e+00 3.600000e+00 5.500000e+00
      vertex   1.443010e+01 3.600000e+00 5.500000e+00
      vertex   1.166941e+01 3.600000e+00 4.220942e+00
    endloop
  endfacet
  facet normal 3.671213e-15 1.000000e+00 6.994911e-15
    outer loop
      vertex   1.209322e+01 3.600000e+00 3.998511e+00
      vertex   1.166941e+01 3.600000e+00 4.220942e+00
      vertex   1.443010e+01 3.600000e+00 5.500000e+00
    endloop
  endfacet
  facet normal -3.671213e-15 1.000000e+00 6.994911e-15
    outer loop
      vertex   8.430096e+00 3.600000e+00 5.500000e+00
      vertex   1.119078e+01 3.600000e+00 4.220942e+00
      vertex   1.076697e+01 3.600000e+00 3.998511e+00
    endloop
  endfacet
  facet normal -5.656796e-15 1.000000e+00 3.904604e-15
    outer loop
      vertex   1.076697e+01 3.600000e+00 3.998511e+00
      vertex   1.049508e+01 3.600000e+00 3.604605e+00
      vertex   8.430096e+00 3.600000e+00 5.500000e+00
    endloop
  endfacet
  facet normal -9.240730e-15 1.000000e+00 0.000000e+00
    outer loop
      vertex   8.430096e+00 3.600000e+00 2.000000e+00
      vertex   8.430096e+00 3.600000e+00 5.500000e+00
      vertex   1.049508e+01 3.600000e+00 3.604605e+00
    endloop
  endfacet
  facet normal -1.020344e-14 1.000000e+00 1.238922e-15
    outer loop
      vertex   1.049508e+01 3.600000e+00 3.604605e+00
      vertex   1.043739e+01 3.600000e+00 3.129463e+00
      vertex   8.430096e+00 3.600000e+00 2.000000e+00
    endloop
  endfacet
  facet normal -7.834474e-15 1.000000e+00 -2.971224e-15
    outer loop
      vertex   8.430096e+00 3.600000e+00 2.000000e+00
      vertex   1.043739e+01 3.600000e+00 3.129463e+00
      vertex   1.060711e+01 3.600000e+00 2.681935e+00
    endloop
  endfacet
  facet normal -6.475568e-15 1.000000e+00 -7.309406e-15
    outer loop
      vertex   1.060711e+01 3.600000e+00 2.681935e+00
      vertex   1.096537e+01 3.600000e+00 2.364544e+00
      vertex   8.430096e+00 3.600000e+00 2.000000e+00
    endloop
  endfacet
  facet normal -4.753508e-15 1.000000e+00 -1.928574e-14
    outer loop
      vertex   8.430096e+00 3.600000e+00 2.000000e+00
      vertex   1.096537e+01 3.600000e+00 2.364544e+00
      vertex   1.143010e+01 3.600000e+00 2.250000e+00
    endloop
  endfacet
  facet normal 0.000000e+00 1.000000e+00 -7.632783e-14
    outer loop
      vertex   1.143010e+01 3.600000e+00 2.250000e+00
      vertex   1.443010e+01 3.600000e+00 2.000000e+00
      vertex   8.430096e+00 3.600000e+00 2.000000e+00
    endloop
  endfacet
  facet normal 4.753508e-15 1.000000e+00 -1.928574e-14
    outer loop
      vertex   1.443010e+01 3.600000e+00 2.000000e+00
      vertex   1.143010e+01 3.600000e+00 2.250000e+00
      vertex   1.189482e+01 3.600000e+00 2.364544e+00
    endloop
  endfacet
  facet normal 6.475568e-15 1.000000e+00 -7.309406e-15
    outer loop
      vertex   1.189482e+01 3.600000e+00 2.364544e+00
      vertex   1.225308e+01 3.600000e+00 2.681935e+00
      vertex   1.443010e+01 3.600000e+00 2.000000e+00
    endloop
  endfacet
  facet normal 7.834474e-15 1.000000e+00 -2.971224e-15
    outer loop
      vertex   1.443010e+01 3.600000e+00 2.000000e+00
      vertex   1.225308e+01 3.600000e+00 2.681935e+00
      vertex   1.242281e+01 3.600000e+00 3.129463e+00
    endloop
  endfacet
  facet normal 9.506323e-15 1.000000e+00 0.000000e+00
    outer loop
      vertex   1.443010e+01 3.600000e+00 5.500000e+00
      vertex   1.443010e+01 3.600000e+00 2.000000e+00
      vertex   1.242281e+01 3.600000e+00 3.129463e+00
    endloop
  endfacet
  facet normal 8.314121e-15 1.000000e+00 1.009517e-15
    outer loop
      vertex   1.242281e+01 3.600000e+00 3.129463e+00
      vertex   1.236511e+01 3.600000e+00 3.604605e+00
      vertex   1.443010e+01 3.600000e+00 5.500000e+00
    endloop
  endfacet
  facet normal 5.656796e-15 1.000000e+00 3.904604e-15
    outer loop
      vertex   1.236511e+01 3.600000e+00 3.604605e+00
      vertex   1.209322e+01 3.600000e+00 3.998511e+00
      vertex   1.443010e+01 3.600000e+00 5.500000e+00
    endloop
  endfacet
  facet normal -9.350162e-01 -3.480468e-18 3.546049e-01
    outer loop
      vertex   1.225308e+01 -2.400000e+00 2.681935e+00
      vertex   1.242281e+01 -2.400000e+00 3.129463e+00
      vertex   1.242281e+01 3.600000e+00 3.129463e+00
    endloop
  endfacet
  facet normal -9.981756e-01 0.000000e+00 6.037850e-02
    outer loop
      vertex   1.242281e+01 3.600000e+00 3.129463e+00
      vertex   1.242281e+01 -2.400000e+00 3.129463e+00
      vertex   1.243010e+01 -2.400000e+00 3.250000e+00
    endloop
  endfacet
  facet normal -9.927023e-01 -3.627819e-03 -1.205359e-01
    outer loop
      vertex   1.236511e+01 3.600000e+00 3.604605e+00
      vertex   1.242281e+01 3.600000e+00 3.129463e+00
      vertex   1.243010e+01 -2.400000e+00 3.250000e+00
    endloop
  endfacet
  facet normal -9.836199e-01 0.000000e+00 -1.802550e-01
    outer loop
      vertex   1.243010e+01 -2.400000e+00 3.250000e+00
      vertex   1.236511e+01 -2.400000e+00 3.604605e+00
      vertex   1.236511e+01 3.600000e+00 3.604605e+00
    endloop
  endfacet
  facet normal -8.229839e-01 6.960937e-18 -5.680647e-01
    outer loop
      vertex   1.209322e+01 3.600000e+00 3.998511e+00
      vertex   1.236511e+01 3.600000e+00 3.604605e+00
      vertex   1.236511e+01 -2.400000e+00 3.604605e+00
    endloop
  endfacet
  facet normal -8.229839e-01 6.960937e-18 -5.680647e-01
    outer loop
      vertex   1.236511e+01 -2.400000e+00 3.604605e+00
      vertex   1.209322e+01 -2.400000e+00 3.998511e+00
      vertex   1.209322e+01 3.600000e+00 3.998511e+00
    endloop
  endfacet
  facet normal -4.647232e-01 0.000000e+00 -8.854560e-01
    outer loop
      vertex   1.166941e+01 3.600000e+00 4.220942e+00
      vertex   1.209322e+01 3.600000e+00 3.998511e+00
      vertex   1.209322e+01 -2.400000e+00 3.998511e+00
    endloop
  endfacet
  facet normal -4.647232e-01 0.000000e+00 -8.854560e-01
    outer loop
      vertex   1.209322e+01 -2.400000e+00 3.998511e+00
      vertex   1.166941e+01 -2.400000e+00 4.220942e+00
      vertex   1.166941e+01 3.600000e+00 4.220942e+00
    endloop
  endfacet
  facet normal -1.812171e-15 0.000000e+00 -1.000000e+00
    outer loop
      vertex   1.119078e+01 3.600000e+00 4.220942e+00
      vertex   1.166941e+01 3.600000e+00 4.220942e+00
      vertex   1.166941e+01 -2.400000e+00 4.220942e+00
    endloop
  endfacet
  facet normal -1.812171e-15 0.000000e+00 -1.000000e+00
    outer loop
      vertex   1.166941e+01 -2.400000e+00 4.220942e+00
      vertex   1.119078e+01 -2.400000e+00 4.220942e+00
      vertex   1.119078e+01 3.600000e+00 4.220942e+00
    endloop
  endfacet
  facet normal 4.647232e-01 0.000000e+00 -8.854560e-01
    outer loop
      vertex   1.076697e+01 3.600000e+00 3.998511e+00
      vertex   1.119078e+01 3.600000e+00 4.220942e+00
      vertex   1.119078e+01 -2.400000e+00 4.220942e+00
    endloop
  endfacet
  facet normal 4.647232e-01 0.000000e+00 -8.854560e-01
    outer loop
      vertex   1.119078e+01 -2.400000e+00 4.220942e+00
      vertex   1.076697e+01 -2.400000e+00 3.998511e+00
      vertex   1.076697e+01 3.600000e+00 3.998511e+00
    endloop
  endfacet
  facet normal 8.229839e-01 0.000000e+00 -5.680647e-01
    outer loop
      vertex   1.049508e+01 3.600000e+00 3.604605e+00
      vertex   1.076697e+01 3.600000e+00 3.998511e+00
      vertex   1.076697e+01 -2.400000e+00 3.998511e+00
    endloop
  endfacet
  facet normal 8.229839e-01 0.000000e+00 -5.680647e-01
    outer loop
      vertex   1.076697e+01 -2.400000e+00 3.998511e+00
      vertex   1.049508e+01 -2.400000e+00 3.604605e+00
      vertex   1.049508e+01 3.600000e+00 3.604605e+00
    endloop
  endfacet
  facet normal 9.927089e-01 1.740234e-18 -1.205367e-01
    outer loop
      vertex   1.043739e+01 3.600000e+00 3.129463e+00
      vertex   1.049508e+01 3.600000e+00 3.604605e+00
      vertex   1.049508e+01 -2.400000e+00 3.604605e+00
    endloop
  endfacet
  facet normal 9.927089e-01 1.740234e-18 -1.205367e-01
    outer loop
      vertex   1.049508e+01 -2.400000e+00 3.604605e+00
      vertex   1.043739e+01 -2.400000e+00 3.129463e+00
      vertex   1.043739e+01 3.600000e+00 3.129463e+00
    endloop
  endfacet
  facet normal 9.350162e-01 0.000000e+00 3.546049e-01
    outer loop
      vertex   1.060711e+01 3.600000e+00 2.681935e+00
      vertex   1.043739e+01 3.600000e+00 3.129463e+00
      vertex   1.043739e+01 -2.400000e+00 3.129463e+00
    endloop
  endfacet
  facet normal 9.350162e-01 0.000000e+00 3.546049e-01
    outer loop
      vertex   1.043739e+01 -2.400000e+00 3.129463e+00
      vertex   1.060711e+01 -2.400000e+00 2.681935e+00
      vertex   1.060711e+01 3.600000e+00 2.681935e+00
    endloop
  endfacet
  facet normal 6.631227e-01 0.000000e+00 7.485107e-01
    outer loop
      vertex   1.096537e+01 3.600000e+00 2.364544e+00
      vertex   1.060711e+01 3.600000e+00 2.681935e+00
      vertex   1.060711e+01 -2.400000e+00 2.681935e+00
    endloop
  endfacet
  facet normal 6.631227e-01 0.000000e+00 7.485107e-01
    outer loop
      vertex   1.060711e+01 -2.400000e+00 2.681935e+00
      vertex   1.096537e+01 -2.400000e+00 2.364544e+00
      vertex   1.096537e+01 3.600000e+00 2.364544e+00
    endloop
  endfacet
  facet normal 2.393157e-01 0.000000e+00 9.709418e-01
    outer loop
      vertex   1.143010e+01 3.600000e+00 2.250000e+00
      vertex   1.096537e+01 3.600000e+00 2.364544e+00
      vertex   1.096537e+01 -2.400000e+00 2.364544e+00
    endloop
  endfacet
  facet normal 2.393157e-01 0.000000e+00 9.709418e-01
    outer loop
      vertex   1.096537e+01 -2.400000e+00 2.364544e+00
      vertex   1.143010e+01 -2.400000e+00 2.250000e+00
      vertex   1.143010e+01 3.600000e+00 2.250000e+00
    endloop
  endfacet
  facet normal -2.393157e-01 0.000000e+00 9.709418e-01
    outer loop
      vertex   1.189482e+01 3.600000e+00 2.364544e+00
      vertex   1.143010e+01 3.600000e+00 2.250000e+00
      vertex   1.143010e+01 -2.400000e+00 2.250000e+00
    endloop
  endfacet
  facet normal -2.393157e-01 0.000000e+00 9.709418e-01
    outer loop
      vertex   1.143010e+01 -2.400000e+00 2.250000e+00
      vertex   1.189482e+01 -2.400000e+00 2.364544e+00
      vertex   1.189482e+01 3.600000e+00 2.364544e+00
    endloop
  endfacet
  facet normal -6.631227e-01 -6.960937e-18 7.485107e-01
    outer loop
      vertex   1.225308e+01 3.600000e+00 2.681935e+00
      vertex   1.189482e+01 3.600000e+00 2.364544e+00
      vertex   1.189482e+01 -2.400000e+00 2.364544e+00
    endloop
  endfacet
  facet normal -6.631227e-01 -6.960937e-18 7.485107e-01
    outer loop
      vertex   1.189482e+01 -2.400000e+00 2.364544e+00
      vertex   1.225308e+01 -2.400000e+00 2.681935e+00
      vertex   1.225308e+01 3.600000e+00 2.681935e+00
    endloop
  endfacet
  facet normal -9.350162e-01 -3.480468e-18 3.546049e-01
    outer loop
      vertex   1.242281e+01 3.600000e+00 3.129463e+00
      vertex   1.225308e+01 3.600000e+00 2.681935e+00
      vertex   1.225308e+01 -2.400000e+00 2.681935e+00
    endloop
  endfacet
  facet normal 1.000000e+00 2.312965e-15 0.000000e+00
    outer loop
      vertex   8.643010e+01 3.600000e+00 5.500000e+00
      vertex   8.643010e+01 -2.400000e+00 5.500000e+00
      vertex   8.643010e+01 -2.400000e+00 2.000000e+00
    endloop
  endfacet
  facet normal 1.000000e+00 2.312965e-15 0.000000e+00
    outer loop
      vertex   8.643010e+01 -2.400000e+00 2.000000e+00
      vertex   8.643010e+01 3.600000e+00 2.000000e+00
      vertex   8.643010e+01 3.600000e+00 5.500000e+00
    endloop
  endfacet
  facet normal -1.000000e+00 0.000000e+00 0.000000e+00
    outer loop
      vertex   8.043010e+01 -2.400000e+00 2.000000e+00
      vertex   8.043010e+01 -2.400000e+00 5.500000e+00
      vertex   8.043010e+01 3.600000e+00 5.500000e+00
    endloop
  endfacet
  facet normal -1.000000e+00 0.000000e+00 -0.000000e+00
    outer loop
      vertex   8.043010e+01 3.600000e+00 5.500000e+00
      vertex   8.043010e+01 3.600000e+00 2.000000e+00
      vertex   8.043010e+01 -2.400000e+00 2.000000e+00
    endloop
  endfacet
  facet normal 0.000000e+00 0.000000e+00 1.000000e+00
    outer loop
      vertex   8.643010e+01 -2.400000e+00 5.500000e+00
      vertex   8.643010e+01 3.600000e+00 5.500000e+00
      vertex   8.043010e+01 3.600000e+00 5.500000e+00
    endloop
  endfacet
  facet normal 1.251456e-10 1.251456e-10 1.000000e+00
    outer loop
      vertex   8.043010e+01 3.600000e+00 5.500000e+00
      vertex   8.043010e+01 -2.400000e+00 5.500000e+00
      vertex   8.643010e+01 -2.400000e+00 5.500000e+00
    endloop
  endfacet
  facet normal 0.000000e+00 1.000000e+00 1.491876e-14
    outer loop
      vertex   8.366941e+01 3.600000e+00 4.220942e+00
      vertex   8.319078e+01 3.600000e+00 4.220942e+00
      vertex   8.043010e+01 3.600000e+00 5.500000e+00
    endloop
  endfacet
  facet normal -0.000000e+00 1.000000e+00 1.491876e-14
    outer loop
      vertex   8.043010e+01 3.600000e+00 5.500000e+00
      vertex   8.643010e+01 3.600000e+00 5.500000e+00
      vertex   8.366941e+01 3.600000e+00 4.220942e+00
    endloop
  endfacet
  facet normal 3.671213e-15 1.000000e+00 6.994911e-15
    outer loop
      vertex   8.409322e+01 3.600000e+00 3.998511e+00
      vertex   8.366941e+01 3.600000e+00 4.220942e+00
      vertex   8.643010e+01 3.600000e+00 5.500000e+00
    endloop
  endfacet
  facet normal -6.475568e-15 1.000000e+00 -7.309406e-15
    outer loop
      vertex   8.043010e+01 3.600000e+00 2.000000e+00
      vertex   8.260711e+01 3.600000e+00 2.681935e+00
      vertex   8.296537e+01 3.600000e+00 2.364544e+00
    endloop
  endfacet
  facet normal -4.753508e-15 1.000000e+00 -1.928574e-14
    outer loop
      vertex   8.043010e+01 3.600000e+00 2.000000e+00
      vertex   8.296537e+01 3.600000e+00 2.364544e+00
      vertex   8.343010e+01 3.600000e+00 2.250000e+00
    endloop
  endfacet
  facet normal 9.552089e-24 1.000000e+00 -7.632783e-14
    outer loop
      vertex   8.343010e+01 3.600000e+00 2.250000e+00
      vertex   8.643010e+01 3.600000e+00 2.000000e+00
      vertex   8.043010e+01 3.600000e+00 2.000000e+00
    endloop
  endfacet
  facet normal 4.753508e-15 1.000000e+00 -1.928574e-14
    outer loop
      vertex   8.643010e+01 3.600000e+00 2.000000e+00
      vertex   8.343010e+01 3.600000e+00 2.250000e+00
      vertex   8.389482e+01 3.600000e+00 2.364544e+00
    endloop
  endfacet
  facet normal 6.475568e-15 1.000000e+00 -7.309406e-15
    outer loop
      vertex   8.389482e+01 3.600000e+00 2.364544e+00
      vertex   8.425308e+01 3.600000e+00 2.681935e+00
      vertex   8.643010e+01 3.600000e+00 2.000000e+00
    endloop
  endfacet
  facet normal 7.834474e-15 1.000000e+00 -2.971224e-15
    outer loop
      vertex   8.643010e+01 3.600000e+00 2.000000e+00
      vertex   8.425308e+01 3.600000e+00 2.681935e+00
      vertex   8.442281e+01 3.600000e+00 3.129463e+00
    endloop
  endfacet
  facet normal 9.506323e-15 1.000000e+00 0.000000e+00
    outer loop
      vertex   8.643010e+01 3.600000e+00 5.500000e+00
      vertex   8.643010e+01 3.600000e+00 2.000000e+00
      vertex   8.442281e+01 3.600000e+00 3.129463e+00
    endloop
  endfacet
  facet normal 8.314121e-15 1.000000e+00 1.009517e-15
    outer loop
      vertex   8.442281e+01 3.600000e+00 3.129463e+00
      vertex   8.436511e+01 3.600000e+00 3.604605e+00
      vertex   8.643010e+01 3.600000e+00 5.500000e+00
    endloop
  endfacet
  facet normal 5.656796e-15 1.000000e+00 3.904604e-15
    outer loop
      vertex   8.436511e+01 3.600000e+00 3.604605e+00
      vertex   8.409322e+01 3.600000e+00 3.998511e+00
      vertex   8.643010e+01 3.600000e+00 5.500000e+00
    endloop
  endfacet
  facet normal -3.671213e-15 1.000000e+00 6.994911e-15
    outer loop
      vertex   8.319078e+01 3.600000e+00 4.220942e+00
      vertex   8.276697e+01 3.600000e+00 3.998511e+00
      vertex   8.043010e+01 3.600000e+00 5.500000e+00
    endloop
  endfacet
  facet normal -5.656796e-15 1.000000e+00 3.904604e-15
    outer loop
      vertex   8.043010e+01 3.600000e+00 5.500000e+00
      vertex   8.276697e+01 3.600000e+00 3.998511e+00
      vertex   8.249508e+01 3.600000e+00 3.604605e+00
    endloop
  endfacet
  facet normal -9.240730e-15 1.000000e+00 0.000000e+00
    outer loop
      vertex   8.043010e+01 3.600000e+00 2.000000e+00
      vertex   8.043010e+01 3.600000e+00 5.500000e+00
      vertex   8.249508e+01 3.600000e+00 3.604605e+00
    endloop
  endfacet
  facet normal -1.020344e-14 1.000000e+00 1.238922e-15
    outer loop
      vertex   8.249508e+01 3.600000e+00 3.604605e+00
      vertex   8.243739e+01 3.600000e+00 3.129463e+00
      vertex   8.043010e+01 3.600000e+00 2.000000e+00
    endloop
  endfacet
  facet normal -7.834474e-15 1.000000e+00 -2.971224e-15
    outer loop
      vertex   8.243739e+01 3.600000e+00 3.129463e+00
      vertex   8.260711e+01 3.600000e+00 2.681935e+00
      vertex   8.043010e+01 3.600000e+00 2.000000e+00
    endloop
  endfacet
  facet normal -9.350162e-01 -3.480468e-18 3.546049e-01
    outer loop
      vertex   8.425308e+01 -2.400000e+00 2.681935e+00
      vertex   8.442281e+01 -2.400000e+00 3.129463e+00
      vertex   8.442281e+01 3.600000e+00 3.129463e+00
    endloop
  endfacet
  facet normal -9.981756e-01 0.000000e+00 6.037850e-02
    outer loop
      vertex   8.442281e+01 3.600000e+00 3.129463e+00
      vertex   8.442281e+01 -2.400000e+00 3.129463e+00
      vertex   8.443010e+01 -2.400000e+00 3.250000e+00
    endloop
  endfacet
  facet normal -9.927023e-01 -3.627819e-03 -1.205359e-01
    outer loop
      vertex   8.436511e+01 3.600000e+00 3.604605e+00
      vertex   8.442281e+01 3.600000e+00 3.129463e+00
      vertex   8.443010e+01 -2.400000e+00 3.250000e+00
    endloop
  endfacet
  facet normal -9.836199e-01 0.000000e+00 -1.802550e-01
    outer loop
      vertex   8.443010e+01 -2.400000e+00 3.250000e+00
      vertex   8.436511e+01 -2.400000e+00 3.604605e+00
      vertex   8.436511e+01 3.600000e+00 3.604605e+00
    endloop
  endfacet
  facet normal -8.229839e-01 0.000000e+00 -5.680647e-01
    outer loop
      vertex   8.409322e+01 3.600000e+00 3.998511e+00
      vertex   8.436511e+01 3.600000e+00 3.604605e+00
      vertex   8.436511e+01 -2.400000e+00 3.604605e+00
    endloop
  endfacet
  facet normal -8.229839e-01 0.000000e+00 -5.680647e-01
    outer loop
      vertex   8.436511e+01 -2.400000e+00 3.604605e+00
      vertex   8.409322e+01 -2.400000e+00 3.998511e+00
      vertex   8.409322e+01 3.600000e+00 3.998511e+00
    endloop
  endfacet
  facet normal -4.647232e-01 0.000000e+00 -8.854560e-01
    outer loop
      vertex   8.366941e+01 3.600000e+00 4.220942e+00
      vertex   8.409322e+01 3.600000e+00 3.998511e+00
      vertex   8.409322e+01 -2.400000e+00 3.998511e+00
    endloop
  endfacet
  facet normal -4.647232e-01 0.000000e+00 -8.854560e-01
    outer loop
      vertex   8.409322e+01 -2.400000e+00 3.998511e+00
      vertex   8.366941e+01 -2.400000e+00 4.220942e+00
      vertex   8.366941e+01 3.600000e+00 4.220942e+00
    endloop
  endfacet
  facet normal 0.000000e+00 0.000000e+00 -1.000000e+00
    outer loop
      vertex   8.319078e+01 3.600000e+00 4.220942e+00
      vertex   8.366941e+01 3.600000e+00 4.220942e+00
      vertex   8.366941e+01 -2.400000e+00 4.220942e+00
    endloop
  endfacet
  facet normal 0.000000e+00 0.000000e+00 -1.000000e+00
    outer loop
      vertex   8.366941e+01 -2.400000e+00 4.220942e+00
      vertex   8.319078e+01 -2.400000e+00 4.220942e+00
      vertex   8.319078e+01 3.600000e+00 4.220942e+00
    endloop
  endfacet
  facet normal 4.647232e-01 0.000000e+00 -8.854560e-01
    outer loop
      vertex   8.276697e+01 3.600000e+00 3.998511e+00
      vertex   8.319078e+01 3.600000e+00 4.220942e+00
      vertex   8.319078e+01 -2.400000e+00 4.220942e+00
    endloop
  endfacet
  facet normal 4.647232e-01 0.000000e+00 -8.854560e-01
    outer loop
      vertex   8.319078e+01 -2.400000e+00 4.220942e+00
      vertex   8.276697e+01 -2.400000e+00 3.998511e+00
      vertex   8.276697e+01 3.600000e+00 3.998511e+00
    endloop
  endfacet
  facet normal 8.229839e-01 -6.960937e-18 -5.680647e-01
    outer loop
      vertex   8.249508e+01 3.600000e+00 3.604605e+00
      vertex   8.276697e+01 3.600000e+00 3.998511e+00
      vertex   8.276697e+01 -2.400000e+00 3.998511e+00
    endloop
  endfacet
  facet normal 8.229839e-01 -6.960937e-18 -5.680647e-01
    outer loop
      vertex   8.276697e+01 -2.400000e+00 3.998511e+00
      vertex   8.249508e+01 -2.400000e+00 3.604605e+00
      vertex   8.249508e+01 3.600000e+00 3.604605e+00
    endloop
  endfacet
  facet normal 9.927089e-01 0.000000e+00 -1.205367e-01
    outer loop
      vertex   8.243739e+01 3.600000e+00 3.129463e+00
      vertex   8.249508e+01 3.600000e+00 3.604605e+00
      vertex   8.249508e+01 -2.400000e+00 3.604605e+00
    endloop
  endfacet
  facet normal 9.927089e-01 0.000000e+00 -1.205367e-01
    outer loop
      vertex   8.249508e+01 -2.400000e+00 3.604605e+00
      vertex   8.243739e+01 -2.400000e+00 3.129463e+00
      vertex   8.243739e+01 3.600000e+00 3.129463e+00
    endloop
  endfacet
  facet normal 9.350162e-01 3.480468e-18 3.546049e-01
    outer loop
      vertex   8.260711e+01 3.600000e+00 2.681935e+00
      vertex   8.243739e+01 3.600000e+00 3.129463e+00
      vertex   8.243739e+01 -2.400000e+00 3.129463e+00
    endloop
  endfacet
  facet normal 9.350162e-01 3.480468e-18 3.546049e-01
    outer loop
      vertex   8.243739e+01 -2.400000e+00 3.129463e+00
      vertex   8.260711e+01 -2.400000e+00 2.681935e+00
      vertex   8.260711e+01 3.600000e+00 2.681935e+00
    endloop
  endfacet
  facet normal 6.631227e-01 -6.960937e-18 7.485107e-01
    outer loop
      vertex   8.296537e+01 3.600000e+00 2.364544e+00
      vertex   8.260711e+01 3.600000e+00 2.681935e+00
      vertex   8.260711e+01 -2.400000e+00 2.681935e+00
    endloop
  endfacet
  facet normal 6.631227e-01 -6.960937e-18 7.485107e-01
    outer loop
      vertex   8.260711e+01 -2.400000e+00 2.681935e+00
      vertex   8.296537e+01 -2.400000e+00 2.364544e+00
      vertex   8.296537e+01 3.600000e+00 2.364544e+00
    endloop
  endfacet
  facet normal 2.393157e-01 0.000000e+00 9.709418e-01
    outer loop
      vertex   8.343010e+01 3.600000e+00 2.250000e+00
      vertex   8.296537e+01 3.600000e+00 2.364544e+00
      vertex   8.296537e+01 -2.400000e+00 2.364544e+00
    endloop
  endfacet
  facet normal 2.393157e-01 0.000000e+00 9.709418e-01
    outer loop
      vertex   8.296537e+01 -2.400000e+00 2.364544e+00
      vertex   8.343010e+01 -2.400000e+00 2.250000e+00
      vertex   8.343010e+01 3.600000e+00 2.250000e+00
    endloop
  endfacet
  facet normal -2.393157e-01 0.000000e+00 9.709418e-01
    outer loop
      vertex   8.389482e+01 3.600000e+00 2.364544e+00
      vertex   8.343010e+01 3.600000e+00 2.250000e+00
      vertex   8.343010e+01 -2.400000e+00 2.250000e+00
    endloop
  endfacet
  facet normal -2.393157e-01 0.000000e+00 9.709418e-01
    outer loop
      vertex   8.343010e+01 -2.400000e+00 2.250000e+00
      vertex   8.389482e+01 -2.400000e+00 2.364544e+00
      vertex   8.389482e+01 3.600000e+00 2.364544e+00
    endloop
  endfacet
  facet normal -6.631227e-01 0.000000e+00 7.485107e-01
    outer loop
      vertex   8.425308e+01 3.600000e+00 2.681935e+00
      vertex   8.389482e+01 3.600000e+00 2.364544e+00
      vertex   8.389482e+01 -2.400000e+00 2.364544e+00
    endloop
  endfacet
  facet normal -6.631227e-01 0.000000e+00 7.485107e-01
    outer loop
      vertex   8.389482e+01 -2.400000e+00 2.364544e+00
      vertex   8.425308e+01 -2.400000e+00 2.681935e+00
      vertex   8.425308e+01 3.600000e+00 2.681935e+00
    endloop
  endfacet
  facet normal -9.350162e-01 -3.480468e-18 3.546049e-01
    outer loop
      vertex   8.442281e+01 3.600000e+00 3.129463e+00
      vertex   8.425308e+01 3.600000e+00 2.681935e+00
      vertex   8.425308e+01 -2.400000e+00 2.681935e+00
    endloop
  endfacet
  facet normal -3.457097e-15 -1.000000e+00 1.402599e-14
    outer loop
      vertex   8.389482e+01 -2.400000e+00 2.364544e+00
      vertex   8.343010e+01 -2.400000e+00 2.250000e+00
      vertex   8.643010e+01 -2.400000e+00 2.000000e+00
    endloop
  endfacet
  facet normal 5.120619e-25 -1.000000e+00 6.938894e-15
    outer loop
      vertex   2.460510e+01 -2.400000e+00 2.000000e+00
      vertex   1.443010e+01 -2.400000e+00 2.000000e+00
      vertex   1.430096e+00 -2.400000e+00 1.501747e-09
    endloop
  endfacet
  facet normal 0.000000e+00 -1.000000e+00 0.000000e+00
    outer loop
      vertex   9.343010e+01 -2.400000e+00 1.501747e-09
      vertex   8.043010e+01 -2.400000e+00 2.000000e+00
      vertex   6.925510e+01 -2.400000e+00 2.000000e+00
    endloop
  endfacet
  facet normal 3.457097e-15 -1.000000e+00 1.402599e-14
    outer loop
      vertex   8.430096e+00 -2.400000e+00 2.000000e+00
      vertex   1.143010e+01 -2.400000e+00 2.250000e+00
      vertex   1.096537e+01 -2.400000e+00 2.364544e+00
    endloop
  endfacet
  facet normal -5.697799e-15 -1.000000e+00 2.160890e-15
    outer loop
      vertex   1.242281e+01 -2.400000e+00 3.129463e+00
      vertex   1.225308e+01 -2.400000e+00 2.681935e+00
      vertex   1.443010e+01 -2.400000e+00 2.000000e+00
    endloop
  endfacet
  facet normal 3.457097e-15 -1.000000e+00 1.402599e-14
    outer loop
      vertex   8.343010e+01 -2.400000e+00 2.250000e+00
      vertex   8.296537e+01 -2.400000e+00 2.364544e+00
      vertex   8.043010e+01 -2.400000e+00 2.000000e+00
    endloop
  endfacet
  facet normal 3.000603e-15 -1.000000e+00 1.950392e-14
    outer loop
      vertex   8.043010e+01 -2.400000e+00 2.000000e+00
      vertex   9.343010e+01 -2.400000e+00 1.501747e-09
      vertex   8.343010e+01 -2.400000e+00 2.250000e+00
    endloop
  endfacet
  facet normal -6.530724e-15 -1.000000e+00 -2.285753e-14
    outer loop
      vertex   8.643010e+01 -2.400000e+00 2.000000e+00
      vertex   8.343010e+01 -2.400000e+00 2.250000e+00
      vertex   9.343010e+01 -2.400000e+00 1.501747e-09
    endloop
  endfacet
  facet normal 0.000000e+00 -1.000000e+00 0.000000e+00
    outer loop
      vertex   9.343010e+01 -2.400000e+00 1.501747e-09
      vertex   9.343010e+01 -2.400000e+00 2.000000e+00
      vertex   8.643010e+01 -2.400000e+00 2.000000e+00
    endloop
  endfacet
  facet normal 2.669973e-15 -1.000000e+00 -5.087208e-15
    outer loop
      vertex   8.043010e+01 -2.400000e+00 5.500000e+00
      vertex   8.276697e+01 -2.400000e+00 3.998511e+00
      vertex   8.319078e+01 -2.400000e+00 4.220942e+00
    endloop
  endfacet
  facet normal -6.686122e-15 -1.000000e+00 4.044358e-16
    outer loop
      vertex   8.443010e+01 -2.400000e+00 3.250000e+00
      vertex   8.442281e+01 -2.400000e+00 3.129463e+00
      vertex   8.643010e+01 -2.400000e+00 2.000000e+00
    endloop
  endfacet
  facet normal -5.697799e-15 -1.000000e+00 2.160890e-15
    outer loop
      vertex   8.442281e+01 -2.400000e+00 3.129463e+00
      vertex   8.425308e+01 -2.400000e+00 2.681935e+00
      vertex   8.643010e+01 -2.400000e+00 2.000000e+00
    endloop
  endfacet
  facet normal -4.709504e-15 -1.000000e+00 5.315931e-15
    outer loop
      vertex   8.643010e+01 -2.400000e+00 2.000000e+00
      vertex   8.425308e+01 -2.400000e+00 2.681935e+00
      vertex   8.389482e+01 -2.400000e+00 2.364544e+00
    endloop
  endfacet
  facet normal -1.357830e-24 -1.000000e+00 -1.085001e-14
    outer loop
      vertex   8.643010e+01 -2.400000e+00 5.500000e+00
      vertex   8.043010e+01 -2.400000e+00 5.500000e+00
      vertex   8.319078e+01 -2.400000e+00 4.220942e+00
    endloop
  endfacet
  facet normal -4.709504e-15 -1.000000e+00 5.315931e-15
    outer loop
      vertex   1.443010e+01 -2.400000e+00 2.000000e+00
      vertex   1.225308e+01 -2.400000e+00 2.681935e+00
      vertex   1.189482e+01 -2.400000e+00 2.364544e+00
    endloop
  endfacet
  facet normal -3.457097e-15 -1.000000e+00 1.402599e-14
    outer loop
      vertex   1.443010e+01 -2.400000e+00 2.000000e+00
      vertex   1.189482e+01 -2.400000e+00 2.364544e+00
      vertex   1.143010e+01 -2.400000e+00 2.250000e+00
    endloop
  endfacet
  facet normal -2.625527e-15 -1.000000e+00 2.400482e-14
    outer loop
      vertex   1.143010e+01 -2.400000e+00 2.250000e+00
      vertex   1.430096e+00 -2.400000e+00 1.501747e-09
      vertex   1.443010e+01 -2.400000e+00 2.000000e+00
    endloop
  endfacet
  facet normal 5.714383e-15 -1.000000e+00 -1.306145e-14
    outer loop
      vertex   1.430096e+00 -2.400000e+00 1.501747e-09
      vertex   1.143010e+01 -2.400000e+00 2.250000e+00
      vertex   8.430096e+00 -2.400000e+00 2.000000e+00
    endloop
  endfacet
  facet normal 1.982541e-15 -1.000000e+00 0.000000e+00
    outer loop
      vertex   8.430096e+00 -2.400000e+00 2.000000e+00
      vertex   1.430096e+00 -2.400000e+00 2.000000e+00
      vertex   1.430096e+00 -2.400000e+00 1.501747e-09
    endloop
  endfacet
  facet normal 4.709504e-15 -1.000000e+00 5.315931e-15
    outer loop
      vertex   8.296537e+01 -2.400000e+00 2.364544e+00
      vertex   8.260711e+01 -2.400000e+00 2.681935e+00
      vertex   8.043010e+01 -2.400000e+00 2.000000e+00
    endloop
  endfacet
  facet normal 5.697799e-15 -1.000000e+00 2.160890e-15
    outer loop
      vertex   8.043010e+01 -2.400000e+00 2.000000e+00
      vertex   8.260711e+01 -2.400000e+00 2.681935e+00
      vertex   8.243739e+01 -2.400000e+00 3.129463e+00
    endloop
  endfacet
  facet normal 6.913690e-15 -1.000000e+00 0.000000e+00
    outer loop
      vertex   8.043010e+01 -2.400000e+00 5.500000e+00
      vertex   8.043010e+01 -2.400000e+00 2.000000e+00
      vertex   8.243739e+01 -2.400000e+00 3.129463e+00
    endloop
  endfacet
  facet normal 6.046633e-15 -1.000000e+00 -7.341942e-16
    outer loop
      vertex   8.243739e+01 -2.400000e+00 3.129463e+00
      vertex   8.249508e+01 -2.400000e+00 3.604605e+00
      vertex   8.043010e+01 -2.400000e+00 5.500000e+00
    endloop
  endfacet
  facet normal 4.114033e-15 -1.000000e+00 -2.839712e-15
    outer loop
      vertex   8.249508e+01 -2.400000e+00 3.604605e+00
      vertex   8.276697e+01 -2.400000e+00 3.998511e+00
      vertex   8.043010e+01 -2.400000e+00 5.500000e+00
    endloop
  endfacet
  facet normal 0.000000e+00 -1.000000e+00 -1.085001e-14
    outer loop
      vertex   8.319078e+01 -2.400000e+00 4.220942e+00
      vertex   8.366941e+01 -2.400000e+00 4.220942e+00
      vertex   8.643010e+01 -2.400000e+00 5.500000e+00
    endloop
  endfacet
  facet normal -2.669973e-15 -1.000000e+00 -5.087208e-15
    outer loop
      vertex   8.643010e+01 -2.400000e+00 5.500000e+00
      vertex   8.366941e+01 -2.400000e+00 4.220942e+00
      vertex   8.409322e+01 -2.400000e+00 3.998511e+00
    endloop
  endfacet
  facet normal -5.938603e-15 -1.000000e+00 8.237762e-31
    outer loop
      vertex   8.409322e+01 -2.400000e+00 3.998511e+00
      vertex   8.643010e+01 -2.400000e+00 2.000000e+00
      vertex   8.643010e+01 -2.400000e+00 5.500000e+00
    endloop
  endfacet
  facet normal -1.449521e-14 -1.000000e+00 -1.000532e-14
    outer loop
      vertex   8.643010e+01 -2.400000e+00 2.000000e+00
      vertex   8.409322e+01 -2.400000e+00 3.998511e+00
      vertex   8.436511e+01 -2.400000e+00 3.604605e+00
    endloop
  endfacet
  facet normal -7.836445e-15 -1.000000e+00 -1.436082e-15
    outer loop
      vertex   8.643010e+01 -2.400000e+00 2.000000e+00
      vertex   8.436511e+01 -2.400000e+00 3.604605e+00
      vertex   8.443010e+01 -2.400000e+00 3.250000e+00
    endloop
  endfacet
  facet normal 0.000000e+00 -1.000000e+00 0.000000e+00
    outer loop
      vertex   9.343010e+01 -2.400000e+00 1.501747e-09
      vertex   6.925510e+01 -2.400000e+00 2.000000e+00
      vertex   5.875510e+01 -2.400000e+00 2.000000e+00
    endloop
  endfacet
  facet normal 0.000000e+00 -1.000000e+00 0.000000e+00
    outer loop
      vertex   9.343010e+01 -2.400000e+00 1.501747e-09
      vertex   5.875510e+01 -2.400000e+00 2.000000e+00
      vertex   4.693010e+01 -2.400000e+00 2.000000e+00
    endloop
  endfacet
  facet normal 1.508455e-16 -1.000000e+00 3.507158e-15
    outer loop
      vertex   4.693010e+01 -2.400000e+00 2.000000e+00
      vertex   1.430096e+00 -2.400000e+00 1.501747e-09
      vertex   9.343010e+01 -2.400000e+00 1.501747e-09
    endloop
  endfacet
  facet normal 2.001853e-31 -1.000000e+00 6.938894e-15
    outer loop
      vertex   1.430096e+00 -2.400000e+00 1.501747e-09
      vertex   4.693010e+01 -2.400000e+00 2.000000e+00
      vertex   3.510510e+01 -2.400000e+00 2.000000e+00
    endloop
  endfacet
  facet normal 0.000000e+00 -1.000000e+00 6.938894e-15
    outer loop
      vertex   3.510510e+01 -2.400000e+00 2.000000e+00
      vertex   2.460510e+01 -2.400000e+00 2.000000e+00
      vertex   1.430096e+00 -2.400000e+00 1.501747e-09
    endloop
  endfacet
  facet normal 6.046633e-15 -1.000000e+00 -7.341942e-16
    outer loop
      vertex   1.043739e+01 -2.400000e+00 3.129463e+00
      vertex   1.049508e+01 -2.400000e+00 3.604605e+00
      vertex   8.430096e+00 -2.400000e+00 5.500000e+00
    endloop
  endfacet
  facet normal 6.913690e-15 -1.000000e+00 0.000000e+00
    outer loop
      vertex   8.430096e+00 -2.400000e+00 5.500000e+00
      vertex   8.430096e+00 -2.400000e+00 2.000000e+00
      vertex   1.043739e+01 -2.400000e+00 3.129463e+00
    endloop
  endfacet
  facet normal 5.697799e-15 -1.000000e+00 2.160890e-15
    outer loop
      vertex   8.430096e+00 -2.400000e+00 2.000000e+00
      vertex   1.060711e+01 -2.400000e+00 2.681935e+00
      vertex   1.043739e+01 -2.400000e+00 3.129463e+00
    endloop
  endfacet
  facet normal 4.709504e-15 -1.000000e+00 5.315931e-15
    outer loop
      vertex   1.096537e+01 -2.400000e+00 2.364544e+00
      vertex   1.060711e+01 -2.400000e+00 2.681935e+00
      vertex   8.430096e+00 -2.400000e+00 2.000000e+00
    endloop
  endfacet
  facet normal 4.114033e-15 -1.000000e+00 -2.839712e-15
    outer loop
      vertex   8.430096e+00 -2.400000e+00 5.500000e+00
      vertex   1.049508e+01 -2.400000e+00 3.604605e+00
      vertex   1.076697e+01 -2.400000e+00 3.998511e+00
    endloop
  endfacet
  facet normal 2.669973e-15 -1.000000e+00 -5.087208e-15
    outer loop
      vertex   1.076697e+01 -2.400000e+00 3.998511e+00
      vertex   1.119078e+01 -2.400000e+00 4.220942e+00
      vertex   8.430096e+00 -2.400000e+00 5.500000e+00
    endloop
  endfacet
  facet normal 1.357830e-24 -1.000000e+00 -1.085001e-14
    outer loop
      vertex   1.443010e+01 -2.400000e+00 5.500000e+00
      vertex   8.430096e+00 -2.400000e+00 5.500000e+00
      vertex   1.119078e+01 -2.400000e+00 4.220942e+00
    endloop
  endfacet
  facet normal -1.966206e-29 -1.000000e+00 -1.085001e-14
    outer loop
      vertex   1.119078e+01 -2.400000e+00 4.220942e+00
      vertex   1.166941e+01 -2.400000e+00 4.220942e+00
      vertex   1.443010e+01 -2.400000e+00 5.500000e+00
    endloop
  endfacet
  facet normal -2.669973e-15 -1.000000e+00 -5.087208e-15
    outer loop
      vertex   1.166941e+01 -2.400000e+00 4.220942e+00
      vertex   1.209322e+01 -2.400000e+00 3.998511e+00
      vertex   1.443010e+01 -2.400000e+00 5.500000e+00
    endloop
  endfacet
  facet normal -4.114033e-15 -1.000000e+00 -2.839712e-15
    outer loop
      vertex   1.443010e+01 -2.400000e+00 5.500000e+00
      vertex   1.209322e+01 -2.400000e+00 3.998511e+00
      vertex   1.236511e+01 -2.400000e+00 3.604605e+00
    endloop
  endfacet
  facet normal -6.720531e-15 -1.000000e+00 0.000000e+00
    outer loop
      vertex   1.443010e+01 -2.400000e+00 2.000000e+00
      vertex   1.443010e+01 -2.400000e+00 5.500000e+00
      vertex   1.236511e+01 -2.400000e+00 3.604605e+00
    endloop
  endfacet
  facet normal -7.836445e-15 -1.000000e+00 -1.436082e-15
    outer loop
      vertex   1.236511e+01 -2.400000e+00 3.604605e+00
      vertex   1.243010e+01 -2.400000e+00 3.250000e+00
      vertex   1.443010e+01 -2.400000e+00 2.000000e+00
    endloop
  endfacet
  facet normal -6.686122e-15 -1.000000e+00 4.044358e-16
    outer loop
      vertex   1.243010e+01 -2.400000e+00 3.250000e+00
      vertex   1.242281e+01 -2.400000e+00 3.129463e+00
      vertex   1.443010e+01 -2.400000e+00 2.000000e+00
    endloop
  endfacet
  facet normal 4.245865e-11 2.554652e-11 -1.000000e+00
    outer loop
      vertex   6.764449e+01 2.066906e+01 -5.551115e-14
      vertex   6.669689e+01 2.224398e+01 -5.551115e-14
      vertex   9.343010e+01 3.660000e+01 1.501747e-09
    endloop
  endfacet
  facet normal 3.723604e-11 3.527185e-11 -1.000000e+00
    outer loop
      vertex   9.343010e+01 3.660000e+01 1.501747e-09
      vertex   6.669689e+01 2.224398e+01 -5.551115e-14
      vertex   6.543288e+01 2.357838e+01 -5.551115e-14
    endloop
  endfacet
  facet normal 3.181604e-11 4.692515e-11 -1.000000e+00
    outer loop
      vertex   6.543288e+01 2.357838e+01 -5.551115e-14
      vertex   6.391157e+01 2.460985e+01 -5.551115e-14
      vertex   9.343010e+01 3.660000e+01 1.501747e-09
    endloop
  endfacet
  facet normal 2.519315e-11 6.323004e-11 -1.000000e+00
    outer loop
      vertex   9.343010e+01 3.660000e+01 1.501747e-09
      vertex   6.391157e+01 2.460985e+01 -5.551115e-14
      vertex   6.220409e+01 2.529017e+01 -5.551115e-14
    endloop
  endfacet
  facet normal 2.519315e-11 -6.323004e-11 -1.000000e+00
    outer loop
      vertex   6.220409e+01 8.909825e+00 -5.551115e-14
      vertex   6.391157e+01 9.590148e+00 -5.551115e-14
      vertex   9.343010e+01 -2.400000e+00 1.501747e-09
    endloop
  endfacet
  facet normal -1.723363e-15 7.973125e-16 -1.000000e+00
    outer loop
      vertex   1.430096e+00 3.660000e+01 0.000000e+00
      vertex   2.664681e+01 2.148221e+01 -5.551115e-14
      vertex   2.587504e+01 1.981406e+01 -5.551115e-14
    endloop
  endfacet
  facet normal -1.972691e-15 4.342221e-16 -1.000000e+00
    outer loop
      vertex   2.587504e+01 1.981406e+01 -5.551115e-14
      vertex   2.547992e+01 1.801901e+01 -5.551115e-14
      vertex   1.430096e+00 3.660000e+01 0.000000e+00
    endloop
  endfacet
  facet normal -2.975244e-11 -3.850632e-11 -1.000000e+00
    outer loop
      vertex   1.430096e+00 -2.400000e+00 1.501747e-09
      vertex   1.430096e+00 3.660000e+01 0.000000e+00
      vertex   2.547992e+01 1.801901e+01 -5.551115e-14
    endloop
  endfacet
  facet normal -6.244544e-11 -0.000000e+00 -1.000000e+00
    outer loop
      vertex   2.547992e+01 1.801901e+01 -5.551115e-14
      vertex   2.547992e+01 1.618099e+01 -5.551115e-14
      vertex   1.430096e+00 -2.400000e+00 1.501747e-09
    endloop
  endfacet
  facet normal -5.336930e-11 -1.174747e-11 -1.000000e+00
    outer loop
      vertex   2.547992e+01 1.618099e+01 -5.551115e-14
      vertex   2.587504e+01 1.438594e+01 -5.551115e-14
      vertex   1.430096e+00 -2.400000e+00 1.501747e-09
    endloop
  endfacet
  facet normal -4.662396e-11 -2.157054e-11 -1.000000e+00
    outer loop
      vertex   1.430096e+00 -2.400000e+00 1.501747e-09
      vertex   2.587504e+01 1.438594e+01 -5.551115e-14
      vertex   2.664681e+01 1.271779e+01 -5.551115e-14
    endloop
  endfacet
  facet normal -4.091105e-11 -3.109977e-11 -1.000000e+00
    outer loop
      vertex   1.430096e+00 -2.400000e+00 1.501747e-09
      vertex   2.664681e+01 1.271779e+01 -5.551115e-14
      vertex   2.775913e+01 1.125455e+01 -5.551115e-14
    endloop
  endfacet
  facet normal 3.181604e-11 -4.692515e-11 -1.000000e+00
    outer loop
      vertex   9.343010e+01 -2.400000e+00 1.501747e-09
      vertex   6.391157e+01 9.590148e+00 -5.551115e-14
      vertex   6.543288e+01 1.062162e+01 -5.551115e-14
    endloop
  endfacet
  facet normal 3.723604e-11 -3.527185e-11 -1.000000e+00
    outer loop
      vertex   6.543288e+01 1.062162e+01 -5.551115e-14
      vertex   6.669689e+01 1.195602e+01 -5.551115e-14
      vertex   9.343010e+01 -2.400000e+00 1.501747e-09
    endloop
  endfacet
  facet normal 4.245865e-11 -2.554652e-11 -1.000000e+00
    outer loop
      vertex   9.343010e+01 -2.400000e+00 1.501747e-09
      vertex   6.669689e+01 1.195602e+01 -5.551115e-14
      vertex   6.764449e+01 1.353094e+01 -5.551115e-14
    endloop
  endfacet
  facet normal 4.820673e-11 -1.624274e-11 -1.000000e+00
    outer loop
      vertex   6.764449e+01 1.353094e+01 -5.551115e-14
      vertex   6.823137e+01 1.527275e+01 -5.551115e-14
      vertex   9.343010e+01 -2.400000e+00 1.501747e-09
    endloop
  endfacet
  facet normal 5.537465e-11 -6.022356e-12 -1.000000e+00
    outer loop
      vertex   9.343010e+01 -2.400000e+00 1.501747e-09
      vertex   6.823137e+01 1.527275e+01 -5.551115e-14
      vertex   6.843010e+01 1.710000e+01 -5.551115e-14
    endloop
  endfacet
  facet normal 6.007209e-11 0.000000e+00 -1.000000e+00
    outer loop
      vertex   9.343010e+01 3.660000e+01 1.501747e-09
      vertex   9.343010e+01 -2.400000e+00 1.501747e-09
      vertex   6.843010e+01 1.710000e+01 -5.551115e-14
    endloop
  endfacet
  facet normal 5.537465e-11 6.022356e-12 -1.000000e+00
    outer loop
      vertex   6.843010e+01 1.710000e+01 -5.551115e-14
      vertex   6.823137e+01 1.892725e+01 -5.551115e-14
      vertex   9.343010e+01 3.660000e+01 1.501747e-09
    endloop
  endfacet
  facet normal 4.820673e-11 1.624274e-11 -1.000000e+00
    outer loop
      vertex   9.343010e+01 3.660000e+01 1.501747e-09
      vertex   6.823137e+01 1.892725e+01 -5.551115e-14
      vertex   6.764449e+01 2.066906e+01 -5.551115e-14
    endloop
  endfacet
  facet normal 1.754205e-11 4.402724e-11 -1.000000e+00
    outer loop
      vertex   9.343010e+01 3.660000e+01 1.501747e-09
      vertex   3.791157e+01 2.460985e+01 -5.551115e-14
      vertex   3.620409e+01 2.529017e+01 -5.551115e-14
    endloop
  endfacet
  facet normal 1.189896e-11 7.258045e-11 -1.000000e+00
    outer loop
      vertex   9.343010e+01 3.660000e+01 1.501747e-09
      vertex   3.620409e+01 2.529017e+01 -5.551115e-14
      vertex   3.439028e+01 2.558753e+01 -5.551115e-14
    endloop
  endfacet
  facet normal 1.632333e-11 4.886058e-11 -1.000000e+00
    outer loop
      vertex   3.439028e+01 2.558753e+01 -5.551115e-14
      vertex   1.430096e+00 3.660000e+01 0.000000e+00
      vertex   9.343010e+01 3.660000e+01 1.501747e-09
    endloop
  endfacet
  facet normal -2.351438e-16 4.336973e-15 -1.000000e+00
    outer loop
      vertex   1.430096e+00 3.660000e+01 0.000000e+00
      vertex   3.439028e+01 2.558753e+01 -5.551115e-14
      vertex   3.255495e+01 2.548803e+01 -5.551115e-14
    endloop
  endfacet
  facet normal -7.802365e-16 2.810158e-15 -1.000000e+00
    outer loop
      vertex   3.255495e+01 2.548803e+01 -5.551115e-14
      vertex   3.078392e+01 2.499630e+01 -5.551115e-14
      vertex   1.430096e+00 3.660000e+01 0.000000e+00
    endloop
  endfacet
  facet normal 0.000000e+00 0.000000e+00 -1.000000e+00
    outer loop
      vertex   4.164449e+01 2.066906e+01 -5.551115e-14
      vertex   4.069689e+01 2.224398e+01 -5.551115e-14
      vertex   5.187504e+01 1.981406e+01 -5.551115e-14
    endloop
  endfacet
  facet normal 0.000000e+00 0.000000e+00 -1.000000e+00
    outer loop
      vertex   4.069689e+01 2.224398e+01 -5.551115e-14
      vertex   5.264681e+01 2.148221e+01 -5.551115e-14
      vertex   5.187504e+01 1.981406e+01 -5.551115e-14
    endloop
  endfacet
  facet normal -1.083341e-15 2.043397e-15 -1.000000e+00
    outer loop
      vertex   1.430096e+00 3.660000e+01 0.000000e+00
      vertex   3.078392e+01 2.499630e+01 -5.551115e-14
      vertex   2.916001e+01 2.413536e+01 -5.551115e-14
    endloop
  endfacet
  facet normal -1.309089e-15 1.541178e-15 -1.000000e+00
    outer loop
      vertex   2.916001e+01 2.413536e+01 -5.551115e-14
      vertex   2.775913e+01 2.294545e+01 -5.551115e-14
      vertex   1.430096e+00 3.660000e+01 0.000000e+00
    endloop
  endfacet
  facet normal -1.512196e-15 1.149542e-15 -1.000000e+00
    outer loop
      vertex   2.775913e+01 2.294545e+01 -5.551115e-14
      vertex   2.664681e+01 2.148221e+01 -5.551115e-14
      vertex   1.430096e+00 3.660000e+01 0.000000e+00
    endloop
  endfacet
  facet normal -3.541617e-11 -4.169514e-11 -1.000000e+00
    outer loop
      vertex   2.775913e+01 1.125455e+01 -5.551115e-14
      vertex   2.916001e+01 1.006464e+01 -5.551115e-14
      vertex   1.430096e+00 -2.400000e+00 1.501747e-09
    endloop
  endfacet
  facet normal -2.930876e-11 -5.528219e-11 -1.000000e+00
    outer loop
      vertex   1.430096e+00 -2.400000e+00 1.501747e-09
      vertex   2.916001e+01 1.006464e+01 -5.551115e-14
      vertex   3.078392e+01 9.203698e+00 -5.551115e-14
    endloop
  endfacet
  facet normal -2.110857e-11 -7.602619e-11 -1.000000e+00
    outer loop
      vertex   3.078392e+01 9.203698e+00 -5.551115e-14
      vertex   3.255495e+01 8.711975e+00 -5.551115e-14
      vertex   1.430096e+00 -2.400000e+00 1.501747e-09
    endloop
  endfacet
  facet normal -1.944314e-11 -3.667365e-11 -1.000000e+00
    outer loop
      vertex   1.430096e+00 -2.400000e+00 1.501747e-09
      vertex   5.516001e+01 1.006464e+01 -5.551115e-14
      vertex   5.678392e+01 9.203698e+00 -5.551115e-14
    endloop
  endfacet
  facet normal -1.545914e-11 -5.567878e-11 -1.000000e+00
    outer loop
      vertex   5.678392e+01 9.203698e+00 -5.551115e-14
      vertex   5.855495e+01 8.711975e+00 -5.551115e-14
      vertex   1.430096e+00 -2.400000e+00 1.501747e-09
    endloop
  endfacet
  facet normal 2.038703e-26 -1.351517e-10 -1.000000e+00
    outer loop
      vertex   9.343010e+01 -2.400000e+00 1.501747e-09
      vertex   1.430096e+00 -2.400000e+00 1.501747e-09
      vertex   5.855495e+01 8.711975e+00 -5.551115e-14
    endloop
  endfacet
  facet normal -8.830330e-12 -1.628659e-10 -1.000000e+00
    outer loop
      vertex   5.855495e+01 8.711975e+00 -5.551115e-14
      vertex   6.039028e+01 8.612466e+00 -5.551115e-14
      vertex   9.343010e+01 -2.400000e+00 1.501747e-09
    endloop
  endfacet
  facet normal 1.498612e-11 -9.141127e-11 -1.000000e+00
    outer loop
      vertex   9.343010e+01 -2.400000e+00 1.501747e-09
      vertex   6.039028e+01 8.612466e+00 -5.551115e-14
      vertex   6.220409e+01 8.909825e+00 -5.551115e-14
    endloop
  endfacet
  facet normal 1.498612e-11 9.141127e-11 -1.000000e+00
    outer loop
      vertex   6.220409e+01 2.529017e+01 -5.551115e-14
      vertex   6.039028e+01 2.558753e+01 -5.551115e-14
      vertex   9.343010e+01 3.660000e+01 1.501747e-09
    endloop
  endfacet
  facet normal -8.830330e-12 1.628659e-10 -1.000000e+00
    outer loop
      vertex   9.343010e+01 3.660000e+01 1.501747e-09
      vertex   6.039028e+01 2.558753e+01 -5.551115e-14
      vertex   5.855495e+01 2.548803e+01 -5.551115e-14
    endloop
  endfacet
  facet normal -6.635273e-12 1.559766e-10 -1.000000e+00
    outer loop
      vertex   3.791157e+01 2.460985e+01 -5.551115e-14
      vertex   9.343010e+01 3.660000e+01 1.501747e-09
      vertex   5.855495e+01 2.548803e+01 -5.551115e-14
    endloop
  endfacet
  facet normal 0.000000e+00 0.000000e+00 -1.000000e+00
    outer loop
      vertex   5.855495e+01 2.548803e+01 -5.551115e-14
      vertex   5.678392e+01 2.499630e+01 -5.551115e-14
      vertex   3.791157e+01 2.460985e+01 -5.551115e-14
    endloop
  endfacet
  facet normal 0.000000e+00 0.000000e+00 -1.000000e+00
    outer loop
      vertex   3.791157e+01 2.460985e+01 -5.551115e-14
      vertex   5.678392e+01 2.499630e+01 -5.551115e-14
      vertex   5.516001e+01 2.413536e+01 -5.551115e-14
    endloop
  endfacet
  facet normal 0.000000e+00 0.000000e+00 -1.000000e+00
    outer loop
      vertex   5.264681e+01 2.148221e+01 -5.551115e-14
      vertex   4.069689e+01 2.224398e+01 -5.551115e-14
      vertex   3.943288e+01 2.357838e+01 -5.551115e-14
    endloop
  endfacet
  facet normal 0.000000e+00 0.000000e+00 -1.000000e+00
    outer loop
      vertex   3.943288e+01 2.357838e+01 -5.551115e-14
      vertex   3.791157e+01 2.460985e+01 -5.551115e-14
      vertex   5.264681e+01 2.148221e+01 -5.551115e-14
    endloop
  endfacet
  facet normal -0.000000e+00 0.000000e+00 -1.000000e+00
    outer loop
      vertex   5.375913e+01 2.294545e+01 -5.551115e-14
      vertex   5.264681e+01 2.148221e+01 -5.551115e-14
      vertex   3.791157e+01 2.460985e+01 -5.551115e-14
    endloop
  endfacet
  facet normal 0.000000e+00 0.000000e+00 -1.000000e+00
    outer loop
      vertex   3.791157e+01 2.460985e+01 -5.551115e-14
      vertex   5.516001e+01 2.413536e+01 -5.551115e-14
      vertex   5.375913e+01 2.294545e+01 -5.551115e-14
    endloop
  endfacet
  facet normal 0.000000e+00 0.000000e+00 -1.000000e+00
    outer loop
      vertex   5.516001e+01 1.006464e+01 -5.551115e-14
      vertex   3.943288e+01 1.062162e+01 -5.551115e-14
      vertex   4.069689e+01 1.195602e+01 -5.551115e-14
    endloop
  endfacet
  facet normal 0.000000e+00 0.000000e+00 -1.000000e+00
    outer loop
      vertex   4.069689e+01 1.195602e+01 -5.551115e-14
      vertex   4.164449e+01 1.353094e+01 -5.551115e-14
      vertex   5.516001e+01 1.006464e+01 -5.551115e-14
    endloop
  endfacet
  facet normal -0.000000e+00 -0.000000e+00 -1.000000e+00
    outer loop
      vertex   5.375913e+01 1.125455e+01 -5.551115e-14
      vertex   5.516001e+01 1.006464e+01 -5.551115e-14
      vertex   4.164449e+01 1.353094e+01 -5.551115e-14
    endloop
  endfacet
  facet normal -6.361596e-12 -1.173327e-10 -1.000000e+00
    outer loop
      vertex   1.430096e+00 -2.400000e+00 1.501747e-09
      vertex   3.255495e+01 8.711975e+00 -5.551115e-14
      vertex   3.439028e+01 8.612466e+00 -5.551115e-14
    endloop
  endfacet
  facet normal 4.389580e-11 -2.677525e-10 -1.000000e+00
    outer loop
      vertex   1.430096e+00 -2.400000e+00 1.501747e-09
      vertex   3.439028e+01 8.612466e+00 -5.551115e-14
      vertex   3.620409e+01 8.909825e+00 -5.551115e-14
    endloop
  endfacet
  facet normal 9.954107e-12 -1.633930e-10 -1.000000e+00
    outer loop
      vertex   3.620409e+01 8.909825e+00 -5.551115e-14
      vertex   5.516001e+01 1.006464e+01 -5.551115e-14
      vertex   1.430096e+00 -2.400000e+00 1.501747e-09
    endloop
  endfacet
  facet normal 0.000000e+00 0.000000e+00 -1.000000e+00
    outer loop
      vertex   3.620409e+01 8.909825e+00 -5.551115e-14
      vertex   3.791157e+01 9.590148e+00 -5.551115e-14
      vertex   5.516001e+01 1.006464e+01 -5.551115e-14
    endloop
  endfacet
  facet normal -0.000000e+00 0.000000e+00 -1.000000e+00
    outer loop
      vertex   5.516001e+01 1.006464e+01 -5.551115e-14
      vertex   3.791157e+01 9.590148e+00 -5.551115e-14
      vertex   3.943288e+01 1.062162e+01 -5.551115e-14
    endloop
  endfacet
  facet normal 0.000000e+00 0.000000e+00 -1.000000e+00
    outer loop
      vertex   4.223137e+01 1.892725e+01 -5.551115e-14
      vertex   4.164449e+01 2.066906e+01 -5.551115e-14
      vertex   5.187504e+01 1.981406e+01 -5.551115e-14
    endloop
  endfacet
  facet normal 0.000000e+00 0.000000e+00 -1.000000e+00
    outer loop
      vertex   5.187504e+01 1.981406e+01 -5.551115e-14
      vertex   5.147992e+01 1.801901e+01 -5.551115e-14
      vertex   4.223137e+01 1.892725e+01 -5.551115e-14
    endloop
  endfacet
  facet normal 0.000000e+00 0.000000e+00 -1.000000e+00
    outer loop
      vertex   4.243010e+01 1.710000e+01 -5.551115e-14
      vertex   4.223137e+01 1.892725e+01 -5.551115e-14
      vertex   5.147992e+01 1.801901e+01 -5.551115e-14
    endloop
  endfacet
  facet normal 0.000000e+00 -0.000000e+00 -1.000000e+00
    outer loop
      vertex   5.147992e+01 1.801901e+01 -5.551115e-14
      vertex   5.147992e+01 1.618099e+01 -5.551115e-14
      vertex   4.243010e+01 1.710000e+01 -5.551115e-14
    endloop
  endfacet
  facet normal 0.000000e+00 0.000000e+00 -1.000000e+00
    outer loop
      vertex   4.223137e+01 1.527275e+01 -5.551115e-14
      vertex   4.243010e+01 1.710000e+01 -5.551115e-14
      vertex   5.147992e+01 1.618099e+01 -5.551115e-14
    endloop
  endfacet
  facet normal 0.000000e+00 -0.000000e+00 -1.000000e+00
    outer loop
      vertex   5.147992e+01 1.618099e+01 -5.551115e-14
      vertex   5.187504e+01 1.438594e+01 -5.551115e-14
      vertex   4.223137e+01 1.527275e+01 -5.551115e-14
    endloop
  endfacet
  facet normal -0.000000e+00 0.000000e+00 -1.000000e+00
    outer loop
      vertex   5.187504e+01 1.438594e+01 -5.551115e-14
      vertex   4.164449e+01 1.353094e+01 -5.551115e-14
      vertex   4.223137e+01 1.527275e+01 -5.551115e-14
    endloop
  endfacet
  facet normal 0.000000e+00 0.000000e+00 -1.000000e+00
    outer loop
      vertex   4.164449e+01 1.353094e+01 -5.551115e-14
      vertex   5.187504e+01 1.438594e+01 -5.551115e-14
      vertex   5.264681e+01 1.271779e+01 -5.551115e-14
    endloop
  endfacet
  facet normal 0.000000e+00 0.000000e+00 -1.000000e+00
    outer loop
      vertex   4.164449e+01 1.353094e+01 -5.551115e-14
      vertex   5.264681e+01 1.271779e+01 -5.551115e-14
      vertex   5.375913e+01 1.125455e+01 -5.551115e-14
    endloop
  endfacet
  facet normal 1.000000e+00 0.000000e+00 -0.000000e+00
    outer loop
      vertex   9.343010e+01 3.660000e+01 1.501747e-09
      vertex   9.343010e+01 3.660000e+01 2.000000e+00
      vertex   9.343010e+01 2.667500e+01 2.000000e+00
    endloop
  endfacet
  facet normal 1.000000e+00 0.000000e+00 0.000000e+00
    outer loop
      vertex   9.343010e+01 3.660000e+01 1.501747e-09
      vertex   9.343010e+01 2.667500e+01 2.000000e+00
      vertex   9.343010e+01 1.710000e+01 2.000000e+00
    endloop
  endfacet
  facet normal 1.000000e+00 0.000000e+00 0.000000e+00
    outer loop
      vertex   9.343010e+01 -2.400000e+00 1.501747e-09
      vertex   9.343010e+01 3.660000e+01 1.501747e-09
      vertex   9.343010e+01 1.710000e+01 2.000000e+00
    endloop
  endfacet
  facet normal 1.000000e+00 0.000000e+00 0.000000e+00
    outer loop
      vertex   9.343010e+01 1.710000e+01 2.000000e+00
      vertex   9.343010e+01 7.525000e+00 2.000000e+00
      vertex   9.343010e+01 -2.400000e+00 1.501747e-09
    endloop
  endfacet
  facet normal 1.000000e+00 0.000000e+00 0.000000e+00
    outer loop
      vertex   9.343010e+01 7.525000e+00 2.000000e+00
      vertex   9.343010e+01 -2.400000e+00 2.000000e+00
      vertex   9.343010e+01 -2.400000e+00 1.501747e-09
    endloop
  endfacet
  facet normal -1.000000e+00 -1.747832e-16 0.000000e+00
    outer loop
      vertex   1.430096e+00 -2.400000e+00 1.501747e-09
      vertex   1.430096e+00 -2.400000e+00 2.000000e+00
      vertex   1.430096e+00 7.525000e+00 2.000000e+00
    endloop
  endfacet
  facet normal -1.000000e+00 0.000000e+00 -8.673617e-16
    outer loop
      vertex   1.430096e+00 -2.400000e+00 1.501747e-09
      vertex   1.430096e+00 7.525000e+00 2.000000e+00
      vertex   1.430096e+00 1.710000e+01 2.000000e+00
    endloop
  endfacet
  facet normal -1.000000e+00 -4.448009e-17 -4.336809e-16
    outer loop
      vertex   1.430096e+00 1.710000e+01 2.000000e+00
      vertex   1.430096e+00 3.660000e+01 0.000000e+00
      vertex   1.430096e+00 -2.400000e+00 1.501747e-09
    endloop
  endfacet
  facet normal -1.000000e+00 0.000000e+00 0.000000e+00
    outer loop
      vertex   1.430096e+00 3.660000e+01 0.000000e+00
      vertex   1.430096e+00 1.710000e+01 2.000000e+00
      vertex   1.430096e+00 2.667500e+01 2.000000e+00
    endloop
  endfacet
  facet normal -1.000000e+00 0.000000e+00 0.000000e+00
    outer loop
      vertex   1.430096e+00 2.667500e+01 2.000000e+00
      vertex   1.430096e+00 3.660000e+01 2.000000e+00
      vertex   1.430096e+00 3.660000e+01 0.000000e+00
    endloop
  endfacet
  facet normal -9.941380e-01 -1.081190e-01 -1.696336e-16
    outer loop
      vertex   4.223137e+01 1.892725e+01 -5.551115e-14
      vertex   4.243010e+01 1.710000e+01 -5.551115e-14
      vertex   4.243010e+01 1.710000e+01 2.000000e+00
    endloop
  endfacet
  facet normal -9.941380e-01 -1.081190e-01 3.769635e-17
    outer loop
      vertex   4.243010e+01 1.710000e+01 2.000000e+00
      vertex   4.223137e+01 1.892725e+01 2.000000e+00
      vertex   4.223137e+01 1.892725e+01 -5.551115e-14
    endloop
  endfacet
  facet normal -9.476532e-01 -3.193015e-01 -3.769635e-17
    outer loop
      vertex   4.164449e+01 2.066906e+01 -5.551115e-14
      vertex   4.223137e+01 1.892725e+01 -5.551115e-14
      vertex   4.223137e+01 1.892725e+01 2.000000e+00
    endloop
  endfacet
  facet normal -9.476532e-01 -3.193015e-01 -3.769635e-17
    outer loop
      vertex   4.223137e+01 1.892725e+01 2.000000e+00
      vertex   4.164449e+01 2.066906e+01 2.000000e+00
      vertex   4.164449e+01 2.066906e+01 -5.551115e-14
    endloop
  endfacet
  facet normal -8.568572e-01 -5.155539e-01 7.539269e-17
    outer loop
      vertex   4.069689e+01 2.224398e+01 -5.551115e-14
      vertex   4.164449e+01 2.066906e+01 -5.551115e-14
      vertex   4.164449e+01 2.066906e+01 2.000000e+00
    endloop
  endfacet
  facet normal -8.568572e-01 -5.155539e-01 7.539269e-17
    outer loop
      vertex   4.164449e+01 2.066906e+01 2.000000e+00
      vertex   4.069689e+01 2.224398e+01 2.000000e+00
      vertex   4.069689e+01 2.224398e+01 -5.551115e-14
    endloop
  endfacet
  facet normal -7.259955e-01 -6.876995e-01 7.539269e-17
    outer loop
      vertex   3.943288e+01 2.357838e+01 -5.551115e-14
      vertex   4.069689e+01 2.224398e+01 -5.551115e-14
      vertex   4.069689e+01 2.224398e+01 2.000000e+00
    endloop
  endfacet
  facet normal -7.259955e-01 -6.876995e-01 7.539269e-17
    outer loop
      vertex   4.069689e+01 2.224398e+01 2.000000e+00
      vertex   3.943288e+01 2.357838e+01 2.000000e+00
      vertex   3.943288e+01 2.357838e+01 -5.551115e-14
    endloop
  endfacet
  facet normal -5.611871e-01 -8.276890e-01 7.539269e-17
    outer loop
      vertex   3.791157e+01 2.460985e+01 -5.551115e-14
      vertex   3.943288e+01 2.357838e+01 -5.551115e-14
      vertex   3.943288e+01 2.357838e+01 2.000000e+00
    endloop
  endfacet
  facet normal -5.611871e-01 -8.276890e-01 7.539269e-17
    outer loop
      vertex   3.943288e+01 2.357838e+01 2.000000e+00
      vertex   3.791157e+01 2.460985e+01 2.000000e+00
      vertex   3.791157e+01 2.460985e+01 -5.551115e-14
    endloop
  endfacet
  facet normal -3.701382e-01 -9.289767e-01 -3.769635e-17
    outer loop
      vertex   3.620409e+01 2.529017e+01 -5.551115e-14
      vertex   3.791157e+01 2.460985e+01 -5.551115e-14
      vertex   3.791157e+01 2.460985e+01 2.000000e+00
    endloop
  endfacet
  facet normal -3.701382e-01 -9.289767e-01 -3.769635e-17
    outer loop
      vertex   3.791157e+01 2.460985e+01 2.000000e+00
      vertex   3.620409e+01 2.529017e+01 2.000000e+00
      vertex   3.620409e+01 2.529017e+01 -5.551115e-14
    endloop
  endfacet
  facet normal -1.617820e-01 -9.868265e-01 -1.884817e-17
    outer loop
      vertex   3.439028e+01 2.558753e+01 -5.551115e-14
      vertex   3.620409e+01 2.529017e+01 -5.551115e-14
      vertex   3.620409e+01 2.529017e+01 2.000000e+00
    endloop
  endfacet
  facet normal -1.617820e-01 -9.868265e-01 -1.884817e-17
    outer loop
      vertex   3.620409e+01 2.529017e+01 2.000000e+00
      vertex   3.439028e+01 2.558753e+01 2.000000e+00
      vertex   3.439028e+01 2.558753e+01 -5.551115e-14
    endloop
  endfacet
  facet normal 5.413891e-02 -9.985334e-01 0.000000e+00
    outer loop
      vertex   3.255495e+01 2.548803e+01 -5.551115e-14
      vertex   3.439028e+01 2.558753e+01 -5.551115e-14
      vertex   3.439028e+01 2.558753e+01 2.000000e+00
    endloop
  endfacet
  facet normal 5.413891e-02 -9.985334e-01 0.000000e+00
    outer loop
      vertex   3.439028e+01 2.558753e+01 2.000000e+00
      vertex   3.255495e+01 2.548803e+01 2.000000e+00
      vertex   3.255495e+01 2.548803e+01 -5.551115e-14
    endloop
  endfacet
  facet normal 2.675283e-01 -9.635500e-01 -3.769635e-17
    outer loop
      vertex   3.078392e+01 2.499630e+01 -5.551115e-14
      vertex   3.255495e+01 2.548803e+01 -5.551115e-14
      vertex   3.255495e+01 2.548803e+01 2.000000e+00
    endloop
  endfacet
  facet normal 2.675283e-01 -9.635500e-01 -3.769635e-17
    outer loop
      vertex   3.255495e+01 2.548803e+01 2.000000e+00
      vertex   3.078392e+01 2.499630e+01 2.000000e+00
      vertex   3.078392e+01 2.499630e+01 -5.551115e-14
    endloop
  endfacet
  facet normal 4.684084e-01 -8.835120e-01 0.000000e+00
    outer loop
      vertex   2.916001e+01 2.413536e+01 -5.551115e-14
      vertex   3.078392e+01 2.499630e+01 -5.551115e-14
      vertex   3.078392e+01 2.499630e+01 2.000000e+00
    endloop
  endfacet
  facet normal 4.684084e-01 -8.835120e-01 0.000000e+00
    outer loop
      vertex   3.078392e+01 2.499630e+01 2.000000e+00
      vertex   2.916001e+01 2.413536e+01 2.000000e+00
      vertex   2.916001e+01 2.413536e+01 -5.551115e-14
    endloop
  endfacet
  facet normal 6.473863e-01 -7.621621e-01 0.000000e+00
    outer loop
      vertex   2.775913e+01 2.294545e+01 -5.551115e-14
      vertex   2.916001e+01 2.413536e+01 -5.551115e-14
      vertex   2.916001e+01 2.413536e+01 2.000000e+00
    endloop
  endfacet
  facet normal 6.473863e-01 -7.621621e-01 0.000000e+00
    outer loop
      vertex   2.916001e+01 2.413536e+01 2.000000e+00
      vertex   2.775913e+01 2.294545e+01 2.000000e+00
      vertex   2.775913e+01 2.294545e+01 -5.551115e-14
    endloop
  endfacet
  facet normal 7.960931e-01 -6.051742e-01 -7.539269e-17
    outer loop
      vertex   2.664681e+01 2.148221e+01 -5.551115e-14
      vertex   2.775913e+01 2.294545e+01 -5.551115e-14
      vertex   2.775913e+01 2.294545e+01 2.000000e+00
    endloop
  endfacet
  facet normal 7.960931e-01 -6.051742e-01 -7.539269e-17
    outer loop
      vertex   2.775913e+01 2.294545e+01 2.000000e+00
      vertex   2.664681e+01 2.148221e+01 2.000000e+00
      vertex   2.664681e+01 2.148221e+01 -5.551115e-14
    endloop
  endfacet
  facet normal 9.075754e-01 -4.198891e-01 -7.539269e-17
    outer loop
      vertex   2.587504e+01 1.981406e+01 -5.551115e-14
      vertex   2.664681e+01 2.148221e+01 -5.551115e-14
      vertex   2.664681e+01 2.148221e+01 2.000000e+00
    endloop
  endfacet
  facet normal 9.075754e-01 -4.198891e-01 -7.539269e-17
    outer loop
      vertex   2.664681e+01 2.148221e+01 2.000000e+00
      vertex   2.587504e+01 1.981406e+01 2.000000e+00
      vertex   2.587504e+01 1.981406e+01 -5.551115e-14
    endloop
  endfacet
  facet normal 9.766206e-01 -2.149704e-01 -3.769635e-17
    outer loop
      vertex   2.547992e+01 1.801901e+01 -5.551115e-14
      vertex   2.587504e+01 1.981406e+01 -5.551115e-14
      vertex   2.587504e+01 1.981406e+01 2.000000e+00
    endloop
  endfacet
  facet normal 9.766206e-01 -2.149704e-01 -3.769635e-17
    outer loop
      vertex   2.587504e+01 1.981406e+01 2.000000e+00
      vertex   2.547992e+01 1.801901e+01 2.000000e+00
      vertex   2.547992e+01 1.801901e+01 -5.551115e-14
    endloop
  endfacet
  facet normal 1.000000e+00 0.000000e+00 0.000000e+00
    outer loop
      vertex   2.547992e+01 1.618099e+01 -5.551115e-14
      vertex   2.547992e+01 1.801901e+01 -5.551115e-14
      vertex   2.547992e+01 1.801901e+01 2.000000e+00
    endloop
  endfacet
  facet normal 1.000000e+00 0.000000e+00 0.000000e+00
    outer loop
      vertex   2.547992e+01 1.801901e+01 2.000000e+00
      vertex   2.547992e+01 1.618099e+01 2.000000e+00
      vertex   2.547992e+01 1.618099e+01 -5.551115e-14
    endloop
  endfacet
  facet normal 9.766206e-01 2.149704e-01 3.769635e-17
    outer loop
      vertex   2.587504e+01 1.438594e+01 -5.551115e-14
      vertex   2.547992e+01 1.618099e+01 -5.551115e-14
      vertex   2.547992e+01 1.618099e+01 2.000000e+00
    endloop
  endfacet
  facet normal 9.766206e-01 2.149704e-01 3.769635e-17
    outer loop
      vertex   2.547992e+01 1.618099e+01 2.000000e+00
      vertex   2.587504e+01 1.438594e+01 2.000000e+00
      vertex   2.587504e+01 1.438594e+01 -5.551115e-14
    endloop
  endfacet
  facet normal 9.075754e-01 4.198891e-01 0.000000e+00
    outer loop
      vertex   2.664681e+01 1.271779e+01 -5.551115e-14
      vertex   2.587504e+01 1.438594e+01 -5.551115e-14
      vertex   2.587504e+01 1.438594e+01 2.000000e+00
    endloop
  endfacet
  facet normal 9.075754e-01 4.198891e-01 0.000000e+00
    outer loop
      vertex   2.587504e+01 1.438594e+01 2.000000e+00
      vertex   2.664681e+01 1.271779e+01 2.000000e+00
      vertex   2.664681e+01 1.271779e+01 -5.551115e-14
    endloop
  endfacet
  facet normal 7.960931e-01 6.051742e-01 7.539269e-17
    outer loop
      vertex   2.775913e+01 1.125455e+01 -5.551115e-14
      vertex   2.664681e+01 1.271779e+01 -5.551115e-14
      vertex   2.664681e+01 1.271779e+01 2.000000e+00
    endloop
  endfacet
  facet normal 7.960931e-01 6.051742e-01 7.539269e-17
    outer loop
      vertex   2.664681e+01 1.271779e+01 2.000000e+00
      vertex   2.775913e+01 1.125455e+01 2.000000e+00
      vertex   2.775913e+01 1.125455e+01 -5.551115e-14
    endloop
  endfacet
  facet normal 6.473863e-01 7.621621e-01 0.000000e+00
    outer loop
      vertex   2.916001e+01 1.006464e+01 -5.551115e-14
      vertex   2.775913e+01 1.125455e+01 -5.551115e-14
      vertex   2.775913e+01 1.125455e+01 2.000000e+00
    endloop
  endfacet
  facet normal 6.473863e-01 7.621621e-01 0.000000e+00
    outer loop
      vertex   2.775913e+01 1.125455e+01 2.000000e+00
      vertex   2.916001e+01 1.006464e+01 2.000000e+00
      vertex   2.916001e+01 1.006464e+01 -5.551115e-14
    endloop
  endfacet
  facet normal 4.684084e-01 8.835120e-01 0.000000e+00
    outer loop
      vertex   3.078392e+01 9.203698e+00 -5.551115e-14
      vertex   2.916001e+01 1.006464e+01 -5.551115e-14
      vertex   2.916001e+01 1.006464e+01 2.000000e+00
    endloop
  endfacet
  facet normal 4.684084e-01 8.835120e-01 0.000000e+00
    outer loop
      vertex   2.916001e+01 1.006464e+01 2.000000e+00
      vertex   3.078392e+01 9.203698e+00 2.000000e+00
      vertex   3.078392e+01 9.203698e+00 -5.551115e-14
    endloop
  endfacet
  facet normal 2.675283e-01 9.635500e-01 3.769635e-17
    outer loop
      vertex   3.255495e+01 8.711975e+00 -5.551115e-14
      vertex   3.078392e+01 9.203698e+00 -5.551115e-14
      vertex   3.078392e+01 9.203698e+00 2.000000e+00
    endloop
  endfacet
  facet normal 2.675283e-01 9.635500e-01 3.769635e-17
    outer loop
      vertex   3.078392e+01 9.203698e+00 2.000000e+00
      vertex   3.255495e+01 8.711975e+00 2.000000e+00
      vertex   3.255495e+01 8.711975e+00 -5.551115e-14
    endloop
  endfacet
  facet normal 5.413891e-02 9.985334e-01 0.000000e+00
    outer loop
      vertex   3.439028e+01 8.612466e+00 -5.551115e-14
      vertex   3.255495e+01 8.711975e+00 -5.551115e-14
      vertex   3.255495e+01 8.711975e+00 2.000000e+00
    endloop
  endfacet
  facet normal 5.413891e-02 9.985334e-01 0.000000e+00
    outer loop
      vertex   3.255495e+01 8.711975e+00 2.000000e+00
      vertex   3.439028e+01 8.612466e+00 2.000000e+00
      vertex   3.439028e+01 8.612466e+00 -5.551115e-14
    endloop
  endfacet
  facet normal -1.617820e-01 9.868265e-01 -1.884817e-17
    outer loop
      vertex   3.620409e+01 8.909825e+00 -5.551115e-14
      vertex   3.439028e+01 8.612466e+00 -5.551115e-14
      vertex   3.439028e+01 8.612466e+00 2.000000e+00
    endloop
  endfacet
  facet normal -1.617820e-01 9.868265e-01 -1.884817e-17
    outer loop
      vertex   3.439028e+01 8.612466e+00 2.000000e+00
      vertex   3.620409e+01 8.909825e+00 2.000000e+00
      vertex   3.620409e+01 8.909825e+00 -5.551115e-14
    endloop
  endfacet
  facet normal -3.701382e-01 9.289767e-01 -3.769635e-17
    outer loop
      vertex   3.791157e+01 9.590148e+00 -5.551115e-14
      vertex   3.620409e+01 8.909825e+00 -5.551115e-14
      vertex   3.620409e+01 8.909825e+00 2.000000e+00
    endloop
  endfacet
  facet normal -3.701382e-01 9.289767e-01 -3.769635e-17
    outer loop
      vertex   3.620409e+01 8.909825e+00 2.000000e+00
      vertex   3.791157e+01 9.590148e+00 2.000000e+00
      vertex   3.791157e+01 9.590148e+00 -5.551115e-14
    endloop
  endfacet
  facet normal -5.611871e-01 8.276890e-01 0.000000e+00
    outer loop
      vertex   3.943288e+01 1.062162e+01 -5.551115e-14
      vertex   3.791157e+01 9.590148e+00 -5.551115e-14
      vertex   3.791157e+01 9.590148e+00 2.000000e+00
    endloop
  endfacet
  facet normal -5.611871e-01 8.276890e-01 0.000000e+00
    outer loop
      vertex   3.791157e+01 9.590148e+00 2.000000e+00
      vertex   3.943288e+01 1.062162e+01 2.000000e+00
      vertex   3.943288e+01 1.062162e+01 -5.551115e-14
    endloop
  endfacet
  facet normal -7.259955e-01 6.876995e-01 0.000000e+00
    outer loop
      vertex   4.069689e+01 1.195602e+01 -5.551115e-14
      vertex   3.943288e+01 1.062162e+01 -5.551115e-14
      vertex   3.943288e+01 1.062162e+01 2.000000e+00
    endloop
  endfacet
  facet normal -7.259955e-01 6.876995e-01 0.000000e+00
    outer loop
      vertex   3.943288e+01 1.062162e+01 2.000000e+00
      vertex   4.069689e+01 1.195602e+01 2.000000e+00
      vertex   4.069689e+01 1.195602e+01 -5.551115e-14
    endloop
  endfacet
  facet normal -8.568572e-01 5.155539e-01 0.000000e+00
    outer loop
      vertex   4.164449e+01 1.353094e+01 -5.551115e-14
      vertex   4.069689e+01 1.195602e+01 -5.551115e-14
      vertex   4.069689e+01 1.195602e+01 2.000000e+00
    endloop
  endfacet
  facet normal -8.568572e-01 5.155539e-01 0.000000e+00
    outer loop
      vertex   4.069689e+01 1.195602e+01 2.000000e+00
      vertex   4.164449e+01 1.353094e+01 2.000000e+00
      vertex   4.164449e+01 1.353094e+01 -5.551115e-14
    endloop
  endfacet
  facet normal -9.476532e-01 3.193015e-01 7.539269e-17
    outer loop
      vertex   4.223137e+01 1.527275e+01 -5.551115e-14
      vertex   4.164449e+01 1.353094e+01 -5.551115e-14
      vertex   4.164449e+01 1.353094e+01 2.000000e+00
    endloop
  endfacet
  facet normal -9.476532e-01 3.193015e-01 7.539269e-17
    outer loop
      vertex   4.164449e+01 1.353094e+01 2.000000e+00
      vertex   4.223137e+01 1.527275e+01 2.000000e+00
      vertex   4.223137e+01 1.527275e+01 -5.551115e-14
    endloop
  endfacet
  facet normal -9.941380e-01 1.081190e-01 -3.769635e-17
    outer loop
      vertex   4.243010e+01 1.710000e+01 -5.551115e-14
      vertex   4.223137e+01 1.527275e+01 -5.551115e-14
      vertex   4.223137e+01 1.527275e+01 2.000000e+00
    endloop
  endfacet
  facet normal -9.941380e-01 1.081190e-01 1.696336e-16
    outer loop
      vertex   4.223137e+01 1.527275e+01 2.000000e+00
      vertex   4.243010e+01 1.710000e+01 2.000000e+00
      vertex   4.243010e+01 1.710000e+01 -5.551115e-14
    endloop
  endfacet
  facet normal -9.941380e-01 -1.081190e-01 -1.696336e-16
    outer loop
      vertex   6.823137e+01 1.892725e+01 -5.551115e-14
      vertex   6.843010e+01 1.710000e+01 -5.551115e-14
      vertex   6.843010e+01 1.710000e+01 2.000000e+00
    endloop
  endfacet
  facet normal -9.941380e-01 -1.081190e-01 3.769635e-17
    outer loop
      vertex   6.843010e+01 1.710000e+01 2.000000e+00
      vertex   6.823137e+01 1.892725e+01 2.000000e+00
      vertex   6.823137e+01 1.892725e+01 -5.551115e-14
    endloop
  endfacet
  facet normal -9.476532e-01 -3.193015e-01 0.000000e+00
    outer loop
      vertex   6.764449e+01 2.066906e+01 -5.551115e-14
      vertex   6.823137e+01 1.892725e+01 -5.551115e-14
      vertex   6.823137e+01 1.892725e+01 2.000000e+00
    endloop
  endfacet
  facet normal -9.476532e-01 -3.193015e-01 0.000000e+00
    outer loop
      vertex   6.823137e+01 1.892725e+01 2.000000e+00
      vertex   6.764449e+01 2.066906e+01 2.000000e+00
      vertex   6.764449e+01 2.066906e+01 -5.551115e-14
    endloop
  endfacet
  facet normal -8.568572e-01 -5.155539e-01 0.000000e+00
    outer loop
      vertex   6.669689e+01 2.224398e+01 -5.551115e-14
      vertex   6.764449e+01 2.066906e+01 -5.551115e-14
      vertex   6.764449e+01 2.066906e+01 2.000000e+00
    endloop
  endfacet
  facet normal -8.568572e-01 -5.155539e-01 0.000000e+00
    outer loop
      vertex   6.764449e+01 2.066906e+01 2.000000e+00
      vertex   6.669689e+01 2.224398e+01 2.000000e+00
      vertex   6.669689e+01 2.224398e+01 -5.551115e-14
    endloop
  endfacet
  facet normal -7.259955e-01 -6.876995e-01 0.000000e+00
    outer loop
      vertex   6.543288e+01 2.357838e+01 -5.551115e-14
      vertex   6.669689e+01 2.224398e+01 -5.551115e-14
      vertex   6.669689e+01 2.224398e+01 2.000000e+00
    endloop
  endfacet
  facet normal -7.259955e-01 -6.876995e-01 0.000000e+00
    outer loop
      vertex   6.669689e+01 2.224398e+01 2.000000e+00
      vertex   6.543288e+01 2.357838e+01 2.000000e+00
      vertex   6.543288e+01 2.357838e+01 -5.551115e-14
    endloop
  endfacet
  facet normal -5.611871e-01 -8.276890e-01 0.000000e+00
    outer loop
      vertex   6.391157e+01 2.460985e+01 -5.551115e-14
      vertex   6.543288e+01 2.357838e+01 -5.551115e-14
      vertex   6.543288e+01 2.357838e+01 2.000000e+00
    endloop
  endfacet
  facet normal -5.611871e-01 -8.276890e-01 0.000000e+00
    outer loop
      vertex   6.543288e+01 2.357838e+01 2.000000e+00
      vertex   6.391157e+01 2.460985e+01 2.000000e+00
      vertex   6.391157e+01 2.460985e+01 -5.551115e-14
    endloop
  endfacet
  facet normal -3.701382e-01 -9.289767e-01 3.769635e-17
    outer loop
      vertex   6.220409e+01 2.529017e+01 -5.551115e-14
      vertex   6.391157e+01 2.460985e+01 -5.551115e-14
      vertex   6.391157e+01 2.460985e+01 2.000000e+00
    endloop
  endfacet
  facet normal -3.701382e-01 -9.289767e-01 3.769635e-17
    outer loop
      vertex   6.391157e+01 2.460985e+01 2.000000e+00
      vertex   6.220409e+01 2.529017e+01 2.000000e+00
      vertex   6.220409e+01 2.529017e+01 -5.551115e-14
    endloop
  endfacet
  facet normal -1.617820e-01 -9.868265e-01 -1.884817e-17
    outer loop
      vertex   6.039028e+01 2.558753e+01 -5.551115e-14
      vertex   6.220409e+01 2.529017e+01 -5.551115e-14
      vertex   6.220409e+01 2.529017e+01 2.000000e+00
    endloop
  endfacet
  facet normal -1.617820e-01 -9.868265e-01 -1.884817e-17
    outer loop
      vertex   6.220409e+01 2.529017e+01 2.000000e+00
      vertex   6.039028e+01 2.558753e+01 2.000000e+00
      vertex   6.039028e+01 2.558753e+01 -5.551115e-14
    endloop
  endfacet
  facet normal 5.413891e-02 -9.985334e-01 0.000000e+00
    outer loop
      vertex   5.855495e+01 2.548803e+01 -5.551115e-14
      vertex   6.039028e+01 2.558753e+01 -5.551115e-14
      vertex   6.039028e+01 2.558753e+01 2.000000e+00
    endloop
  endfacet
  facet normal 5.413891e-02 -9.985334e-01 0.000000e+00
    outer loop
      vertex   6.039028e+01 2.558753e+01 2.000000e+00
      vertex   5.855495e+01 2.548803e+01 2.000000e+00
      vertex   5.855495e+01 2.548803e+01 -5.551115e-14
    endloop
  endfacet
  facet normal 2.675283e-01 -9.635500e-01 -3.769635e-17
    outer loop
      vertex   5.678392e+01 2.499630e+01 -5.551115e-14
      vertex   5.855495e+01 2.548803e+01 -5.551115e-14
      vertex   5.855495e+01 2.548803e+01 2.000000e+00
    endloop
  endfacet
  facet normal 2.675283e-01 -9.635500e-01 -3.769635e-17
    outer loop
      vertex   5.855495e+01 2.548803e+01 2.000000e+00
      vertex   5.678392e+01 2.499630e+01 2.000000e+00
      vertex   5.678392e+01 2.499630e+01 -5.551115e-14
    endloop
  endfacet
  facet normal 4.684084e-01 -8.835120e-01 -7.539269e-17
    outer loop
      vertex   5.516001e+01 2.413536e+01 -5.551115e-14
      vertex   5.678392e+01 2.499630e+01 -5.551115e-14
      vertex   5.678392e+01 2.499630e+01 2.000000e+00
    endloop
  endfacet
  facet normal 4.684084e-01 -8.835120e-01 -7.539269e-17
    outer loop
      vertex   5.678392e+01 2.499630e+01 2.000000e+00
      vertex   5.516001e+01 2.413536e+01 2.000000e+00
      vertex   5.516001e+01 2.413536e+01 -5.551115e-14
    endloop
  endfacet
  facet normal 6.473863e-01 -7.621621e-01 0.000000e+00
    outer loop
      vertex   5.375913e+01 2.294545e+01 -5.551115e-14
      vertex   5.516001e+01 2.413536e+01 -5.551115e-14
      vertex   5.516001e+01 2.413536e+01 2.000000e+00
    endloop
  endfacet
  facet normal 6.473863e-01 -7.621621e-01 0.000000e+00
    outer loop
      vertex   5.516001e+01 2.413536e+01 2.000000e+00
      vertex   5.375913e+01 2.294545e+01 2.000000e+00
      vertex   5.375913e+01 2.294545e+01 -5.551115e-14
    endloop
  endfacet
  facet normal 7.960931e-01 -6.051742e-01 0.000000e+00
    outer loop
      vertex   5.264681e+01 2.148221e+01 -5.551115e-14
      vertex   5.375913e+01 2.294545e+01 -5.551115e-14
      vertex   5.375913e+01 2.294545e+01 2.000000e+00
    endloop
  endfacet
  facet normal 7.960931e-01 -6.051742e-01 0.000000e+00
    outer loop
      vertex   5.375913e+01 2.294545e+01 2.000000e+00
      vertex   5.264681e+01 2.148221e+01 2.000000e+00
      vertex   5.264681e+01 2.148221e+01 -5.551115e-14
    endloop
  endfacet
  facet normal 9.075754e-01 -4.198891e-01 -7.539269e-17
    outer loop
      vertex   5.187504e+01 1.981406e+01 -5.551115e-14
      vertex   5.264681e+01 2.148221e+01 -5.551115e-14
      vertex   5.264681e+01 2.148221e+01 2.000000e+00
    endloop
  endfacet
  facet normal 9.075754e-01 -4.198891e-01 -7.539269e-17
    outer loop
      vertex   5.264681e+01 2.148221e+01 2.000000e+00
      vertex   5.187504e+01 1.981406e+01 2.000000e+00
      vertex   5.187504e+01 1.981406e+01 -5.551115e-14
    endloop
  endfacet
  facet normal 9.766206e-01 -2.149704e-01 -3.769635e-17
    outer loop
      vertex   5.147992e+01 1.801901e+01 -5.551115e-14
      vertex   5.187504e+01 1.981406e+01 -5.551115e-14
      vertex   5.187504e+01 1.981406e+01 2.000000e+00
    endloop
  endfacet
  facet normal 9.766206e-01 -2.149704e-01 -3.769635e-17
    outer loop
      vertex   5.187504e+01 1.981406e+01 2.000000e+00
      vertex   5.147992e+01 1.801901e+01 2.000000e+00
      vertex   5.147992e+01 1.801901e+01 -5.551115e-14
    endloop
  endfacet
  facet normal 1.000000e+00 0.000000e+00 0.000000e+00
    outer loop
      vertex   5.147992e+01 1.618099e+01 -5.551115e-14
      vertex   5.147992e+01 1.801901e+01 -5.551115e-14
      vertex   5.147992e+01 1.801901e+01 2.000000e+00
    endloop
  endfacet
  facet normal 1.000000e+00 0.000000e+00 0.000000e+00
    outer loop
      vertex   5.147992e+01 1.801901e+01 2.000000e+00
      vertex   5.147992e+01 1.618099e+01 2.000000e+00
      vertex   5.147992e+01 1.618099e+01 -5.551115e-14
    endloop
  endfacet
  facet normal 9.766206e-01 2.149704e-01 3.769635e-17
    outer loop
      vertex   5.187504e+01 1.438594e+01 -5.551115e-14
      vertex   5.147992e+01 1.618099e+01 -5.551115e-14
      vertex   5.147992e+01 1.618099e+01 2.000000e+00
    endloop
  endfacet
  facet normal 9.766206e-01 2.149704e-01 3.769635e-17
    outer loop
      vertex   5.147992e+01 1.618099e+01 2.000000e+00
      vertex   5.187504e+01 1.438594e+01 2.000000e+00
      vertex   5.187504e+01 1.438594e+01 -5.551115e-14
    endloop
  endfacet
  facet normal 9.075754e-01 4.198891e-01 0.000000e+00
    outer loop
      vertex   5.264681e+01 1.271779e+01 -5.551115e-14
      vertex   5.187504e+01 1.438594e+01 -5.551115e-14
      vertex   5.187504e+01 1.438594e+01 2.000000e+00
    endloop
  endfacet
  facet normal 9.075754e-01 4.198891e-01 0.000000e+00
    outer loop
      vertex   5.187504e+01 1.438594e+01 2.000000e+00
      vertex   5.264681e+01 1.271779e+01 2.000000e+00
      vertex   5.264681e+01 1.271779e+01 -5.551115e-14
    endloop
  endfacet
  facet normal 7.960931e-01 6.051742e-01 7.539269e-17
    outer loop
      vertex   5.375913e+01 1.125455e+01 -5.551115e-14
      vertex   5.264681e+01 1.271779e+01 -5.551115e-14
      vertex   5.264681e+01 1.271779e+01 2.000000e+00
    endloop
  endfacet
  facet normal 7.960931e-01 6.051742e-01 7.539269e-17
    outer loop
      vertex   5.264681e+01 1.271779e+01 2.000000e+00
      vertex   5.375913e+01 1.125455e+01 2.000000e+00
      vertex   5.375913e+01 1.125455e+01 -5.551115e-14
    endloop
  endfacet
  facet normal 6.473863e-01 7.621621e-01 0.000000e+00
    outer loop
      vertex   5.516001e+01 1.006464e+01 -5.551115e-14
      vertex   5.375913e+01 1.125455e+01 -5.551115e-14
      vertex   5.375913e+01 1.125455e+01 2.000000e+00
    endloop
  endfacet
  facet normal 6.473863e-01 7.621621e-01 0.000000e+00
    outer loop
      vertex   5.375913e+01 1.125455e+01 2.000000e+00
      vertex   5.516001e+01 1.006464e+01 2.000000e+00
      vertex   5.516001e+01 1.006464e+01 -5.551115e-14
    endloop
  endfacet
  facet normal 4.684084e-01 8.835120e-01 0.000000e+00
    outer loop
      vertex   5.678392e+01 9.203698e+00 -5.551115e-14
      vertex   5.516001e+01 1.006464e+01 -5.551115e-14
      vertex   5.516001e+01 1.006464e+01 2.000000e+00
    endloop
  endfacet
  facet normal 4.684084e-01 8.835120e-01 0.000000e+00
    outer loop
      vertex   5.516001e+01 1.006464e+01 2.000000e+00
      vertex   5.678392e+01 9.203698e+00 2.000000e+00
      vertex   5.678392e+01 9.203698e+00 -5.551115e-14
    endloop
  endfacet
  facet normal 2.675283e-01 9.635500e-01 3.769635e-17
    outer loop
      vertex   5.855495e+01 8.711975e+00 -5.551115e-14
      vertex   5.678392e+01 9.203698e+00 -5.551115e-14
      vertex   5.678392e+01 9.203698e+00 2.000000e+00
    endloop
  endfacet
  facet normal 2.675283e-01 9.635500e-01 3.769635e-17
    outer loop
      vertex   5.678392e+01 9.203698e+00 2.000000e+00
      vertex   5.855495e+01 8.711975e+00 2.000000e+00
      vertex   5.855495e+01 8.711975e+00 -5.551115e-14
    endloop
  endfacet
  facet normal 5.413891e-02 9.985334e-01 0.000000e+00
    outer loop
      vertex   6.039028e+01 8.612466e+00 -5.551115e-14
      vertex   5.855495e+01 8.711975e+00 -5.551115e-14
      vertex   5.855495e+01 8.711975e+00 2.000000e+00
    endloop
  endfacet
  facet normal 5.413891e-02 9.985334e-01 0.000000e+00
    outer loop
      vertex   5.855495e+01 8.711975e+00 2.000000e+00
      vertex   6.039028e+01 8.612466e+00 2.000000e+00
      vertex   6.039028e+01 8.612466e+00 -5.551115e-14
    endloop
  endfacet
  facet normal -1.617820e-01 9.868265e-01 -1.884817e-17
    outer loop
      vertex   6.220409e+01 8.909825e+00 -5.551115e-14
      vertex   6.039028e+01 8.612466e+00 -5.551115e-14
      vertex   6.039028e+01 8.612466e+00 2.000000e+00
    endloop
  endfacet
  facet normal -1.617820e-01 9.868265e-01 -1.884817e-17
    outer loop
      vertex   6.039028e+01 8.612466e+00 2.000000e+00
      vertex   6.220409e+01 8.909825e+00 2.000000e+00
      vertex   6.220409e+01 8.909825e+00 -5.551115e-14
    endloop
  endfacet
  facet normal -3.701382e-01 9.289767e-01 -3.769635e-17
    outer loop
      vertex   6.391157e+01 9.590148e+00 -5.551115e-14
      vertex   6.220409e+01 8.909825e+00 -5.551115e-14
      vertex   6.220409e+01 8.909825e+00 2.000000e+00
    endloop
  endfacet
  facet normal -3.701382e-01 9.289767e-01 -3.769635e-17
    outer loop
      vertex   6.220409e+01 8.909825e+00 2.000000e+00
      vertex   6.391157e+01 9.590148e+00 2.000000e+00
      vertex   6.391157e+01 9.590148e+00 -5.551115e-14
    endloop
  endfacet
  facet normal -5.611871e-01 8.276890e-01 0.000000e+00
    outer loop
      vertex   6.543288e+01 1.062162e+01 -5.551115e-14
      vertex   6.391157e+01 9.590148e+00 -5.551115e-14
      vertex   6.391157e+01 9.590148e+00 2.000000e+00
    endloop
  endfacet
  facet normal -5.611871e-01 8.276890e-01 0.000000e+00
    outer loop
      vertex   6.391157e+01 9.590148e+00 2.000000e+00
      vertex   6.543288e+01 1.062162e+01 2.000000e+00
      vertex   6.543288e+01 1.062162e+01 -5.551115e-14
    endloop
  endfacet
  facet normal -7.259955e-01 6.876995e-01 0.000000e+00
    outer loop
      vertex   6.669689e+01 1.195602e+01 -5.551115e-14
      vertex   6.543288e+01 1.062162e+01 -5.551115e-14
      vertex   6.543288e+01 1.062162e+01 2.000000e+00
    endloop
  endfacet
  facet normal -7.259955e-01 6.876995e-01 0.000000e+00
    outer loop
      vertex   6.543288e+01 1.062162e+01 2.000000e+00
      vertex   6.669689e+01 1.195602e+01 2.000000e+00
      vertex   6.669689e+01 1.195602e+01 -5.551115e-14
    endloop
  endfacet
  facet normal -8.568572e-01 5.155539e-01 0.000000e+00
    outer loop
      vertex   6.764449e+01 1.353094e+01 -5.551115e-14
      vertex   6.669689e+01 1.195602e+01 -5.551115e-14
      vertex   6.669689e+01 1.195602e+01 2.000000e+00
    endloop
  endfacet
  facet normal -8.568572e-01 5.155539e-01 0.000000e+00
    outer loop
      vertex   6.669689e+01 1.195602e+01 2.000000e+00
      vertex   6.764449e+01 1.353094e+01 2.000000e+00
      vertex   6.764449e+01 1.353094e+01 -5.551115e-14
    endloop
  endfacet
  facet normal -9.476532e-01 3.193015e-01 0.000000e+00
    outer loop
      vertex   6.823137e+01 1.527275e+01 -5.551115e-14
      vertex   6.764449e+01 1.353094e+01 -5.551115e-14
      vertex   6.764449e+01 1.353094e+01 2.000000e+00
    endloop
  endfacet
  facet normal -9.476532e-01 3.193015e-01 0.000000e+00
    outer loop
      vertex   6.764449e+01 1.353094e+01 2.000000e+00
      vertex   6.823137e+01 1.527275e+01 2.000000e+00
      vertex   6.823137e+01 1.527275e+01 -5.551115e-14
    endloop
  endfacet
  facet normal -9.941380e-01 1.081190e-01 -3.769635e-17
    outer loop
      vertex   6.843010e+01 1.710000e+01 -5.551115e-14
      vertex   6.823137e+01 1.527275e+01 -5.551115e-14
      vertex   6.823137e+01 1.527275e+01 2.000000e+00
    endloop
  endfacet
  facet normal -9.941380e-01 1.081190e-01 1.696336e-16
    outer loop
      vertex   6.823137e+01 1.527275e+01 2.000000e+00
      vertex   6.843010e+01 1.710000e+01 2.000000e+00
      vertex   6.843010e+01 1.710000e+01 -5.551115e-14
    endloop
  endfacet
  facet normal 1.000000e+00 0.000000e+00 -7.930164e-15
    outer loop
      vertex   8.643010e+01 3.660000e+01 2.000000e+00
      vertex   8.643010e+01 3.660000e+01 5.500000e+00
      vertex   8.643010e+01 3.060000e+01 5.500000e+00
    endloop
  endfacet
  facet normal 1.000000e+00 4.625929e-15 0.000000e+00
    outer loop
      vertex   8.643010e+01 3.060000e+01 5.500000e+00
      vertex   8.643010e+01 3.060000e+01 2.000000e+00
      vertex   8.643010e+01 3.660000e+01 2.000000e+00
    endloop
  endfacet
  facet normal -1.000000e+00 0.000000e+00 0.000000e+00
    outer loop
      vertex   8.043010e+01 3.060000e+01 2.000000e+00
      vertex   8.043010e+01 3.060000e+01 5.500000e+00
      vertex   8.043010e+01 3.660000e+01 5.500000e+00
    endloop
  endfacet
  facet normal -1.000000e+00 0.000000e+00 -0.000000e+00
    outer loop
      vertex   8.043010e+01 3.660000e+01 5.500000e+00
      vertex   8.043010e+01 3.660000e+01 2.000000e+00
      vertex   8.043010e+01 3.060000e+01 2.000000e+00
    endloop
  endfacet
  facet normal 0.000000e+00 0.000000e+00 1.000000e+00
    outer loop
      vertex   8.643010e+01 3.660000e+01 5.500000e+00
      vertex   8.043010e+01 3.660000e+01 5.500000e+00
      vertex   8.043010e+01 3.060000e+01 5.500000e+00
    endloop
  endfacet
  facet normal 0.000000e+00 0.000000e+00 1.000000e+00
    outer loop
      vertex   8.043010e+01 3.060000e+01 5.500000e+00
      vertex   8.643010e+01 3.060000e+01 5.500000e+00
      vertex   8.643010e+01 3.660000e+01 5.500000e+00
    endloop
  endfacet
  facet normal -0.000000e+00 1.000000e+00 0.000000e+00
    outer loop
      vertex   8.643010e+01 3.660000e+01 2.000000e+00
      vertex   9.343010e+01 3.660000e+01 2.000000e+00
      vertex   9.343010e+01 3.660000e+01 1.501747e-09
    endloop
  endfacet
  facet normal 0.000000e+00 1.000000e+00 0.000000e+00
    outer loop
      vertex   9.343010e+01 3.660000e+01 1.501747e-09
      vertex   1.430096e+00 3.660000e+01 0.000000e+00
      vertex   8.643010e+01 3.660000e+01 2.000000e+00
    endloop
  endfacet
  facet normal 0.000000e+00 1.000000e+00 0.000000e+00
    outer loop
      vertex   1.430096e+00 3.660000e+01 0.000000e+00
      vertex   1.430096e+00 3.660000e+01 2.000000e+00
      vertex   8.430096e+00 3.660000e+01 2.000000e+00
    endloop
  endfacet
  facet normal 4.298419e-15 1.000000e+00 -1.743937e-14
    outer loop
      vertex   1.143010e+01 3.660000e+01 4.250000e+00
      vertex   1.096537e+01 3.660000e+01 4.135456e+00
      vertex   8.430096e+00 3.660000e+01 5.500000e+00
    endloop
  endfacet
  facet normal 0.000000e+00 1.000000e+00 -2.775558e-14
    outer loop
      vertex   8.430096e+00 3.660000e+01 5.500000e+00
      vertex   1.443010e+01 3.660000e+01 5.500000e+00
      vertex   1.143010e+01 3.660000e+01 4.250000e+00
    endloop
  endfacet
  facet normal -4.298419e-15 1.000000e+00 -1.743937e-14
    outer loop
      vertex   1.189482e+01 3.660000e+01 4.135456e+00
      vertex   1.143010e+01 3.660000e+01 4.250000e+00
      vertex   1.443010e+01 3.660000e+01 5.500000e+00
    endloop
  endfacet
  facet normal -8.512876e-15 1.000000e+00 -9.609051e-15
    outer loop
      vertex   1.225308e+01 3.660000e+01 3.818065e+00
      vertex   1.189482e+01 3.660000e+01 4.135456e+00
      vertex   1.443010e+01 3.660000e+01 5.500000e+00
    endloop
  endfacet
  facet normal 1.293108e-14 1.000000e+00 8.925677e-15
    outer loop
      vertex   1.049508e+01 3.660000e+01 2.895395e+00
      vertex   1.076697e+01 3.660000e+01 2.501489e+00
      vertex   8.430096e+00 3.660000e+01 2.000000e+00
    endloop
  endfacet
  facet normal -0.000000e+00 1.000000e+00 1.243270e-13
    outer loop
      vertex   1.119078e+01 3.660000e+01 2.279058e+00
      vertex   1.166941e+01 3.660000e+01 2.279058e+00
      vertex   1.443010e+01 3.660000e+01 2.000000e+00
    endloop
  endfacet
  facet normal 0.000000e+00 1.000000e+00 0.000000e+00
    outer loop
      vertex   1.430096e+00 3.660000e+01 0.000000e+00
      vertex   3.510510e+01 3.660000e+01 2.000000e+00
      vertex   4.693010e+01 3.660000e+01 2.000000e+00
    endloop
  endfacet
  facet normal 0.000000e+00 1.000000e+00 0.000000e+00
    outer loop
      vertex   1.430096e+00 3.660000e+01 0.000000e+00
      vertex   4.693010e+01 3.660000e+01 2.000000e+00
      vertex   5.875510e+01 3.660000e+01 2.000000e+00
    endloop
  endfacet
  facet normal 0.000000e+00 1.000000e+00 2.712501e-14
    outer loop
      vertex   8.366941e+01 3.660000e+01 4.220942e+00
      vertex   8.319078e+01 3.660000e+01 4.220942e+00
      vertex   8.043010e+01 3.660000e+01 5.500000e+00
    endloop
  endfacet
  facet normal -0.000000e+00 1.000000e+00 2.712501e-14
    outer loop
      vertex   8.043010e+01 3.660000e+01 5.500000e+00
      vertex   8.643010e+01 3.660000e+01 5.500000e+00
      vertex   8.366941e+01 3.660000e+01 4.220942e+00
    endloop
  endfacet
  facet normal 6.674932e-15 1.000000e+00 1.271802e-14
    outer loop
      vertex   8.409322e+01 3.660000e+01 3.998511e+00
      vertex   8.366941e+01 3.660000e+01 4.220942e+00
      vertex   8.643010e+01 3.660000e+01 5.500000e+00
    endloop
  endfacet
  facet normal -8.642741e-15 1.000000e+00 -3.506498e-14
    outer loop
      vertex   8.296537e+01 3.660000e+01 2.364544e+00
      vertex   8.343010e+01 3.660000e+01 2.250000e+00
      vertex   8.043010e+01 3.660000e+01 2.000000e+00
    endloop
  endfacet
  facet normal -1.177376e-14 1.000000e+00 -1.328983e-14
    outer loop
      vertex   8.043010e+01 3.660000e+01 2.000000e+00
      vertex   8.260711e+01 3.660000e+01 2.681935e+00
      vertex   8.296537e+01 3.660000e+01 2.364544e+00
    endloop
  endfacet
  facet normal 1.177376e-14 1.000000e+00 -1.328983e-14
    outer loop
      vertex   8.643010e+01 3.660000e+01 2.000000e+00
      vertex   8.389482e+01 3.660000e+01 2.364544e+00
      vertex   8.425308e+01 3.660000e+01 2.681935e+00
    endloop
  endfacet
  facet normal 1.424450e-14 1.000000e+00 -5.402225e-15
    outer loop
      vertex   8.425308e+01 3.660000e+01 2.681935e+00
      vertex   8.442281e+01 3.660000e+01 3.129463e+00
      vertex   8.643010e+01 3.660000e+01 2.000000e+00
    endloop
  endfacet
  facet normal 1.728422e-14 1.000000e+00 -1.370667e-28
    outer loop
      vertex   8.643010e+01 3.660000e+01 5.500000e+00
      vertex   8.643010e+01 3.660000e+01 2.000000e+00
      vertex   8.442281e+01 3.660000e+01 3.129463e+00
    endloop
  endfacet
  facet normal 1.511658e-14 1.000000e+00 1.835486e-15
    outer loop
      vertex   8.442281e+01 3.660000e+01 3.129463e+00
      vertex   8.436511e+01 3.660000e+01 3.604605e+00
      vertex   8.643010e+01 3.660000e+01 5.500000e+00
    endloop
  endfacet
  facet normal 1.028508e-14 1.000000e+00 7.099280e-15
    outer loop
      vertex   8.643010e+01 3.660000e+01 5.500000e+00
      vertex   8.436511e+01 3.660000e+01 3.604605e+00
      vertex   8.409322e+01 3.660000e+01 3.998511e+00
    endloop
  endfacet
  facet normal 1.053779e-14 1.000000e+00 2.007808e-14
    outer loop
      vertex   1.076697e+01 3.660000e+01 2.501489e+00
      vertex   1.119078e+01 3.660000e+01 2.279058e+00
      vertex   8.430096e+00 3.660000e+01 2.000000e+00
    endloop
  endfacet
  facet normal 0.000000e+00 1.000000e+00 1.243270e-13
    outer loop
      vertex   1.443010e+01 3.660000e+01 2.000000e+00
      vertex   8.430096e+00 3.660000e+01 2.000000e+00
      vertex   1.119078e+01 3.660000e+01 2.279058e+00
    endloop
  endfacet
  facet normal -0.000000e+00 1.000000e+00 0.000000e+00
    outer loop
      vertex   8.430096e+00 3.660000e+01 2.000000e+00
      vertex   1.443010e+01 3.660000e+01 2.000000e+00
      vertex   1.430096e+00 3.660000e+01 0.000000e+00
    endloop
  endfacet
  facet normal 0.000000e+00 1.000000e+00 0.000000e+00
    outer loop
      vertex   1.430096e+00 3.660000e+01 0.000000e+00
      vertex   1.443010e+01 3.660000e+01 2.000000e+00
      vertex   2.460510e+01 3.660000e+01 2.000000e+00
    endloop
  endfacet
  facet normal 0.000000e+00 1.000000e+00 0.000000e+00
    outer loop
      vertex   1.430096e+00 3.660000e+01 0.000000e+00
      vertex   2.460510e+01 3.660000e+01 2.000000e+00
      vertex   3.510510e+01 3.660000e+01 2.000000e+00
    endloop
  endfacet
  facet normal -1.053779e-14 1.000000e+00 2.007808e-14
    outer loop
      vertex   1.166941e+01 3.660000e+01 2.279058e+00
      vertex   1.209322e+01 3.660000e+01 2.501489e+00
      vertex   1.443010e+01 3.660000e+01 2.000000e+00
    endloop
  endfacet
  facet normal -1.293108e-14 1.000000e+00 8.925677e-15
    outer loop
      vertex   1.443010e+01 3.660000e+01 2.000000e+00
      vertex   1.209322e+01 3.660000e+01 2.501489e+00
      vertex   1.236511e+01 3.660000e+01 2.895395e+00
    endloop
  endfacet
  facet normal -1.680133e-14 1.000000e+00 -5.829132e-29
    outer loop
      vertex   1.443010e+01 3.660000e+01 5.500000e+00
      vertex   1.443010e+01 3.660000e+01 2.000000e+00
      vertex   1.236511e+01 3.660000e+01 2.895395e+00
    endloop
  endfacet
  facet normal -1.983984e-14 1.000000e+00 2.408992e-15
    outer loop
      vertex   1.236511e+01 3.660000e+01 2.895395e+00
      vertex   1.242281e+01 3.660000e+01 3.370537e+00
      vertex   1.443010e+01 3.660000e+01 5.500000e+00
    endloop
  endfacet
  facet normal -1.232534e-14 1.000000e+00 -4.674384e-15
    outer loop
      vertex   1.443010e+01 3.660000e+01 5.500000e+00
      vertex   1.242281e+01 3.660000e+01 3.370537e+00
      vertex   1.225308e+01 3.660000e+01 3.818065e+00
    endloop
  endfacet
  facet normal 0.000000e+00 1.000000e+00 0.000000e+00
    outer loop
      vertex   1.430096e+00 3.660000e+01 0.000000e+00
      vertex   5.875510e+01 3.660000e+01 2.000000e+00
      vertex   6.925510e+01 3.660000e+01 2.000000e+00
    endloop
  endfacet
  facet normal 0.000000e+00 1.000000e+00 0.000000e+00
    outer loop
      vertex   1.430096e+00 3.660000e+01 0.000000e+00
      vertex   6.925510e+01 3.660000e+01 2.000000e+00
      vertex   8.043010e+01 3.660000e+01 2.000000e+00
    endloop
  endfacet
  facet normal -0.000000e+00 1.000000e+00 0.000000e+00
    outer loop
      vertex   8.043010e+01 3.660000e+01 2.000000e+00
      vertex   8.643010e+01 3.660000e+01 2.000000e+00
      vertex   1.430096e+00 3.660000e+01 0.000000e+00
    endloop
  endfacet
  facet normal 0.000000e+00 1.000000e+00 -1.387779e-13
    outer loop
      vertex   8.643010e+01 3.660000e+01 2.000000e+00
      vertex   8.043010e+01 3.660000e+01 2.000000e+00
      vertex   8.343010e+01 3.660000e+01 2.250000e+00
    endloop
  endfacet
  facet normal 8.642741e-15 1.000000e+00 -3.506498e-14
    outer loop
      vertex   8.343010e+01 3.660000e+01 2.250000e+00
      vertex   8.389482e+01 3.660000e+01 2.364544e+00
      vertex   8.643010e+01 3.660000e+01 2.000000e+00
    endloop
  endfacet
  facet normal -6.674932e-15 1.000000e+00 1.271802e-14
    outer loop
      vertex   8.043010e+01 3.660000e+01 5.500000e+00
      vertex   8.319078e+01 3.660000e+01 4.220942e+00
      vertex   8.276697e+01 3.660000e+01 3.998511e+00
    endloop
  endfacet
  facet normal -1.028508e-14 1.000000e+00 7.099280e-15
    outer loop
      vertex   8.276697e+01 3.660000e+01 3.998511e+00
      vertex   8.249508e+01 3.660000e+01 3.604605e+00
      vertex   8.043010e+01 3.660000e+01 5.500000e+00
    endloop
  endfacet
  facet normal -1.680133e-14 1.000000e+00 0.000000e+00
    outer loop
      vertex   8.043010e+01 3.660000e+01 2.000000e+00
      vertex   8.043010e+01 3.660000e+01 5.500000e+00
      vertex   8.249508e+01 3.660000e+01 3.604605e+00
    endloop
  endfacet
  facet normal -1.855171e-14 1.000000e+00 2.252585e-15
    outer loop
      vertex   8.249508e+01 3.660000e+01 3.604605e+00
      vertex   8.243739e+01 3.660000e+01 3.129463e+00
      vertex   8.043010e+01 3.660000e+01 2.000000e+00
    endloop
  endfacet
  facet normal -1.424450e-14 1.000000e+00 -5.402225e-15
    outer loop
      vertex   8.243739e+01 3.660000e+01 3.129463e+00
      vertex   8.260711e+01 3.660000e+01 2.681935e+00
      vertex   8.043010e+01 3.660000e+01 2.000000e+00
    endloop
  endfacet
  facet normal 8.512876e-15 1.000000e+00 -9.609051e-15
    outer loop
      vertex   1.096537e+01 3.660000e+01 4.135456e+00
      vertex   1.060711e+01 3.660000e+01 3.818065e+00
      vertex   8.430096e+00 3.660000e+01 5.500000e+00
    endloop
  endfacet
  facet normal 1.232534e-14 1.000000e+00 -4.674384e-15
    outer loop
      vertex   8.430096e+00 3.660000e+01 5.500000e+00
      vertex   1.060711e+01 3.660000e+01 3.818065e+00
      vertex   1.043739e+01 3.660000e+01 3.370537e+00
    endloop
  endfacet
  facet normal 1.728422e-14 1.000000e+00 -1.370667e-28
    outer loop
      vertex   8.430096e+00 3.660000e+01 2.000000e+00
      vertex   8.430096e+00 3.660000e+01 5.500000e+00
      vertex   1.043739e+01 3.660000e+01 3.370537e+00
    endloop
  endfacet
  facet normal 1.802882e-14 1.000000e+00 -1.090543e-15
    outer loop
      vertex   1.043739e+01 3.660000e+01 3.370537e+00
      vertex   1.043010e+01 3.660000e+01 3.250000e+00
      vertex   8.430096e+00 3.660000e+01 2.000000e+00
    endloop
  endfacet
  facet normal 1.556454e-14 1.000000e+00 2.852308e-15
    outer loop
      vertex   1.043010e+01 3.660000e+01 3.250000e+00
      vertex   1.049508e+01 3.660000e+01 2.895395e+00
      vertex   8.430096e+00 3.660000e+01 2.000000e+00
    endloop
  endfacet
  facet normal -5.697799e-15 -1.000000e+00 2.160890e-15
    outer loop
      vertex   8.442281e+01 3.060000e+01 3.129463e+00
      vertex   8.425308e+01 3.060000e+01 2.681935e+00
      vertex   8.643010e+01 3.060000e+01 2.000000e+00
    endloop
  endfacet
  facet normal 3.457097e-15 -1.000000e+00 1.402599e-14
    outer loop
      vertex   8.343010e+01 3.060000e+01 2.250000e+00
      vertex   8.296537e+01 3.060000e+01 2.364544e+00
      vertex   8.043010e+01 3.060000e+01 2.000000e+00
    endloop
  endfacet
  facet normal 0.000000e+00 -1.000000e+00 5.551115e-14
    outer loop
      vertex   8.043010e+01 3.060000e+01 2.000000e+00
      vertex   8.643010e+01 3.060000e+01 2.000000e+00
      vertex   8.343010e+01 3.060000e+01 2.250000e+00
    endloop
  endfacet
  facet normal -3.457097e-15 -1.000000e+00 1.402599e-14
    outer loop
      vertex   8.389482e+01 3.060000e+01 2.364544e+00
      vertex   8.343010e+01 3.060000e+01 2.250000e+00
      vertex   8.643010e+01 3.060000e+01 2.000000e+00
    endloop
  endfacet
  facet normal -4.709504e-15 -1.000000e+00 5.315931e-15
    outer loop
      vertex   8.643010e+01 3.060000e+01 2.000000e+00
      vertex   8.425308e+01 3.060000e+01 2.681935e+00
      vertex   8.389482e+01 3.060000e+01 2.364544e+00
    endloop
  endfacet
  facet normal 4.709504e-15 -1.000000e+00 5.315931e-15
    outer loop
      vertex   8.296537e+01 3.060000e+01 2.364544e+00
      vertex   8.260711e+01 3.060000e+01 2.681935e+00
      vertex   8.043010e+01 3.060000e+01 2.000000e+00
    endloop
  endfacet
  facet normal 5.697799e-15 -1.000000e+00 2.160890e-15
    outer loop
      vertex   8.043010e+01 3.060000e+01 2.000000e+00
      vertex   8.260711e+01 3.060000e+01 2.681935e+00
      vertex   8.243739e+01 3.060000e+01 3.129463e+00
    endloop
  endfacet
  facet normal 6.913690e-15 -1.000000e+00 0.000000e+00
    outer loop
      vertex   8.043010e+01 3.060000e+01 5.500000e+00
      vertex   8.043010e+01 3.060000e+01 2.000000e+00
      vertex   8.243739e+01 3.060000e+01 3.129463e+00
    endloop
  endfacet
  facet normal 6.046633e-15 -1.000000e+00 -7.341942e-16
    outer loop
      vertex   8.243739e+01 3.060000e+01 3.129463e+00
      vertex   8.249508e+01 3.060000e+01 3.604605e+00
      vertex   8.043010e+01 3.060000e+01 5.500000e+00
    endloop
  endfacet
  facet normal 4.114033e-15 -1.000000e+00 -2.839712e-15
    outer loop
      vertex   8.249508e+01 3.060000e+01 3.604605e+00
      vertex   8.276697e+01 3.060000e+01 3.998511e+00
      vertex   8.043010e+01 3.060000e+01 5.500000e+00
    endloop
  endfacet
  facet normal 2.669973e-15 -1.000000e+00 -5.087208e-15
    outer loop
      vertex   8.043010e+01 3.060000e+01 5.500000e+00
      vertex   8.276697e+01 3.060000e+01 3.998511e+00
      vertex   8.319078e+01 3.060000e+01 4.220942e+00
    endloop
  endfacet
  facet normal -0.000000e+00 -1.000000e+00 -1.085001e-14
    outer loop
      vertex   8.643010e+01 3.060000e+01 5.500000e+00
      vertex   8.043010e+01 3.060000e+01 5.500000e+00
      vertex   8.319078e+01 3.060000e+01 4.220942e+00
    endloop
  endfacet
  facet normal 0.000000e+00 -1.000000e+00 -1.085001e-14
    outer loop
      vertex   8.319078e+01 3.060000e+01 4.220942e+00
      vertex   8.366941e+01 3.060000e+01 4.220942e+00
      vertex   8.643010e+01 3.060000e+01 5.500000e+00
    endloop
  endfacet
  facet normal -2.669973e-15 -1.000000e+00 -5.087208e-15
    outer loop
      vertex   8.366941e+01 3.060000e+01 4.220942e+00
      vertex   8.409322e+01 3.060000e+01 3.998511e+00
      vertex   8.643010e+01 3.060000e+01 5.500000e+00
    endloop
  endfacet
  facet normal -4.114033e-15 -1.000000e+00 -2.839712e-15
    outer loop
      vertex   8.643010e+01 3.060000e+01 5.500000e+00
      vertex   8.409322e+01 3.060000e+01 3.998511e+00
      vertex   8.436511e+01 3.060000e+01 3.604605e+00
    endloop
  endfacet
  facet normal -6.720531e-15 -1.000000e+00 0.000000e+00
    outer loop
      vertex   8.643010e+01 3.060000e+01 2.000000e+00
      vertex   8.643010e+01 3.060000e+01 5.500000e+00
      vertex   8.436511e+01 3.060000e+01 3.604605e+00
    endloop
  endfacet
  facet normal -7.836445e-15 -1.000000e+00 -1.436082e-15
    outer loop
      vertex   8.436511e+01 3.060000e+01 3.604605e+00
      vertex   8.443010e+01 3.060000e+01 3.250000e+00
      vertex   8.643010e+01 3.060000e+01 2.000000e+00
    endloop
  endfacet
  facet normal -6.686122e-15 -1.000000e+00 4.044358e-16
    outer loop
      vertex   8.443010e+01 3.060000e+01 3.250000e+00
      vertex   8.442281e+01 3.060000e+01 3.129463e+00
      vertex   8.643010e+01 3.060000e+01 2.000000e+00
    endloop
  endfacet
  facet normal -9.350162e-01 3.480468e-18 3.546049e-01
    outer loop
      vertex   8.425308e+01 3.060000e+01 2.681935e+00
      vertex   8.442281e+01 3.060000e+01 3.129463e+00
      vertex   8.442281e+01 3.660000e+01 3.129463e+00
    endloop
  endfacet
  facet normal -9.981756e-01 0.000000e+00 6.037850e-02
    outer loop
      vertex   8.442281e+01 3.660000e+01 3.129463e+00
      vertex   8.442281e+01 3.060000e+01 3.129463e+00
      vertex   8.443010e+01 3.060000e+01 3.250000e+00
    endloop
  endfacet
  facet normal -9.927023e-01 -3.627819e-03 -1.205359e-01
    outer loop
      vertex   8.436511e+01 3.660000e+01 3.604605e+00
      vertex   8.442281e+01 3.660000e+01 3.129463e+00
      vertex   8.443010e+01 3.060000e+01 3.250000e+00
    endloop
  endfacet
  facet normal -9.836199e-01 1.737852e-18 -1.802550e-01
    outer loop
      vertex   8.443010e+01 3.060000e+01 3.250000e+00
      vertex   8.436511e+01 3.060000e+01 3.604605e+00
      vertex   8.436511e+01 3.660000e+01 3.604605e+00
    endloop
  endfacet
  facet normal -8.229839e-01 0.000000e+00 -5.680647e-01
    outer loop
      vertex   8.409322e+01 3.660000e+01 3.998511e+00
      vertex   8.436511e+01 3.660000e+01 3.604605e+00
      vertex   8.436511e+01 3.060000e+01 3.604605e+00
    endloop
  endfacet
  facet normal -8.229839e-01 0.000000e+00 -5.680647e-01
    outer loop
      vertex   8.436511e+01 3.060000e+01 3.604605e+00
      vertex   8.409322e+01 3.060000e+01 3.998511e+00
      vertex   8.409322e+01 3.660000e+01 3.998511e+00
    endloop
  endfacet
  facet normal -4.647232e-01 6.960937e-18 -8.854560e-01
    outer loop
      vertex   8.366941e+01 3.660000e+01 4.220942e+00
      vertex   8.409322e+01 3.660000e+01 3.998511e+00
      vertex   8.409322e+01 3.060000e+01 3.998511e+00
    endloop
  endfacet
  facet normal -4.647232e-01 6.960937e-18 -8.854560e-01
    outer loop
      vertex   8.409322e+01 3.060000e+01 3.998511e+00
      vertex   8.366941e+01 3.060000e+01 4.220942e+00
      vertex   8.366941e+01 3.660000e+01 4.220942e+00
    endloop
  endfacet
  facet normal 0.000000e+00 0.000000e+00 -1.000000e+00
    outer loop
      vertex   8.319078e+01 3.660000e+01 4.220942e+00
      vertex   8.366941e+01 3.660000e+01 4.220942e+00
      vertex   8.366941e+01 3.060000e+01 4.220942e+00
    endloop
  endfacet
  facet normal 0.000000e+00 0.000000e+00 -1.000000e+00
    outer loop
      vertex   8.366941e+01 3.060000e+01 4.220942e+00
      vertex   8.319078e+01 3.060000e+01 4.220942e+00
      vertex   8.319078e+01 3.660000e+01 4.220942e+00
    endloop
  endfacet
  facet normal 4.647232e-01 -6.960937e-18 -8.854560e-01
    outer loop
      vertex   8.276697e+01 3.660000e+01 3.998511e+00
      vertex   8.319078e+01 3.660000e+01 4.220942e+00
      vertex   8.319078e+01 3.060000e+01 4.220942e+00
    endloop
  endfacet
  facet normal 4.647232e-01 -6.960937e-18 -8.854560e-01
    outer loop
      vertex   8.319078e+01 3.060000e+01 4.220942e+00
      vertex   8.276697e+01 3.060000e+01 3.998511e+00
      vertex   8.276697e+01 3.660000e+01 3.998511e+00
    endloop
  endfacet
  facet normal 8.229839e-01 0.000000e+00 -5.680647e-01
    outer loop
      vertex   8.249508e+01 3.660000e+01 3.604605e+00
      vertex   8.276697e+01 3.660000e+01 3.998511e+00
      vertex   8.276697e+01 3.060000e+01 3.998511e+00
    endloop
  endfacet
  facet normal 8.229839e-01 0.000000e+00 -5.680647e-01
    outer loop
      vertex   8.276697e+01 3.060000e+01 3.998511e+00
      vertex   8.249508e+01 3.060000e+01 3.604605e+00
      vertex   8.249508e+01 3.660000e+01 3.604605e+00
    endloop
  endfacet
  facet normal 9.927089e-01 0.000000e+00 -1.205367e-01
    outer loop
      vertex   8.243739e+01 3.660000e+01 3.129463e+00
      vertex   8.249508e+01 3.660000e+01 3.604605e+00
      vertex   8.249508e+01 3.060000e+01 3.604605e+00
    endloop
  endfacet
  facet normal 9.927089e-01 0.000000e+00 -1.205367e-01
    outer loop
      vertex   8.249508e+01 3.060000e+01 3.604605e+00
      vertex   8.243739e+01 3.060000e+01 3.129463e+00
      vertex   8.243739e+01 3.660000e+01 3.129463e+00
    endloop
  endfacet
  facet normal 9.350162e-01 -3.480468e-18 3.546049e-01
    outer loop
      vertex   8.260711e+01 3.660000e+01 2.681935e+00
      vertex   8.243739e+01 3.660000e+01 3.129463e+00
      vertex   8.243739e+01 3.060000e+01 3.129463e+00
    endloop
  endfacet
  facet normal 9.350162e-01 -3.480468e-18 3.546049e-01
    outer loop
      vertex   8.243739e+01 3.060000e+01 3.129463e+00
      vertex   8.260711e+01 3.060000e+01 2.681935e+00
      vertex   8.260711e+01 3.660000e+01 2.681935e+00
    endloop
  endfacet
  facet normal 6.631227e-01 0.000000e+00 7.485107e-01
    outer loop
      vertex   8.296537e+01 3.660000e+01 2.364544e+00
      vertex   8.260711e+01 3.660000e+01 2.681935e+00
      vertex   8.260711e+01 3.060000e+01 2.681935e+00
    endloop
  endfacet
  facet normal 6.631227e-01 0.000000e+00 7.485107e-01
    outer loop
      vertex   8.260711e+01 3.060000e+01 2.681935e+00
      vertex   8.296537e+01 3.060000e+01 2.364544e+00
      vertex   8.296537e+01 3.660000e+01 2.364544e+00
    endloop
  endfacet
  facet normal 2.393157e-01 0.000000e+00 9.709418e-01
    outer loop
      vertex   8.343010e+01 3.660000e+01 2.250000e+00
      vertex   8.296537e+01 3.660000e+01 2.364544e+00
      vertex   8.296537e+01 3.060000e+01 2.364544e+00
    endloop
  endfacet
  facet normal 2.393157e-01 0.000000e+00 9.709418e-01
    outer loop
      vertex   8.296537e+01 3.060000e+01 2.364544e+00
      vertex   8.343010e+01 3.060000e+01 2.250000e+00
      vertex   8.343010e+01 3.660000e+01 2.250000e+00
    endloop
  endfacet
  facet normal -2.393157e-01 0.000000e+00 9.709418e-01
    outer loop
      vertex   8.389482e+01 3.660000e+01 2.364544e+00
      vertex   8.343010e+01 3.660000e+01 2.250000e+00
      vertex   8.343010e+01 3.060000e+01 2.250000e+00
    endloop
  endfacet
  facet normal -2.393157e-01 0.000000e+00 9.709418e-01
    outer loop
      vertex   8.343010e+01 3.060000e+01 2.250000e+00
      vertex   8.389482e+01 3.060000e+01 2.364544e+00
      vertex   8.389482e+01 3.660000e+01 2.364544e+00
    endloop
  endfacet
  facet normal -6.631227e-01 6.960937e-18 7.485107e-01
    outer loop
      vertex   8.425308e+01 3.660000e+01 2.681935e+00
      vertex   8.389482e+01 3.660000e+01 2.364544e+00
      vertex   8.389482e+01 3.060000e+01 2.364544e+00
    endloop
  endfacet
  facet normal -6.631227e-01 6.960937e-18 7.485107e-01
    outer loop
      vertex   8.389482e+01 3.060000e+01 2.364544e+00
      vertex   8.425308e+01 3.060000e+01 2.681935e+00
      vertex   8.425308e+01 3.660000e+01 2.681935e+00
    endloop
  endfacet
  facet normal -9.350162e-01 3.480468e-18 3.546049e-01
    outer loop
      vertex   8.442281e+01 3.660000e+01 3.129463e+00
      vertex   8.425308e+01 3.660000e+01 2.681935e+00
      vertex   8.425308e+01 3.060000e+01 2.681935e+00
    endloop
  endfacet
  facet normal -9.626372e-01 -1.914805e-01 1.914805e-01
    outer loop
      vertex   2.431816e+01 2.455866e+01 2.500000e+00
      vertex   2.428010e+01 2.475000e+01 2.500000e+00
      vertex   2.424204e+01 2.475000e+01 2.308658e+00
    endloop
  endfacet
  facet normal -9.626372e-01 -1.914805e-01 1.914805e-01
    outer loop
      vertex   2.424204e+01 2.475000e+01 2.308658e+00
      vertex   2.428299e+01 2.454409e+01 2.308658e+00
      vertex   2.431816e+01 2.455866e+01 2.500000e+00
    endloop
  endfacet
  facet normal -8.160845e-01 -5.452902e-01 1.914805e-01
    outer loop
      vertex   2.442654e+01 2.439645e+01 2.500000e+00
      vertex   2.431816e+01 2.455866e+01 2.500000e+00
      vertex   2.428299e+01 2.454409e+01 2.308658e+00
    endloop
  endfacet
  facet normal -8.160845e-01 -5.452902e-01 1.914805e-01
    outer loop
      vertex   2.428299e+01 2.454409e+01 2.308658e+00
      vertex   2.439963e+01 2.436953e+01 2.308658e+00
      vertex   2.442654e+01 2.439645e+01 2.500000e+00
    endloop
  endfacet
  facet normal -5.452902e-01 -8.160845e-01 1.914805e-01
    outer loop
      vertex   2.458875e+01 2.428806e+01 2.500000e+00
      vertex   2.442654e+01 2.439645e+01 2.500000e+00
      vertex   2.439963e+01 2.436953e+01 2.308658e+00
    endloop
  endfacet
  facet normal -5.452902e-01 -8.160845e-01 1.914805e-01
    outer loop
      vertex   2.439963e+01 2.436953e+01 2.308658e+00
      vertex   2.457419e+01 2.425290e+01 2.308658e+00
      vertex   2.458875e+01 2.428806e+01 2.500000e+00
    endloop
  endfacet
  facet normal -1.914805e-01 -9.626372e-01 1.914805e-01
    outer loop
      vertex   2.478010e+01 2.425000e+01 2.500000e+00
      vertex   2.458875e+01 2.428806e+01 2.500000e+00
      vertex   2.457419e+01 2.425290e+01 2.308658e+00
    endloop
  endfacet
  facet normal -1.914805e-01 -9.626372e-01 1.914805e-01
    outer loop
      vertex   2.457419e+01 2.425290e+01 2.308658e+00
      vertex   2.478010e+01 2.421194e+01 2.308658e+00
      vertex   2.478010e+01 2.425000e+01 2.500000e+00
    endloop
  endfacet
  facet normal -8.203258e-01 -1.631730e-01 5.481242e-01
    outer loop
      vertex   2.428299e+01 2.454409e+01 2.308658e+00
      vertex   2.424204e+01 2.475000e+01 2.308658e+00
      vertex   2.413365e+01 2.475000e+01 2.146447e+00
    endloop
  endfacet
  facet normal -8.203258e-01 -1.631730e-01 5.481242e-01
    outer loop
      vertex   2.413365e+01 2.475000e+01 2.146447e+00
      vertex   2.418286e+01 2.450262e+01 2.146447e+00
      vertex   2.428299e+01 2.454409e+01 2.308658e+00
    endloop
  endfacet
  facet normal -6.954387e-01 -4.646773e-01 5.481242e-01
    outer loop
      vertex   2.439963e+01 2.436953e+01 2.308658e+00
      vertex   2.428299e+01 2.454409e+01 2.308658e+00
      vertex   2.418286e+01 2.450262e+01 2.146447e+00
    endloop
  endfacet
  facet normal -6.954387e-01 -4.646773e-01 5.481242e-01
    outer loop
      vertex   2.418286e+01 2.450262e+01 2.146447e+00
      vertex   2.432299e+01 2.429289e+01 2.146447e+00
      vertex   2.439963e+01 2.436953e+01 2.308658e+00
    endloop
  endfacet
  facet normal -4.646773e-01 -6.954387e-01 5.481242e-01
    outer loop
      vertex   2.457419e+01 2.425290e+01 2.308658e+00
      vertex   2.439963e+01 2.436953e+01 2.308658e+00
      vertex   2.432299e+01 2.429289e+01 2.146447e+00
    endloop
  endfacet
  facet normal -4.646773e-01 -6.954387e-01 5.481242e-01
    outer loop
      vertex   2.432299e+01 2.429289e+01 2.146447e+00
      vertex   2.453271e+01 2.415276e+01 2.146447e+00
      vertex   2.457419e+01 2.425290e+01 2.308658e+00
    endloop
  endfacet
  facet normal -1.631730e-01 -8.203258e-01 5.481242e-01
    outer loop
      vertex   2.478010e+01 2.421194e+01 2.308658e+00
      vertex   2.457419e+01 2.425290e+01 2.308658e+00
      vertex   2.453271e+01 2.415276e+01 2.146447e+00
    endloop
  endfacet
  facet normal -1.631730e-01 -8.203258e-01 5.481242e-01
    outer loop
      vertex   2.453271e+01 2.415276e+01 2.146447e+00
      vertex   2.478010e+01 2.410355e+01 2.146447e+00
      vertex   2.478010e+01 2.421194e+01 2.308658e+00
    endloop
  endfacet
  facet normal -5.522086e-01 -1.098411e-01 8.264385e-01
    outer loop
      vertex   2.418286e+01 2.450262e+01 2.146447e+00
      vertex   2.413365e+01 2.475000e+01 2.146447e+00
      vertex   2.397144e+01 2.475000e+01 2.038060e+00
    endloop
  endfacet
  facet normal -5.522086e-01 -1.098411e-01 8.264385e-01
    outer loop
      vertex   2.397144e+01 2.475000e+01 2.038060e+00
      vertex   2.403299e+01 2.444054e+01 2.038060e+00
      vertex   2.418286e+01 2.450262e+01 2.146447e+00
    endloop
  endfacet
  facet normal -4.681398e-01 -3.128010e-01 8.264385e-01
    outer loop
      vertex   2.432299e+01 2.429289e+01 2.146447e+00
      vertex   2.418286e+01 2.450262e+01 2.146447e+00
      vertex   2.403299e+01 2.444054e+01 2.038060e+00
    endloop
  endfacet
  facet normal -4.681398e-01 -3.128010e-01 8.264385e-01
    outer loop
      vertex   2.403299e+01 2.444054e+01 2.038060e+00
      vertex   2.420829e+01 2.417819e+01 2.038060e+00
      vertex   2.432299e+01 2.429289e+01 2.146447e+00
    endloop
  endfacet
  facet normal -3.128010e-01 -4.681398e-01 8.264385e-01
    outer loop
      vertex   2.453271e+01 2.415276e+01 2.146447e+00
      vertex   2.432299e+01 2.429289e+01 2.146447e+00
      vertex   2.420829e+01 2.417819e+01 2.038060e+00
    endloop
  endfacet
  facet normal -3.128010e-01 -4.681398e-01 8.264385e-01
    outer loop
      vertex   2.420829e+01 2.417819e+01 2.038060e+00
      vertex   2.447064e+01 2.400290e+01 2.038060e+00
      vertex   2.453271e+01 2.415276e+01 2.146447e+00
    endloop
  endfacet
  facet normal -1.098411e-01 -5.522086e-01 8.264385e-01
    outer loop
      vertex   2.478010e+01 2.410355e+01 2.146447e+00
      vertex   2.453271e+01 2.415276e+01 2.146447e+00
      vertex   2.447064e+01 2.400290e+01 2.038060e+00
    endloop
  endfacet
  facet normal -1.098411e-01 -5.522086e-01 8.264385e-01
    outer loop
      vertex   2.447064e+01 2.400290e+01 2.038060e+00
      vertex   2.478010e+01 2.394134e+01 2.038060e+00
      vertex   2.478010e+01 2.410355e+01 2.146447e+00
    endloop
  endfacet
  facet normal -1.949436e-01 -3.877669e-02 9.800476e-01
    outer loop
      vertex   2.403299e+01 2.444054e+01 2.038060e+00
      vertex   2.397144e+01 2.475000e+01 2.038060e+00
      vertex   2.378010e+01 2.475000e+01 2.000000e+00
    endloop
  endfacet
  facet normal -1.949436e-01 -3.877669e-02 9.800476e-01
    outer loop
      vertex   2.378010e+01 2.475000e+01 2.000000e+00
      vertex   2.385622e+01 2.436732e+01 2.000000e+00
      vertex   2.403299e+01 2.444054e+01 2.038060e+00
    endloop
  endfacet
  facet normal -1.652652e-01 -1.104267e-01 9.800476e-01
    outer loop
      vertex   2.420829e+01 2.417819e+01 2.038060e+00
      vertex   2.403299e+01 2.444054e+01 2.038060e+00
      vertex   2.385622e+01 2.436732e+01 2.000000e+00
    endloop
  endfacet
  facet normal -1.652652e-01 -1.104267e-01 9.800476e-01
    outer loop
      vertex   2.385622e+01 2.436732e+01 2.000000e+00
      vertex   2.407299e+01 2.404289e+01 2.000000e+00
      vertex   2.420829e+01 2.417819e+01 2.038060e+00
    endloop
  endfacet
  facet normal -1.104267e-01 -1.652652e-01 9.800476e-01
    outer loop
      vertex   2.447064e+01 2.400290e+01 2.038060e+00
      vertex   2.420829e+01 2.417819e+01 2.038060e+00
      vertex   2.407299e+01 2.404289e+01 2.000000e+00
    endloop
  endfacet
  facet normal -1.104267e-01 -1.652652e-01 9.800476e-01
    outer loop
      vertex   2.407299e+01 2.404289e+01 2.000000e+00
      vertex   2.439741e+01 2.382612e+01 2.000000e+00
      vertex   2.447064e+01 2.400290e+01 2.038060e+00
    endloop
  endfacet
  facet normal -3.877669e-02 -1.949436e-01 9.800476e-01
    outer loop
      vertex   2.478010e+01 2.394134e+01 2.038060e+00
      vertex   2.447064e+01 2.400290e+01 2.038060e+00
      vertex   2.439741e+01 2.382612e+01 2.000000e+00
    endloop
  endfacet
  facet normal -3.877669e-02 -1.949436e-01 9.800476e-01
    outer loop
      vertex   2.439741e+01 2.382612e+01 2.000000e+00
      vertex   2.478010e+01 2.375000e+01 2.000000e+00
      vertex   2.478010e+01 2.394134e+01 2.038060e+00
    endloop
  endfacet
  facet normal -1.950903e-01 0.000000e+00 9.807853e-01
    outer loop
      vertex   2.397144e+01 2.675000e+01 2.038060e+00
      vertex   2.378010e+01 2.675000e+01 2.000000e+00
      vertex   2.378010e+01 2.475000e+01 2.000000e+00
    endloop
  endfacet
  facet normal -1.950903e-01 0.000000e+00 9.807853e-01
    outer loop
      vertex   2.378010e+01 2.475000e+01 2.000000e+00
      vertex   2.397144e+01 2.475000e+01 2.038060e+00
      vertex   2.397144e+01 2.675000e+01 2.038060e+00
    endloop
  endfacet
  facet normal -5.555702e-01 0.000000e+00 8.314696e-01
    outer loop
      vertex   2.413365e+01 2.675000e+01 2.146447e+00
      vertex   2.397144e+01 2.675000e+01 2.038060e+00
      vertex   2.397144e+01 2.475000e+01 2.038060e+00
    endloop
  endfacet
  facet normal -5.555702e-01 2.440140e-16 8.314696e-01
    outer loop
      vertex   2.397144e+01 2.475000e+01 2.038060e+00
      vertex   2.413365e+01 2.475000e+01 2.146447e+00
      vertex   2.413365e+01 2.675000e+01 2.146447e+00
    endloop
  endfacet
  facet normal -8.314696e-01 9.690841e-16 5.555702e-01
    outer loop
      vertex   2.424204e+01 2.675000e+01 2.308658e+00
      vertex   2.413365e+01 2.675000e+01 2.146447e+00
      vertex   2.413365e+01 2.475000e+01 2.146447e+00
    endloop
  endfacet
  facet normal -8.314696e-01 0.000000e+00 5.555702e-01
    outer loop
      vertex   2.413365e+01 2.475000e+01 2.146447e+00
      vertex   2.424204e+01 2.475000e+01 2.308658e+00
      vertex   2.424204e+01 2.675000e+01 2.308658e+00
    endloop
  endfacet
  facet normal -9.807853e-01 -3.485914e-18 1.950903e-01
    outer loop
      vertex   2.428010e+01 2.675000e+01 2.500000e+00
      vertex   2.424204e+01 2.675000e+01 2.308658e+00
      vertex   2.424204e+01 2.475000e+01 2.308658e+00
    endloop
  endfacet
  facet normal -9.807853e-01 -3.485914e-18 1.950903e-01
    outer loop
      vertex   2.424204e+01 2.475000e+01 2.308658e+00
      vertex   2.428010e+01 2.475000e+01 2.500000e+00
      vertex   2.428010e+01 2.675000e+01 2.500000e+00
    endloop
  endfacet
  facet normal 0.000000e+00 -1.950903e-01 9.807853e-01
    outer loop
      vertex   2.478010e+01 2.394134e+01 2.038060e+00
      vertex   2.478010e+01 2.375000e+01 2.000000e+00
      vertex   2.678010e+01 2.375000e+01 2.000000e+00
    endloop
  endfacet
  facet normal 0.000000e+00 -1.950903e-01 9.807853e-01
    outer loop
      vertex   2.678010e+01 2.375000e+01 2.000000e+00
      vertex   2.678010e+01 2.394134e+01 2.038060e+00
      vertex   2.478010e+01 2.394134e+01 2.038060e+00
    endloop
  endfacet
  facet normal 0.000000e+00 -5.555702e-01 8.314696e-01
    outer loop
      vertex   2.478010e+01 2.410355e+01 2.146447e+00
      vertex   2.478010e+01 2.394134e+01 2.038060e+00
      vertex   2.678010e+01 2.394134e+01 2.038060e+00
    endloop
  endfacet
  facet normal 2.370421e-16 -5.555702e-01 8.314696e-01
    outer loop
      vertex   2.678010e+01 2.394134e+01 2.038060e+00
      vertex   2.678010e+01 2.410355e+01 2.146447e+00
      vertex   2.478010e+01 2.410355e+01 2.146447e+00
    endloop
  endfacet
  facet normal 9.551404e-16 -8.314696e-01 5.555702e-01
    outer loop
      vertex   2.478010e+01 2.421194e+01 2.308658e+00
      vertex   2.478010e+01 2.410355e+01 2.146447e+00
      vertex   2.678010e+01 2.410355e+01 2.146447e+00
    endloop
  endfacet
  facet normal 0.000000e+00 -8.314696e-01 5.555702e-01
    outer loop
      vertex   2.678010e+01 2.410355e+01 2.146447e+00
      vertex   2.678010e+01 2.421194e+01 2.308658e+00
      vertex   2.478010e+01 2.421194e+01 2.308658e+00
    endloop
  endfacet
  facet normal 0.000000e+00 -9.807853e-01 1.950903e-01
    outer loop
      vertex   2.478010e+01 2.425000e+01 2.500000e+00
      vertex   2.478010e+01 2.421194e+01 2.308658e+00
      vertex   2.678010e+01 2.421194e+01 2.308658e+00
    endloop
  endfacet
  facet normal 0.000000e+00 -9.807853e-01 1.950903e-01
    outer loop
      vertex   2.678010e+01 2.421194e+01 2.308658e+00
      vertex   2.678010e+01 2.425000e+01 2.500000e+00
      vertex   2.478010e+01 2.425000e+01 2.500000e+00
    endloop
  endfacet
  facet normal -9.807853e-01 -1.950903e-01 -0.000000e+00
    outer loop
      vertex   2.428010e+01 2.475000e+01 7.000000e+00
      vertex   2.428010e+01 2.475000e+01 2.500000e+00
      vertex   2.431816e+01 2.455866e+01 2.500000e+00
    endloop
  endfacet
  facet normal -9.807853e-01 -1.950903e-01 0.000000e+00
    outer loop
      vertex   2.431816e+01 2.455866e+01 2.500000e+00
      vertex   2.431816e+01 2.455866e+01 7.000000e+00
      vertex   2.428010e+01 2.475000e+01 7.000000e+00
    endloop
  endfacet
  facet normal -8.314696e-01 -5.555702e-01 -0.000000e+00
    outer loop
      vertex   2.431816e+01 2.455866e+01 7.000000e+00
      vertex   2.431816e+01 2.455866e+01 2.500000e+00
      vertex   2.442654e+01 2.439645e+01 2.500000e+00
    endloop
  endfacet
  facet normal -8.314696e-01 -5.555702e-01 0.000000e+00
    outer loop
      vertex   2.442654e+01 2.439645e+01 2.500000e+00
      vertex   2.442654e+01 2.439645e+01 7.000000e+00
      vertex   2.431816e+01 2.455866e+01 7.000000e+00
    endloop
  endfacet
  facet normal -5.555702e-01 -8.314696e-01 -0.000000e+00
    outer loop
      vertex   2.442654e+01 2.439645e+01 7.000000e+00
      vertex   2.442654e+01 2.439645e+01 2.500000e+00
      vertex   2.458875e+01 2.428806e+01 2.500000e+00
    endloop
  endfacet
  facet normal -5.555702e-01 -8.314696e-01 0.000000e+00
    outer loop
      vertex   2.458875e+01 2.428806e+01 2.500000e+00
      vertex   2.458875e+01 2.428806e+01 7.000000e+00
      vertex   2.442654e+01 2.439645e+01 7.000000e+00
    endloop
  endfacet
  facet normal -1.950903e-01 -9.807853e-01 -0.000000e+00
    outer loop
      vertex   2.458875e+01 2.428806e+01 7.000000e+00
      vertex   2.458875e+01 2.428806e+01 2.500000e+00
      vertex   2.478010e+01 2.425000e+01 2.500000e+00
    endloop
  endfacet
  facet normal -1.950903e-01 -9.807853e-01 0.000000e+00
    outer loop
      vertex   2.478010e+01 2.425000e+01 2.500000e+00
      vertex   2.478010e+01 2.425000e+01 7.000000e+00
      vertex   2.458875e+01 2.428806e+01 7.000000e+00
    endloop
  endfacet
  facet normal 0.000000e+00 -1.000000e+00 0.000000e+00
    outer loop
      vertex   2.678010e+01 2.425000e+01 2.500000e+00
      vertex   2.678010e+01 2.425000e+01 7.000000e+00
      vertex   2.478010e+01 2.425000e+01 7.000000e+00
    endloop
  endfacet
  facet normal 0.000000e+00 -1.000000e+00 0.000000e+00
    outer loop
      vertex   2.478010e+01 2.425000e+01 7.000000e+00
      vertex   2.478010e+01 2.425000e+01 2.500000e+00
      vertex   2.678010e+01 2.425000e+01 2.500000e+00
    endloop
  endfacet
  facet normal 1.914805e-01 -9.626372e-01 1.914805e-01
    outer loop
      vertex   2.697144e+01 2.428806e+01 2.500000e+00
      vertex   2.678010e+01 2.425000e+01 2.500000e+00
      vertex   2.678010e+01 2.421194e+01 2.308658e+00
    endloop
  endfacet
  facet normal 1.914805e-01 -9.626372e-01 1.914805e-01
    outer loop
      vertex   2.678010e+01 2.421194e+01 2.308658e+00
      vertex   2.698600e+01 2.425290e+01 2.308658e+00
      vertex   2.697144e+01 2.428806e+01 2.500000e+00
    endloop
  endfacet
  facet normal 5.452902e-01 -8.160845e-01 1.914805e-01
    outer loop
      vertex   2.713365e+01 2.439645e+01 2.500000e+00
      vertex   2.697144e+01 2.428806e+01 2.500000e+00
      vertex   2.698600e+01 2.425290e+01 2.308658e+00
    endloop
  endfacet
  facet normal 5.452902e-01 -8.160845e-01 1.914805e-01
    outer loop
      vertex   2.698600e+01 2.425290e+01 2.308658e+00
      vertex   2.716056e+01 2.436953e+01 2.308658e+00
      vertex   2.713365e+01 2.439645e+01 2.500000e+00
    endloop
  endfacet
  facet normal 8.160845e-01 -5.452902e-01 1.914805e-01
    outer loop
      vertex   2.724204e+01 2.455866e+01 2.500000e+00
      vertex   2.713365e+01 2.439645e+01 2.500000e+00
      vertex   2.716056e+01 2.436953e+01 2.308658e+00
    endloop
  endfacet
  facet normal 8.160845e-01 -5.452902e-01 1.914805e-01
    outer loop
      vertex   2.716056e+01 2.436953e+01 2.308658e+00
      vertex   2.727720e+01 2.454409e+01 2.308658e+00
      vertex   2.724204e+01 2.455866e+01 2.500000e+00
    endloop
  endfacet
  facet normal 9.626372e-01 -1.914805e-01 1.914805e-01
    outer loop
      vertex   2.728010e+01 2.475000e+01 2.500000e+00
      vertex   2.724204e+01 2.455866e+01 2.500000e+00
      vertex   2.727720e+01 2.454409e+01 2.308658e+00
    endloop
  endfacet
  facet normal 9.626372e-01 -1.914805e-01 1.914805e-01
    outer loop
      vertex   2.727720e+01 2.454409e+01 2.308658e+00
      vertex   2.731816e+01 2.475000e+01 2.308658e+00
      vertex   2.728010e+01 2.475000e+01 2.500000e+00
    endloop
  endfacet
  facet normal 1.631730e-01 -8.203258e-01 5.481242e-01
    outer loop
      vertex   2.698600e+01 2.425290e+01 2.308658e+00
      vertex   2.678010e+01 2.421194e+01 2.308658e+00
      vertex   2.678010e+01 2.410355e+01 2.146447e+00
    endloop
  endfacet
  facet normal 1.631730e-01 -8.203258e-01 5.481242e-01
    outer loop
      vertex   2.678010e+01 2.410355e+01 2.146447e+00
      vertex   2.702748e+01 2.415276e+01 2.146447e+00
      vertex   2.698600e+01 2.425290e+01 2.308658e+00
    endloop
  endfacet
  facet normal 4.646773e-01 -6.954387e-01 5.481242e-01
    outer loop
      vertex   2.716056e+01 2.436953e+01 2.308658e+00
      vertex   2.698600e+01 2.425290e+01 2.308658e+00
      vertex   2.702748e+01 2.415276e+01 2.146447e+00
    endloop
  endfacet
  facet normal 4.646773e-01 -6.954387e-01 5.481242e-01
    outer loop
      vertex   2.702748e+01 2.415276e+01 2.146447e+00
      vertex   2.723720e+01 2.429289e+01 2.146447e+00
      vertex   2.716056e+01 2.436953e+01 2.308658e+00
    endloop
  endfacet
  facet normal 6.954387e-01 -4.646773e-01 5.481242e-01
    outer loop
      vertex   2.727720e+01 2.454409e+01 2.308658e+00
      vertex   2.716056e+01 2.436953e+01 2.308658e+00
      vertex   2.723720e+01 2.429289e+01 2.146447e+00
    endloop
  endfacet
  facet normal 6.954387e-01 -4.646773e-01 5.481242e-01
    outer loop
      vertex   2.723720e+01 2.429289e+01 2.146447e+00
      vertex   2.737734e+01 2.450262e+01 2.146447e+00
      vertex   2.727720e+01 2.454409e+01 2.308658e+00
    endloop
  endfacet
  facet normal 8.203258e-01 -1.631730e-01 5.481242e-01
    outer loop
      vertex   2.731816e+01 2.475000e+01 2.308658e+00
      vertex   2.727720e+01 2.454409e+01 2.308658e+00
      vertex   2.737734e+01 2.450262e+01 2.146447e+00
    endloop
  endfacet
  facet normal 8.203258e-01 -1.631730e-01 5.481242e-01
    outer loop
      vertex   2.737734e+01 2.450262e+01 2.146447e+00
      vertex   2.742654e+01 2.475000e+01 2.146447e+00
      vertex   2.731816e+01 2.475000e+01 2.308658e+00
    endloop
  endfacet
  facet normal 1.098411e-01 -5.522086e-01 8.264385e-01
    outer loop
      vertex   2.702748e+01 2.415276e+01 2.146447e+00
      vertex   2.678010e+01 2.410355e+01 2.146447e+00
      vertex   2.678010e+01 2.394134e+01 2.038060e+00
    endloop
  endfacet
  facet normal 1.098411e-01 -5.522086e-01 8.264385e-01
    outer loop
      vertex   2.678010e+01 2.394134e+01 2.038060e+00
      vertex   2.708956e+01 2.400290e+01 2.038060e+00
      vertex   2.702748e+01 2.415276e+01 2.146447e+00
    endloop
  endfacet
  facet normal 3.128010e-01 -4.681398e-01 8.264385e-01
    outer loop
      vertex   2.723720e+01 2.429289e+01 2.146447e+00
      vertex   2.702748e+01 2.415276e+01 2.146447e+00
      vertex   2.708956e+01 2.400290e+01 2.038060e+00
    endloop
  endfacet
  facet normal 3.128010e-01 -4.681398e-01 8.264385e-01
    outer loop
      vertex   2.708956e+01 2.400290e+01 2.038060e+00
      vertex   2.735190e+01 2.417819e+01 2.038060e+00
      vertex   2.723720e+01 2.429289e+01 2.146447e+00
    endloop
  endfacet
  facet normal 4.681398e-01 -3.128010e-01 8.264385e-01
    outer loop
      vertex   2.737734e+01 2.450262e+01 2.146447e+00
      vertex   2.723720e+01 2.429289e+01 2.146447e+00
      vertex   2.735190e+01 2.417819e+01 2.038060e+00
    endloop
  endfacet
  facet normal 4.681398e-01 -3.128010e-01 8.264385e-01
    outer loop
      vertex   2.735190e+01 2.417819e+01 2.038060e+00
      vertex   2.752720e+01 2.444054e+01 2.038060e+00
      vertex   2.737734e+01 2.450262e+01 2.146447e+00
    endloop
  endfacet
  facet normal 5.522086e-01 -1.098411e-01 8.264385e-01
    outer loop
      vertex   2.742654e+01 2.475000e+01 2.146447e+00
      vertex   2.737734e+01 2.450262e+01 2.146447e+00
      vertex   2.752720e+01 2.444054e+01 2.038060e+00
    endloop
  endfacet
  facet normal 5.522086e-01 -1.098411e-01 8.264385e-01
    outer loop
      vertex   2.752720e+01 2.444054e+01 2.038060e+00
      vertex   2.758875e+01 2.475000e+01 2.038060e+00
      vertex   2.742654e+01 2.475000e+01 2.146447e+00
    endloop
  endfacet
  facet normal 3.877669e-02 -1.949436e-01 9.800476e-01
    outer loop
      vertex   2.708956e+01 2.400290e+01 2.038060e+00
      vertex   2.678010e+01 2.394134e+01 2.038060e+00
      vertex   2.678010e+01 2.375000e+01 2.000000e+00
    endloop
  endfacet
  facet normal 3.877669e-02 -1.949436e-01 9.800476e-01
    outer loop
      vertex   2.678010e+01 2.375000e+01 2.000000e+00
      vertex   2.716278e+01 2.382612e+01 2.000000e+00
      vertex   2.708956e+01 2.400290e+01 2.038060e+00
    endloop
  endfacet
  facet normal 1.104267e-01 -1.652652e-01 9.800476e-01
    outer loop
      vertex   2.735190e+01 2.417819e+01 2.038060e+00
      vertex   2.708956e+01 2.400290e+01 2.038060e+00
      vertex   2.716278e+01 2.382612e+01 2.000000e+00
    endloop
  endfacet
  facet normal 1.104267e-01 -1.652652e-01 9.800476e-01
    outer loop
      vertex   2.716278e+01 2.382612e+01 2.000000e+00
      vertex   2.748720e+01 2.404289e+01 2.000000e+00
      vertex   2.735190e+01 2.417819e+01 2.038060e+00
    endloop
  endfacet
  facet normal 1.652652e-01 -1.104267e-01 9.800476e-01
    outer loop
      vertex   2.752720e+01 2.444054e+01 2.038060e+00
      vertex   2.735190e+01 2.417819e+01 2.038060e+00
      vertex   2.748720e+01 2.404289e+01 2.000000e+00
    endloop
  endfacet
  facet normal 1.652652e-01 -1.104267e-01 9.800476e-01
    outer loop
      vertex   2.748720e+01 2.404289e+01 2.000000e+00
      vertex   2.770398e+01 2.436732e+01 2.000000e+00
      vertex   2.752720e+01 2.444054e+01 2.038060e+00
    endloop
  endfacet
  facet normal 1.949436e-01 -3.877669e-02 9.800476e-01
    outer loop
      vertex   2.758875e+01 2.475000e+01 2.038060e+00
      vertex   2.752720e+01 2.444054e+01 2.038060e+00
      vertex   2.770398e+01 2.436732e+01 2.000000e+00
    endloop
  endfacet
  facet normal 1.949436e-01 -3.877669e-02 9.800476e-01
    outer loop
      vertex   2.770398e+01 2.436732e+01 2.000000e+00
      vertex   2.778010e+01 2.475000e+01 2.000000e+00
      vertex   2.758875e+01 2.475000e+01 2.038060e+00
    endloop
  endfacet
  facet normal -1.000000e+00 0.000000e+00 -0.000000e+00
    outer loop
      vertex   2.428010e+01 2.675000e+01 7.000000e+00
      vertex   2.428010e+01 2.675000e+01 2.500000e+00
      vertex   2.428010e+01 2.475000e+01 2.500000e+00
    endloop
  endfacet
  facet normal -1.000000e+00 0.000000e+00 0.000000e+00
    outer loop
      vertex   2.428010e+01 2.475000e+01 2.500000e+00
      vertex   2.428010e+01 2.475000e+01 7.000000e+00
      vertex   2.428010e+01 2.675000e+01 7.000000e+00
    endloop
  endfacet
  facet normal -1.914805e-01 9.626372e-01 1.914805e-01
    outer loop
      vertex   2.458875e+01 2.721194e+01 2.500000e+00
      vertex   2.478010e+01 2.725000e+01 2.500000e+00
      vertex   2.478010e+01 2.728806e+01 2.308658e+00
    endloop
  endfacet
  facet normal -1.914805e-01 9.626372e-01 1.914805e-01
    outer loop
      vertex   2.478010e+01 2.728806e+01 2.308658e+00
      vertex   2.457419e+01 2.724710e+01 2.308658e+00
      vertex   2.458875e+01 2.721194e+01 2.500000e+00
    endloop
  endfacet
  facet normal -5.452902e-01 8.160845e-01 1.914805e-01
    outer loop
      vertex   2.442654e+01 2.710355e+01 2.500000e+00
      vertex   2.458875e+01 2.721194e+01 2.500000e+00
      vertex   2.457419e+01 2.724710e+01 2.308658e+00
    endloop
  endfacet
  facet normal -5.452902e-01 8.160845e-01 1.914805e-01
    outer loop
      vertex   2.457419e+01 2.724710e+01 2.308658e+00
      vertex   2.439963e+01 2.713047e+01 2.308658e+00
      vertex   2.442654e+01 2.710355e+01 2.500000e+00
    endloop
  endfacet
  facet normal -8.160845e-01 5.452902e-01 1.914805e-01
    outer loop
      vertex   2.431816e+01 2.694134e+01 2.500000e+00
      vertex   2.442654e+01 2.710355e+01 2.500000e+00
      vertex   2.439963e+01 2.713047e+01 2.308658e+00
    endloop
  endfacet
  facet normal -8.160845e-01 5.452902e-01 1.914805e-01
    outer loop
      vertex   2.439963e+01 2.713047e+01 2.308658e+00
      vertex   2.428299e+01 2.695591e+01 2.308658e+00
      vertex   2.431816e+01 2.694134e+01 2.500000e+00
    endloop
  endfacet
  facet normal -9.626372e-01 1.914805e-01 1.914805e-01
    outer loop
      vertex   2.428010e+01 2.675000e+01 2.500000e+00
      vertex   2.431816e+01 2.694134e+01 2.500000e+00
      vertex   2.428299e+01 2.695591e+01 2.308658e+00
    endloop
  endfacet
  facet normal -9.626372e-01 1.914805e-01 1.914805e-01
    outer loop
      vertex   2.428299e+01 2.695591e+01 2.308658e+00
      vertex   2.424204e+01 2.675000e+01 2.308658e+00
      vertex   2.428010e+01 2.675000e+01 2.500000e+00
    endloop
  endfacet
  facet normal -1.631730e-01 8.203258e-01 5.481242e-01
    outer loop
      vertex   2.457419e+01 2.724710e+01 2.308658e+00
      vertex   2.478010e+01 2.728806e+01 2.308658e+00
      vertex   2.478010e+01 2.739645e+01 2.146447e+00
    endloop
  endfacet
  facet normal -1.631730e-01 8.203258e-01 5.481242e-01
    outer loop
      vertex   2.478010e+01 2.739645e+01 2.146447e+00
      vertex   2.453271e+01 2.734724e+01 2.146447e+00
      vertex   2.457419e+01 2.724710e+01 2.308658e+00
    endloop
  endfacet
  facet normal -4.646773e-01 6.954387e-01 5.481242e-01
    outer loop
      vertex   2.439963e+01 2.713047e+01 2.308658e+00
      vertex   2.457419e+01 2.724710e+01 2.308658e+00
      vertex   2.453271e+01 2.734724e+01 2.146447e+00
    endloop
  endfacet
  facet normal -4.646773e-01 6.954387e-01 5.481242e-01
    outer loop
      vertex   2.453271e+01 2.734724e+01 2.146447e+00
      vertex   2.432299e+01 2.720711e+01 2.146447e+00
      vertex   2.439963e+01 2.713047e+01 2.308658e+00
    endloop
  endfacet
  facet normal -6.954387e-01 4.646773e-01 5.481242e-01
    outer loop
      vertex   2.428299e+01 2.695591e+01 2.308658e+00
      vertex   2.439963e+01 2.713047e+01 2.308658e+00
      vertex   2.432299e+01 2.720711e+01 2.146447e+00
    endloop
  endfacet
  facet normal -6.954387e-01 4.646773e-01 5.481242e-01
    outer loop
      vertex   2.432299e+01 2.720711e+01 2.146447e+00
      vertex   2.418286e+01 2.699738e+01 2.146447e+00
      vertex   2.428299e+01 2.695591e+01 2.308658e+00
    endloop
  endfacet
  facet normal -8.203258e-01 1.631730e-01 5.481242e-01
    outer loop
      vertex   2.424204e+01 2.675000e+01 2.308658e+00
      vertex   2.428299e+01 2.695591e+01 2.308658e+00
      vertex   2.418286e+01 2.699738e+01 2.146447e+00
    endloop
  endfacet
  facet normal -8.203258e-01 1.631730e-01 5.481242e-01
    outer loop
      vertex   2.418286e+01 2.699738e+01 2.146447e+00
      vertex   2.413365e+01 2.675000e+01 2.146447e+00
      vertex   2.424204e+01 2.675000e+01 2.308658e+00
    endloop
  endfacet
  facet normal -1.098411e-01 5.522086e-01 8.264385e-01
    outer loop
      vertex   2.453271e+01 2.734724e+01 2.146447e+00
      vertex   2.478010e+01 2.739645e+01 2.146447e+00
      vertex   2.478010e+01 2.755866e+01 2.038060e+00
    endloop
  endfacet
  facet normal -1.098411e-01 5.522086e-01 8.264385e-01
    outer loop
      vertex   2.478010e+01 2.755866e+01 2.038060e+00
      vertex   2.447064e+01 2.749710e+01 2.038060e+00
      vertex   2.453271e+01 2.734724e+01 2.146447e+00
    endloop
  endfacet
  facet normal -3.128010e-01 4.681398e-01 8.264385e-01
    outer loop
      vertex   2.432299e+01 2.720711e+01 2.146447e+00
      vertex   2.453271e+01 2.734724e+01 2.146447e+00
      vertex   2.447064e+01 2.749710e+01 2.038060e+00
    endloop
  endfacet
  facet normal -3.128010e-01 4.681398e-01 8.264385e-01
    outer loop
      vertex   2.447064e+01 2.749710e+01 2.038060e+00
      vertex   2.420829e+01 2.732181e+01 2.038060e+00
      vertex   2.432299e+01 2.720711e+01 2.146447e+00
    endloop
  endfacet
  facet normal -4.681398e-01 3.128010e-01 8.264385e-01
    outer loop
      vertex   2.418286e+01 2.699738e+01 2.146447e+00
      vertex   2.432299e+01 2.720711e+01 2.146447e+00
      vertex   2.420829e+01 2.732181e+01 2.038060e+00
    endloop
  endfacet
  facet normal -4.681398e-01 3.128010e-01 8.264385e-01
    outer loop
      vertex   2.420829e+01 2.732181e+01 2.038060e+00
      vertex   2.403299e+01 2.705946e+01 2.038060e+00
      vertex   2.418286e+01 2.699738e+01 2.146447e+00
    endloop
  endfacet
  facet normal -5.522086e-01 1.098411e-01 8.264385e-01
    outer loop
      vertex   2.413365e+01 2.675000e+01 2.146447e+00
      vertex   2.418286e+01 2.699738e+01 2.146447e+00
      vertex   2.403299e+01 2.705946e+01 2.038060e+00
    endloop
  endfacet
  facet normal -5.522086e-01 1.098411e-01 8.264385e-01
    outer loop
      vertex   2.403299e+01 2.705946e+01 2.038060e+00
      vertex   2.397144e+01 2.675000e+01 2.038060e+00
      vertex   2.413365e+01 2.675000e+01 2.146447e+00
    endloop
  endfacet
  facet normal -3.877669e-02 1.949436e-01 9.800476e-01
    outer loop
      vertex   2.447064e+01 2.749710e+01 2.038060e+00
      vertex   2.478010e+01 2.755866e+01 2.038060e+00
      vertex   2.478010e+01 2.775000e+01 2.000000e+00
    endloop
  endfacet
  facet normal -3.877669e-02 1.949436e-01 9.800476e-01
    outer loop
      vertex   2.478010e+01 2.775000e+01 2.000000e+00
      vertex   2.439741e+01 2.767388e+01 2.000000e+00
      vertex   2.447064e+01 2.749710e+01 2.038060e+00
    endloop
  endfacet
  facet normal -1.104267e-01 1.652652e-01 9.800476e-01
    outer loop
      vertex   2.420829e+01 2.732181e+01 2.038060e+00
      vertex   2.447064e+01 2.749710e+01 2.038060e+00
      vertex   2.439741e+01 2.767388e+01 2.000000e+00
    endloop
  endfacet
  facet normal -1.104267e-01 1.652652e-01 9.800476e-01
    outer loop
      vertex   2.439741e+01 2.767388e+01 2.000000e+00
      vertex   2.407299e+01 2.745711e+01 2.000000e+00
      vertex   2.420829e+01 2.732181e+01 2.038060e+00
    endloop
  endfacet
  facet normal -1.652652e-01 1.104267e-01 9.800476e-01
    outer loop
      vertex   2.403299e+01 2.705946e+01 2.038060e+00
      vertex   2.420829e+01 2.732181e+01 2.038060e+00
      vertex   2.407299e+01 2.745711e+01 2.000000e+00
    endloop
  endfacet
  facet normal -1.652652e-01 1.104267e-01 9.800476e-01
    outer loop
      vertex   2.407299e+01 2.745711e+01 2.000000e+00
      vertex   2.385622e+01 2.713268e+01 2.000000e+00
      vertex   2.403299e+01 2.705946e+01 2.038060e+00
    endloop
  endfacet
  facet normal -1.949436e-01 3.877669e-02 9.800476e-01
    outer loop
      vertex   2.397144e+01 2.675000e+01 2.038060e+00
      vertex   2.403299e+01 2.705946e+01 2.038060e+00
      vertex   2.385622e+01 2.713268e+01 2.000000e+00
    endloop
  endfacet
  facet normal -1.949436e-01 3.877669e-02 9.800476e-01
    outer loop
      vertex   2.385622e+01 2.713268e+01 2.000000e+00
      vertex   2.378010e+01 2.675000e+01 2.000000e+00
      vertex   2.397144e+01 2.675000e+01 2.038060e+00
    endloop
  endfacet
  facet normal -1.950903e-01 9.807853e-01 0.000000e+00
    outer loop
      vertex   2.478010e+01 2.725000e+01 7.000000e+00
      vertex   2.478010e+01 2.725000e+01 2.500000e+00
      vertex   2.458875e+01 2.721194e+01 2.500000e+00
    endloop
  endfacet
  facet normal -1.950903e-01 9.807853e-01 0.000000e+00
    outer loop
      vertex   2.458875e+01 2.721194e+01 2.500000e+00
      vertex   2.458875e+01 2.721194e+01 7.000000e+00
      vertex   2.478010e+01 2.725000e+01 7.000000e+00
    endloop
  endfacet
  facet normal -5.555702e-01 8.314696e-01 0.000000e+00
    outer loop
      vertex   2.458875e+01 2.721194e+01 7.000000e+00
      vertex   2.458875e+01 2.721194e+01 2.500000e+00
      vertex   2.442654e+01 2.710355e+01 2.500000e+00
    endloop
  endfacet
  facet normal -5.555702e-01 8.314696e-01 0.000000e+00
    outer loop
      vertex   2.442654e+01 2.710355e+01 2.500000e+00
      vertex   2.442654e+01 2.710355e+01 7.000000e+00
      vertex   2.458875e+01 2.721194e+01 7.000000e+00
    endloop
  endfacet
  facet normal -8.314696e-01 5.555702e-01 0.000000e+00
    outer loop
      vertex   2.442654e+01 2.710355e+01 7.000000e+00
      vertex   2.442654e+01 2.710355e+01 2.500000e+00
      vertex   2.431816e+01 2.694134e+01 2.500000e+00
    endloop
  endfacet
  facet normal -8.314696e-01 5.555702e-01 0.000000e+00
    outer loop
      vertex   2.431816e+01 2.694134e+01 2.500000e+00
      vertex   2.431816e+01 2.694134e+01 7.000000e+00
      vertex   2.442654e+01 2.710355e+01 7.000000e+00
    endloop
  endfacet
  facet normal -9.807853e-01 1.950903e-01 0.000000e+00
    outer loop
      vertex   2.431816e+01 2.694134e+01 7.000000e+00
      vertex   2.431816e+01 2.694134e+01 2.500000e+00
      vertex   2.428010e+01 2.675000e+01 2.500000e+00
    endloop
  endfacet
  facet normal -9.807853e-01 1.950903e-01 0.000000e+00
    outer loop
      vertex   2.428010e+01 2.675000e+01 2.500000e+00
      vertex   2.428010e+01 2.675000e+01 7.000000e+00
      vertex   2.431816e+01 2.694134e+01 7.000000e+00
    endloop
  endfacet
  facet normal 0.000000e+00 1.950903e-01 9.807853e-01
    outer loop
      vertex   2.678010e+01 2.755866e+01 2.038060e+00
      vertex   2.678010e+01 2.775000e+01 2.000000e+00
      vertex   2.478010e+01 2.775000e+01 2.000000e+00
    endloop
  endfacet
  facet normal 0.000000e+00 1.950903e-01 9.807853e-01
    outer loop
      vertex   2.478010e+01 2.775000e+01 2.000000e+00
      vertex   2.478010e+01 2.755866e+01 2.038060e+00
      vertex   2.678010e+01 2.755866e+01 2.038060e+00
    endloop
  endfacet
  facet normal 0.000000e+00 5.555702e-01 8.314696e-01
    outer loop
      vertex   2.678010e+01 2.739645e+01 2.146447e+00
      vertex   2.678010e+01 2.755866e+01 2.038060e+00
      vertex   2.478010e+01 2.755866e+01 2.038060e+00
    endloop
  endfacet
  facet normal 0.000000e+00 5.555702e-01 8.314696e-01
    outer loop
      vertex   2.478010e+01 2.755866e+01 2.038060e+00
      vertex   2.478010e+01 2.739645e+01 2.146447e+00
      vertex   2.678010e+01 2.739645e+01 2.146447e+00
    endloop
  endfacet
  facet normal 0.000000e+00 8.314696e-01 5.555702e-01
    outer loop
      vertex   2.678010e+01 2.728806e+01 2.308658e+00
      vertex   2.678010e+01 2.739645e+01 2.146447e+00
      vertex   2.478010e+01 2.739645e+01 2.146447e+00
    endloop
  endfacet
  facet normal 0.000000e+00 8.314696e-01 5.555702e-01
    outer loop
      vertex   2.478010e+01 2.739645e+01 2.146447e+00
      vertex   2.478010e+01 2.728806e+01 2.308658e+00
      vertex   2.678010e+01 2.728806e+01 2.308658e+00
    endloop
  endfacet
  facet normal 0.000000e+00 9.807853e-01 1.950903e-01
    outer loop
      vertex   2.678010e+01 2.725000e+01 2.500000e+00
      vertex   2.678010e+01 2.728806e+01 2.308658e+00
      vertex   2.478010e+01 2.728806e+01 2.308658e+00
    endloop
  endfacet
  facet normal 0.000000e+00 9.807853e-01 1.950903e-01
    outer loop
      vertex   2.478010e+01 2.728806e+01 2.308658e+00
      vertex   2.478010e+01 2.725000e+01 2.500000e+00
      vertex   2.678010e+01 2.725000e+01 2.500000e+00
    endloop
  endfacet
  facet normal 0.000000e+00 1.000000e+00 0.000000e+00
    outer loop
      vertex   2.678010e+01 2.725000e+01 7.000000e+00
      vertex   2.678010e+01 2.725000e+01 2.500000e+00
      vertex   2.478010e+01 2.725000e+01 2.500000e+00
    endloop
  endfacet
  facet normal 0.000000e+00 1.000000e+00 0.000000e+00
    outer loop
      vertex   2.478010e+01 2.725000e+01 2.500000e+00
      vertex   2.478010e+01 2.725000e+01 7.000000e+00
      vertex   2.678010e+01 2.725000e+01 7.000000e+00
    endloop
  endfacet
  facet normal 9.626372e-01 1.914805e-01 1.914805e-01
    outer loop
      vertex   2.724204e+01 2.694134e+01 2.500000e+00
      vertex   2.728010e+01 2.675000e+01 2.500000e+00
      vertex   2.731816e+01 2.675000e+01 2.308658e+00
    endloop
  endfacet
  facet normal 9.626372e-01 1.914805e-01 1.914805e-01
    outer loop
      vertex   2.731816e+01 2.675000e+01 2.308658e+00
      vertex   2.727720e+01 2.695591e+01 2.308658e+00
      vertex   2.724204e+01 2.694134e+01 2.500000e+00
    endloop
  endfacet
  facet normal 8.160845e-01 5.452902e-01 1.914805e-01
    outer loop
      vertex   2.713365e+01 2.710355e+01 2.500000e+00
      vertex   2.724204e+01 2.694134e+01 2.500000e+00
      vertex   2.727720e+01 2.695591e+01 2.308658e+00
    endloop
  endfacet
  facet normal 8.160845e-01 5.452902e-01 1.914805e-01
    outer loop
      vertex   2.727720e+01 2.695591e+01 2.308658e+00
      vertex   2.716056e+01 2.713047e+01 2.308658e+00
      vertex   2.713365e+01 2.710355e+01 2.500000e+00
    endloop
  endfacet
  facet normal 5.452902e-01 8.160845e-01 1.914805e-01
    outer loop
      vertex   2.697144e+01 2.721194e+01 2.500000e+00
      vertex   2.713365e+01 2.710355e+01 2.500000e+00
      vertex   2.716056e+01 2.713047e+01 2.308658e+00
    endloop
  endfacet
  facet normal 5.452902e-01 8.160845e-01 1.914805e-01
    outer loop
      vertex   2.716056e+01 2.713047e+01 2.308658e+00
      vertex   2.698600e+01 2.724710e+01 2.308658e+00
      vertex   2.697144e+01 2.721194e+01 2.500000e+00
    endloop
  endfacet
  facet normal 1.914805e-01 9.626372e-01 1.914805e-01
    outer loop
      vertex   2.678010e+01 2.725000e+01 2.500000e+00
      vertex   2.697144e+01 2.721194e+01 2.500000e+00
      vertex   2.698600e+01 2.724710e+01 2.308658e+00
    endloop
  endfacet
  facet normal 1.914805e-01 9.626372e-01 1.914805e-01
    outer loop
      vertex   2.698600e+01 2.724710e+01 2.308658e+00
      vertex   2.678010e+01 2.728806e+01 2.308658e+00
      vertex   2.678010e+01 2.725000e+01 2.500000e+00
    endloop
  endfacet
  facet normal 8.203258e-01 1.631730e-01 5.481242e-01
    outer loop
      vertex   2.727720e+01 2.695591e+01 2.308658e+00
      vertex   2.731816e+01 2.675000e+01 2.308658e+00
      vertex   2.742654e+01 2.675000e+01 2.146447e+00
    endloop
  endfacet
  facet normal 8.203258e-01 1.631730e-01 5.481242e-01
    outer loop
      vertex   2.742654e+01 2.675000e+01 2.146447e+00
      vertex   2.737734e+01 2.699738e+01 2.146447e+00
      vertex   2.727720e+01 2.695591e+01 2.308658e+00
    endloop
  endfacet
  facet normal 6.954387e-01 4.646773e-01 5.481242e-01
    outer loop
      vertex   2.716056e+01 2.713047e+01 2.308658e+00
      vertex   2.727720e+01 2.695591e+01 2.308658e+00
      vertex   2.737734e+01 2.699738e+01 2.146447e+00
    endloop
  endfacet
  facet normal 6.954387e-01 4.646773e-01 5.481242e-01
    outer loop
      vertex   2.737734e+01 2.699738e+01 2.146447e+00
      vertex   2.723720e+01 2.720711e+01 2.146447e+00
      vertex   2.716056e+01 2.713047e+01 2.308658e+00
    endloop
  endfacet
  facet normal 4.646773e-01 6.954387e-01 5.481242e-01
    outer loop
      vertex   2.698600e+01 2.724710e+01 2.308658e+00
      vertex   2.716056e+01 2.713047e+01 2.308658e+00
      vertex   2.723720e+01 2.720711e+01 2.146447e+00
    endloop
  endfacet
  facet normal 4.646773e-01 6.954387e-01 5.481242e-01
    outer loop
      vertex   2.723720e+01 2.720711e+01 2.146447e+00
      vertex   2.702748e+01 2.734724e+01 2.146447e+00
      vertex   2.698600e+01 2.724710e+01 2.308658e+00
    endloop
  endfacet
  facet normal 1.631730e-01 8.203258e-01 5.481242e-01
    outer loop
      vertex   2.678010e+01 2.728806e+01 2.308658e+00
      vertex   2.698600e+01 2.724710e+01 2.308658e+00
      vertex   2.702748e+01 2.734724e+01 2.146447e+00
    endloop
  endfacet
  facet normal 1.631730e-01 8.203258e-01 5.481242e-01
    outer loop
      vertex   2.702748e+01 2.734724e+01 2.146447e+00
      vertex   2.678010e+01 2.739645e+01 2.146447e+00
      vertex   2.678010e+01 2.728806e+01 2.308658e+00
    endloop
  endfacet
  facet normal 5.522086e-01 1.098411e-01 8.264385e-01
    outer loop
      vertex   2.737734e+01 2.699738e+01 2.146447e+00
      vertex   2.742654e+01 2.675000e+01 2.146447e+00
      vertex   2.758875e+01 2.675000e+01 2.038060e+00
    endloop
  endfacet
  facet normal 5.522086e-01 1.098411e-01 8.264385e-01
    outer loop
      vertex   2.758875e+01 2.675000e+01 2.038060e+00
      vertex   2.752720e+01 2.705946e+01 2.038060e+00
      vertex   2.737734e+01 2.699738e+01 2.146447e+00
    endloop
  endfacet
  facet normal 4.681398e-01 3.128010e-01 8.264385e-01
    outer loop
      vertex   2.723720e+01 2.720711e+01 2.146447e+00
      vertex   2.737734e+01 2.699738e+01 2.146447e+00
      vertex   2.752720e+01 2.705946e+01 2.038060e+00
    endloop
  endfacet
  facet normal 4.681398e-01 3.128010e-01 8.264385e-01
    outer loop
      vertex   2.752720e+01 2.705946e+01 2.038060e+00
      vertex   2.735190e+01 2.732181e+01 2.038060e+00
      vertex   2.723720e+01 2.720711e+01 2.146447e+00
    endloop
  endfacet
  facet normal 3.128010e-01 4.681398e-01 8.264385e-01
    outer loop
      vertex   2.702748e+01 2.734724e+01 2.146447e+00
      vertex   2.723720e+01 2.720711e+01 2.146447e+00
      vertex   2.735190e+01 2.732181e+01 2.038060e+00
    endloop
  endfacet
  facet normal 3.128010e-01 4.681398e-01 8.264385e-01
    outer loop
      vertex   2.735190e+01 2.732181e+01 2.038060e+00
      vertex   2.708956e+01 2.749710e+01 2.038060e+00
      vertex   2.702748e+01 2.734724e+01 2.146447e+00
    endloop
  endfacet
  facet normal 1.098411e-01 5.522086e-01 8.264385e-01
    outer loop
      vertex   2.678010e+01 2.739645e+01 2.146447e+00
      vertex   2.702748e+01 2.734724e+01 2.146447e+00
      vertex   2.708956e+01 2.749710e+01 2.038060e+00
    endloop
  endfacet
  facet normal 1.098411e-01 5.522086e-01 8.264385e-01
    outer loop
      vertex   2.708956e+01 2.749710e+01 2.038060e+00
      vertex   2.678010e+01 2.755866e+01 2.038060e+00
      vertex   2.678010e+01 2.739645e+01 2.146447e+00
    endloop
  endfacet
  facet normal 1.949436e-01 3.877669e-02 9.800476e-01
    outer loop
      vertex   2.752720e+01 2.705946e+01 2.038060e+00
      vertex   2.758875e+01 2.675000e+01 2.038060e+00
      vertex   2.778010e+01 2.675000e+01 2.000000e+00
    endloop
  endfacet
  facet normal 1.949436e-01 3.877669e-02 9.800476e-01
    outer loop
      vertex   2.778010e+01 2.675000e+01 2.000000e+00
      vertex   2.770398e+01 2.713268e+01 2.000000e+00
      vertex   2.752720e+01 2.705946e+01 2.038060e+00
    endloop
  endfacet
  facet normal 1.652652e-01 1.104267e-01 9.800476e-01
    outer loop
      vertex   2.735190e+01 2.732181e+01 2.038060e+00
      vertex   2.752720e+01 2.705946e+01 2.038060e+00
      vertex   2.770398e+01 2.713268e+01 2.000000e+00
    endloop
  endfacet
  facet normal 1.652652e-01 1.104267e-01 9.800476e-01
    outer loop
      vertex   2.770398e+01 2.713268e+01 2.000000e+00
      vertex   2.748720e+01 2.745711e+01 2.000000e+00
      vertex   2.735190e+01 2.732181e+01 2.038060e+00
    endloop
  endfacet
  facet normal 1.104267e-01 1.652652e-01 9.800476e-01
    outer loop
      vertex   2.708956e+01 2.749710e+01 2.038060e+00
      vertex   2.735190e+01 2.732181e+01 2.038060e+00
      vertex   2.748720e+01 2.745711e+01 2.000000e+00
    endloop
  endfacet
  facet normal 1.104267e-01 1.652652e-01 9.800476e-01
    outer loop
      vertex   2.748720e+01 2.745711e+01 2.000000e+00
      vertex   2.716278e+01 2.767388e+01 2.000000e+00
      vertex   2.708956e+01 2.749710e+01 2.038060e+00
    endloop
  endfacet
  facet normal 3.877669e-02 1.949436e-01 9.800476e-01
    outer loop
      vertex   2.678010e+01 2.755866e+01 2.038060e+00
      vertex   2.708956e+01 2.749710e+01 2.038060e+00
      vertex   2.716278e+01 2.767388e+01 2.000000e+00
    endloop
  endfacet
  facet normal 3.877669e-02 1.949436e-01 9.800476e-01
    outer loop
      vertex   2.716278e+01 2.767388e+01 2.000000e+00
      vertex   2.678010e+01 2.775000e+01 2.000000e+00
      vertex   2.678010e+01 2.755866e+01 2.038060e+00
    endloop
  endfacet
  facet normal 1.950903e-01 -9.807853e-01 0.000000e+00
    outer loop
      vertex   2.678010e+01 2.425000e+01 7.000000e+00
      vertex   2.678010e+01 2.425000e+01 2.500000e+00
      vertex   2.697144e+01 2.428806e+01 2.500000e+00
    endloop
  endfacet
  facet normal 1.950903e-01 -9.807853e-01 0.000000e+00
    outer loop
      vertex   2.697144e+01 2.428806e+01 2.500000e+00
      vertex   2.697144e+01 2.428806e+01 7.000000e+00
      vertex   2.678010e+01 2.425000e+01 7.000000e+00
    endloop
  endfacet
  facet normal 5.555702e-01 -8.314696e-01 0.000000e+00
    outer loop
      vertex   2.697144e+01 2.428806e+01 7.000000e+00
      vertex   2.697144e+01 2.428806e+01 2.500000e+00
      vertex   2.713365e+01 2.439645e+01 2.500000e+00
    endloop
  endfacet
  facet normal 5.555702e-01 -8.314696e-01 0.000000e+00
    outer loop
      vertex   2.713365e+01 2.439645e+01 2.500000e+00
      vertex   2.713365e+01 2.439645e+01 7.000000e+00
      vertex   2.697144e+01 2.428806e+01 7.000000e+00
    endloop
  endfacet
  facet normal 8.314696e-01 -5.555702e-01 0.000000e+00
    outer loop
      vertex   2.713365e+01 2.439645e+01 7.000000e+00
      vertex   2.713365e+01 2.439645e+01 2.500000e+00
      vertex   2.724204e+01 2.455866e+01 2.500000e+00
    endloop
  endfacet
  facet normal 8.314696e-01 -5.555702e-01 0.000000e+00
    outer loop
      vertex   2.724204e+01 2.455866e+01 2.500000e+00
      vertex   2.724204e+01 2.455866e+01 7.000000e+00
      vertex   2.713365e+01 2.439645e+01 7.000000e+00
    endloop
  endfacet
  facet normal 9.807853e-01 -1.950903e-01 0.000000e+00
    outer loop
      vertex   2.724204e+01 2.455866e+01 7.000000e+00
      vertex   2.724204e+01 2.455866e+01 2.500000e+00
      vertex   2.728010e+01 2.475000e+01 2.500000e+00
    endloop
  endfacet
  facet normal 9.807853e-01 -1.950903e-01 0.000000e+00
    outer loop
      vertex   2.728010e+01 2.475000e+01 2.500000e+00
      vertex   2.728010e+01 2.475000e+01 7.000000e+00
      vertex   2.724204e+01 2.455866e+01 7.000000e+00
    endloop
  endfacet
  facet normal 1.000000e+00 0.000000e+00 -0.000000e+00
    outer loop
      vertex   2.728010e+01 2.675000e+01 2.500000e+00
      vertex   2.728010e+01 2.675000e+01 7.000000e+00
      vertex   2.728010e+01 2.475000e+01 7.000000e+00
    endloop
  endfacet
  facet normal 1.000000e+00 0.000000e+00 0.000000e+00
    outer loop
      vertex   2.728010e+01 2.475000e+01 7.000000e+00
      vertex   2.728010e+01 2.475000e+01 2.500000e+00
      vertex   2.728010e+01 2.675000e+01 2.500000e+00
    endloop
  endfacet
  facet normal 1.950903e-01 0.000000e+00 9.807853e-01
    outer loop
      vertex   2.758875e+01 2.475000e+01 2.038060e+00
      vertex   2.778010e+01 2.475000e+01 2.000000e+00
      vertex   2.778010e+01 2.675000e+01 2.000000e+00
    endloop
  endfacet
  facet normal 1.950903e-01 0.000000e+00 9.807853e-01
    outer loop
      vertex   2.778010e+01 2.675000e+01 2.000000e+00
      vertex   2.758875e+01 2.675000e+01 2.038060e+00
      vertex   2.758875e+01 2.475000e+01 2.038060e+00
    endloop
  endfacet
  facet normal 5.555702e-01 0.000000e+00 8.314696e-01
    outer loop
      vertex   2.742654e+01 2.475000e+01 2.146447e+00
      vertex   2.758875e+01 2.475000e+01 2.038060e+00
      vertex   2.758875e+01 2.675000e+01 2.038060e+00
    endloop
  endfacet
  facet normal 5.555702e-01 0.000000e+00 8.314696e-01
    outer loop
      vertex   2.758875e+01 2.675000e+01 2.038060e+00
      vertex   2.742654e+01 2.675000e+01 2.146447e+00
      vertex   2.742654e+01 2.475000e+01 2.146447e+00
    endloop
  endfacet
  facet normal 8.314696e-01 0.000000e+00 5.555702e-01
    outer loop
      vertex   2.731816e+01 2.475000e+01 2.308658e+00
      vertex   2.742654e+01 2.475000e+01 2.146447e+00
      vertex   2.742654e+01 2.675000e+01 2.146447e+00
    endloop
  endfacet
  facet normal 8.314696e-01 0.000000e+00 5.555702e-01
    outer loop
      vertex   2.742654e+01 2.675000e+01 2.146447e+00
      vertex   2.731816e+01 2.675000e+01 2.308658e+00
      vertex   2.731816e+01 2.475000e+01 2.308658e+00
    endloop
  endfacet
  facet normal 9.807853e-01 3.485914e-18 1.950903e-01
    outer loop
      vertex   2.728010e+01 2.475000e+01 2.500000e+00
      vertex   2.731816e+01 2.475000e+01 2.308658e+00
      vertex   2.731816e+01 2.675000e+01 2.308658e+00
    endloop
  endfacet
  facet normal 9.807853e-01 3.485914e-18 1.950903e-01
    outer loop
      vertex   2.731816e+01 2.675000e+01 2.308658e+00
      vertex   2.728010e+01 2.675000e+01 2.500000e+00
      vertex   2.728010e+01 2.475000e+01 2.500000e+00
    endloop
  endfacet
  facet normal 9.807853e-01 1.950903e-01 0.000000e+00
    outer loop
      vertex   2.728010e+01 2.675000e+01 7.000000e+00
      vertex   2.728010e+01 2.675000e+01 2.500000e+00
      vertex   2.724204e+01 2.694134e+01 2.500000e+00
    endloop
  endfacet
  facet normal 9.807853e-01 1.950903e-01 -0.000000e+00
    outer loop
      vertex   2.724204e+01 2.694134e+01 2.500000e+00
      vertex   2.724204e+01 2.694134e+01 7.000000e+00
      vertex   2.728010e+01 2.675000e+01 7.000000e+00
    endloop
  endfacet
  facet normal 8.314696e-01 5.555702e-01 0.000000e+00
    outer loop
      vertex   2.724204e+01 2.694134e+01 7.000000e+00
      vertex   2.724204e+01 2.694134e+01 2.500000e+00
      vertex   2.713365e+01 2.710355e+01 2.500000e+00
    endloop
  endfacet
  facet normal 8.314696e-01 5.555702e-01 -0.000000e+00
    outer loop
      vertex   2.713365e+01 2.710355e+01 2.500000e+00
      vertex   2.713365e+01 2.710355e+01 7.000000e+00
      vertex   2.724204e+01 2.694134e+01 7.000000e+00
    endloop
  endfacet
  facet normal 5.555702e-01 8.314696e-01 0.000000e+00
    outer loop
      vertex   2.713365e+01 2.710355e+01 7.000000e+00
      vertex   2.713365e+01 2.710355e+01 2.500000e+00
      vertex   2.697144e+01 2.721194e+01 2.500000e+00
    endloop
  endfacet
  facet normal 5.555702e-01 8.314696e-01 -0.000000e+00
    outer loop
      vertex   2.697144e+01 2.721194e+01 2.500000e+00
      vertex   2.697144e+01 2.721194e+01 7.000000e+00
      vertex   2.713365e+01 2.710355e+01 7.000000e+00
    endloop
  endfacet
  facet normal 1.950903e-01 9.807853e-01 0.000000e+00
    outer loop
      vertex   2.697144e+01 2.721194e+01 7.000000e+00
      vertex   2.697144e+01 2.721194e+01 2.500000e+00
      vertex   2.678010e+01 2.725000e+01 2.500000e+00
    endloop
  endfacet
  facet normal 1.950903e-01 9.807853e-01 -0.000000e+00
    outer loop
      vertex   2.678010e+01 2.725000e+01 2.500000e+00
      vertex   2.678010e+01 2.725000e+01 7.000000e+00
      vertex   2.697144e+01 2.721194e+01 7.000000e+00
    endloop
  endfacet
  facet normal 0.000000e+00 -0.000000e+00 1.000000e+00
    outer loop
      vertex   2.678010e+01 2.425000e+01 7.000000e+00
      vertex   2.697144e+01 2.428806e+01 7.000000e+00
      vertex   2.639733e+01 2.532395e+01 7.000000e+00
    endloop
  endfacet
  facet normal 0.000000e+00 0.000000e+00 1.000000e+00
    outer loop
      vertex   2.724204e+01 2.694134e+01 7.000000e+00
      vertex   2.713365e+01 2.710355e+01 7.000000e+00
      vertex   2.697144e+01 2.721194e+01 7.000000e+00
    endloop
  endfacet
  facet normal 0.000000e+00 0.000000e+00 1.000000e+00
    outer loop
      vertex   2.639733e+01 2.532395e+01 7.000000e+00
      vertex   2.697144e+01 2.428806e+01 7.000000e+00
      vertex   2.713365e+01 2.439645e+01 7.000000e+00
    endloop
  endfacet
  facet normal 0.000000e+00 -0.000000e+00 1.000000e+00
    outer loop
      vertex   2.713365e+01 2.439645e+01 7.000000e+00
      vertex   2.724204e+01 2.455866e+01 7.000000e+00
      vertex   2.639733e+01 2.532395e+01 7.000000e+00
    endloop
  endfacet
  facet normal 0.000000e+00 -0.000000e+00 1.000000e+00
    outer loop
      vertex   2.724204e+01 2.455866e+01 7.000000e+00
      vertex   2.728010e+01 2.475000e+01 7.000000e+00
      vertex   2.639733e+01 2.532395e+01 7.000000e+00
    endloop
  endfacet
  facet normal -0.000000e+00 0.000000e+00 1.000000e+00
    outer loop
      vertex   2.428010e+01 2.475000e+01 7.000000e+00
      vertex   2.431816e+01 2.455866e+01 7.000000e+00
      vertex   2.543155e+01 2.508591e+01 7.000000e+00
    endloop
  endfacet
  facet normal 0.000000e+00 0.000000e+00 1.000000e+00
    outer loop
      vertex   2.543155e+01 2.508591e+01 7.000000e+00
      vertex   2.431816e+01 2.455866e+01 7.000000e+00
      vertex   2.442654e+01 2.439645e+01 7.000000e+00
    endloop
  endfacet
  facet normal 0.000000e+00 0.000000e+00 1.000000e+00
    outer loop
      vertex   2.543155e+01 2.508591e+01 7.000000e+00
      vertex   2.516286e+01 2.532395e+01 7.000000e+00
      vertex   2.428010e+01 2.475000e+01 7.000000e+00
    endloop
  endfacet
  facet normal 0.000000e+00 0.000000e+00 1.000000e+00
    outer loop
      vertex   2.428010e+01 2.475000e+01 7.000000e+00
      vertex   2.516286e+01 2.532395e+01 7.000000e+00
      vertex   2.503556e+01 2.565960e+01 7.000000e+00
    endloop
  endfacet
  facet normal 0.000000e+00 0.000000e+00 1.000000e+00
    outer loop
      vertex   2.428010e+01 2.675000e+01 7.000000e+00
      vertex   2.428010e+01 2.475000e+01 7.000000e+00
      vertex   2.503556e+01 2.565960e+01 7.000000e+00
    endloop
  endfacet
  facet normal 0.000000e+00 -0.000000e+00 1.000000e+00
    outer loop
      vertex   2.503556e+01 2.565960e+01 7.000000e+00
      vertex   2.507883e+01 2.601595e+01 7.000000e+00
      vertex   2.428010e+01 2.675000e+01 7.000000e+00
    endloop
  endfacet
  facet normal 0.000000e+00 0.000000e+00 1.000000e+00
    outer loop
      vertex   2.431816e+01 2.694134e+01 7.000000e+00
      vertex   2.428010e+01 2.675000e+01 7.000000e+00
      vertex   2.507883e+01 2.601595e+01 7.000000e+00
    endloop
  endfacet
  facet normal 0.000000e+00 -0.000000e+00 1.000000e+00
    outer loop
      vertex   2.507883e+01 2.601595e+01 7.000000e+00
      vertex   2.528275e+01 2.631138e+01 7.000000e+00
      vertex   2.431816e+01 2.694134e+01 7.000000e+00
    endloop
  endfacet
  facet normal 0.000000e+00 0.000000e+00 1.000000e+00
    outer loop
      vertex   2.442654e+01 2.710355e+01 7.000000e+00
      vertex   2.431816e+01 2.694134e+01 7.000000e+00
      vertex   2.528275e+01 2.631138e+01 7.000000e+00
    endloop
  endfacet
  facet normal -0.000000e+00 0.000000e+00 1.000000e+00
    outer loop
      vertex   2.627744e+01 2.631138e+01 7.000000e+00
      vertex   2.648136e+01 2.601595e+01 7.000000e+00
      vertex   2.728010e+01 2.675000e+01 7.000000e+00
    endloop
  endfacet
  facet normal -0.000000e+00 0.000000e+00 1.000000e+00
    outer loop
      vertex   2.648136e+01 2.601595e+01 7.000000e+00
      vertex   2.653010e+01 2.575000e+01 7.000000e+00
      vertex   2.728010e+01 2.675000e+01 7.000000e+00
    endloop
  endfacet
  facet normal 0.000000e+00 -0.000000e+00 1.000000e+00
    outer loop
      vertex   2.728010e+01 2.475000e+01 7.000000e+00
      vertex   2.728010e+01 2.675000e+01 7.000000e+00
      vertex   2.653010e+01 2.575000e+01 7.000000e+00
    endloop
  endfacet
  facet normal 0.000000e+00 0.000000e+00 1.000000e+00
    outer loop
      vertex   2.653010e+01 2.575000e+01 7.000000e+00
      vertex   2.652463e+01 2.565960e+01 7.000000e+00
      vertex   2.728010e+01 2.475000e+01 7.000000e+00
    endloop
  endfacet
  facet normal 0.000000e+00 0.000000e+00 1.000000e+00
    outer loop
      vertex   2.652463e+01 2.565960e+01 7.000000e+00
      vertex   2.639733e+01 2.532395e+01 7.000000e+00
      vertex   2.728010e+01 2.475000e+01 7.000000e+00
    endloop
  endfacet
  facet normal 0.000000e+00 0.000000e+00 1.000000e+00
    outer loop
      vertex   2.639733e+01 2.532395e+01 7.000000e+00
      vertex   2.612864e+01 2.508591e+01 7.000000e+00
      vertex   2.678010e+01 2.425000e+01 7.000000e+00
    endloop
  endfacet
  facet normal 0.000000e+00 0.000000e+00 1.000000e+00
    outer loop
      vertex   2.612864e+01 2.508591e+01 7.000000e+00
      vertex   2.578010e+01 2.500000e+01 7.000000e+00
      vertex   2.678010e+01 2.425000e+01 7.000000e+00
    endloop
  endfacet
  facet normal 0.000000e+00 0.000000e+00 1.000000e+00
    outer loop
      vertex   2.478010e+01 2.425000e+01 7.000000e+00
      vertex   2.678010e+01 2.425000e+01 7.000000e+00
      vertex   2.578010e+01 2.500000e+01 7.000000e+00
    endloop
  endfacet
  facet normal 0.000000e+00 0.000000e+00 1.000000e+00
    outer loop
      vertex   2.578010e+01 2.500000e+01 7.000000e+00
      vertex   2.543155e+01 2.508591e+01 7.000000e+00
      vertex   2.478010e+01 2.425000e+01 7.000000e+00
    endloop
  endfacet
  facet normal -0.000000e+00 0.000000e+00 1.000000e+00
    outer loop
      vertex   2.458875e+01 2.428806e+01 7.000000e+00
      vertex   2.478010e+01 2.425000e+01 7.000000e+00
      vertex   2.543155e+01 2.508591e+01 7.000000e+00
    endloop
  endfacet
  facet normal -0.000000e+00 0.000000e+00 1.000000e+00
    outer loop
      vertex   2.442654e+01 2.439645e+01 7.000000e+00
      vertex   2.458875e+01 2.428806e+01 7.000000e+00
      vertex   2.543155e+01 2.508591e+01 7.000000e+00
    endloop
  endfacet
  facet normal 0.000000e+00 0.000000e+00 1.000000e+00
    outer loop
      vertex   2.728010e+01 2.675000e+01 7.000000e+00
      vertex   2.724204e+01 2.694134e+01 7.000000e+00
      vertex   2.627744e+01 2.631138e+01 7.000000e+00
    endloop
  endfacet
  facet normal 0.000000e+00 0.000000e+00 1.000000e+00
    outer loop
      vertex   2.697144e+01 2.721194e+01 7.000000e+00
      vertex   2.627744e+01 2.631138e+01 7.000000e+00
      vertex   2.724204e+01 2.694134e+01 7.000000e+00
    endloop
  endfacet
  facet normal -0.000000e+00 0.000000e+00 1.000000e+00
    outer loop
      vertex   2.595958e+01 2.647821e+01 7.000000e+00
      vertex   2.627744e+01 2.631138e+01 7.000000e+00
      vertex   2.697144e+01 2.721194e+01 7.000000e+00
    endloop
  endfacet
  facet normal 0.000000e+00 0.000000e+00 1.000000e+00
    outer loop
      vertex   2.697144e+01 2.721194e+01 7.000000e+00
      vertex   2.678010e+01 2.725000e+01 7.000000e+00
      vertex   2.595958e+01 2.647821e+01 7.000000e+00
    endloop
  endfacet
  facet normal 0.000000e+00 0.000000e+00 1.000000e+00
    outer loop
      vertex   2.560061e+01 2.647821e+01 7.000000e+00
      vertex   2.595958e+01 2.647821e+01 7.000000e+00
      vertex   2.678010e+01 2.725000e+01 7.000000e+00
    endloop
  endfacet
  facet normal 0.000000e+00 0.000000e+00 1.000000e+00
    outer loop
      vertex   2.678010e+01 2.725000e+01 7.000000e+00
      vertex   2.478010e+01 2.725000e+01 7.000000e+00
      vertex   2.560061e+01 2.647821e+01 7.000000e+00
    endloop
  endfacet
  facet normal 0.000000e+00 -0.000000e+00 1.000000e+00
    outer loop
      vertex   2.528275e+01 2.631138e+01 7.000000e+00
      vertex   2.560061e+01 2.647821e+01 7.000000e+00
      vertex   2.478010e+01 2.725000e+01 7.000000e+00
    endloop
  endfacet
  facet normal 0.000000e+00 0.000000e+00 1.000000e+00
    outer loop
      vertex   2.478010e+01 2.725000e+01 7.000000e+00
      vertex   2.458875e+01 2.721194e+01 7.000000e+00
      vertex   2.528275e+01 2.631138e+01 7.000000e+00
    endloop
  endfacet
  facet normal 0.000000e+00 0.000000e+00 1.000000e+00
    outer loop
      vertex   2.528275e+01 2.631138e+01 7.000000e+00
      vertex   2.458875e+01 2.721194e+01 7.000000e+00
      vertex   2.442654e+01 2.710355e+01 7.000000e+00
    endloop
  endfacet
  facet normal -1.914805e-01 9.626372e-01 1.914805e-01
    outer loop
      vertex   6.688875e+01 2.721194e+01 2.500000e+00
      vertex   6.708010e+01 2.725000e+01 2.500000e+00
      vertex   6.708010e+01 2.728806e+01 2.308658e+00
    endloop
  endfacet
  facet normal -1.914805e-01 9.626372e-01 1.914805e-01
    outer loop
      vertex   6.708010e+01 2.728806e+01 2.308658e+00
      vertex   6.687419e+01 2.724710e+01 2.308658e+00
      vertex   6.688875e+01 2.721194e+01 2.500000e+00
    endloop
  endfacet
  facet normal -5.452902e-01 8.160845e-01 1.914805e-01
    outer loop
      vertex   6.672654e+01 2.710355e+01 2.500000e+00
      vertex   6.688875e+01 2.721194e+01 2.500000e+00
      vertex   6.687419e+01 2.724710e+01 2.308658e+00
    endloop
  endfacet
  facet normal -5.452902e-01 8.160845e-01 1.914805e-01
    outer loop
      vertex   6.687419e+01 2.724710e+01 2.308658e+00
      vertex   6.669963e+01 2.713047e+01 2.308658e+00
      vertex   6.672654e+01 2.710355e+01 2.500000e+00
    endloop
  endfacet
  facet normal -8.160845e-01 5.452902e-01 1.914805e-01
    outer loop
      vertex   6.661816e+01 2.694134e+01 2.500000e+00
      vertex   6.672654e+01 2.710355e+01 2.500000e+00
      vertex   6.669963e+01 2.713047e+01 2.308658e+00
    endloop
  endfacet
  facet normal -8.160845e-01 5.452902e-01 1.914805e-01
    outer loop
      vertex   6.669963e+01 2.713047e+01 2.308658e+00
      vertex   6.658299e+01 2.695591e+01 2.308658e+00
      vertex   6.661816e+01 2.694134e+01 2.500000e+00
    endloop
  endfacet
  facet normal -9.626372e-01 1.914805e-01 1.914805e-01
    outer loop
      vertex   6.658010e+01 2.675000e+01 2.500000e+00
      vertex   6.661816e+01 2.694134e+01 2.500000e+00
      vertex   6.658299e+01 2.695591e+01 2.308658e+00
    endloop
  endfacet
  facet normal -9.626372e-01 1.914805e-01 1.914805e-01
    outer loop
      vertex   6.658299e+01 2.695591e+01 2.308658e+00
      vertex   6.654204e+01 2.675000e+01 2.308658e+00
      vertex   6.658010e+01 2.675000e+01 2.500000e+00
    endloop
  endfacet
  facet normal -1.631730e-01 8.203258e-01 5.481242e-01
    outer loop
      vertex   6.687419e+01 2.724710e+01 2.308658e+00
      vertex   6.708010e+01 2.728806e+01 2.308658e+00
      vertex   6.708010e+01 2.739645e+01 2.146447e+00
    endloop
  endfacet
  facet normal -1.631730e-01 8.203258e-01 5.481242e-01
    outer loop
      vertex   6.708010e+01 2.739645e+01 2.146447e+00
      vertex   6.683271e+01 2.734724e+01 2.146447e+00
      vertex   6.687419e+01 2.724710e+01 2.308658e+00
    endloop
  endfacet
  facet normal -4.646773e-01 6.954387e-01 5.481242e-01
    outer loop
      vertex   6.669963e+01 2.713047e+01 2.308658e+00
      vertex   6.687419e+01 2.724710e+01 2.308658e+00
      vertex   6.683271e+01 2.734724e+01 2.146447e+00
    endloop
  endfacet
  facet normal -4.646773e-01 6.954387e-01 5.481242e-01
    outer loop
      vertex   6.683271e+01 2.734724e+01 2.146447e+00
      vertex   6.662299e+01 2.720711e+01 2.146447e+00
      vertex   6.669963e+01 2.713047e+01 2.308658e+00
    endloop
  endfacet
  facet normal -6.954387e-01 4.646773e-01 5.481242e-01
    outer loop
      vertex   6.658299e+01 2.695591e+01 2.308658e+00
      vertex   6.669963e+01 2.713047e+01 2.308658e+00
      vertex   6.662299e+01 2.720711e+01 2.146447e+00
    endloop
  endfacet
  facet normal -6.954387e-01 4.646773e-01 5.481242e-01
    outer loop
      vertex   6.662299e+01 2.720711e+01 2.146447e+00
      vertex   6.648286e+01 2.699738e+01 2.146447e+00
      vertex   6.658299e+01 2.695591e+01 2.308658e+00
    endloop
  endfacet
  facet normal -8.203258e-01 1.631730e-01 5.481242e-01
    outer loop
      vertex   6.654204e+01 2.675000e+01 2.308658e+00
      vertex   6.658299e+01 2.695591e+01 2.308658e+00
      vertex   6.648286e+01 2.699738e+01 2.146447e+00
    endloop
  endfacet
  facet normal -8.203258e-01 1.631730e-01 5.481242e-01
    outer loop
      vertex   6.648286e+01 2.699738e+01 2.146447e+00
      vertex   6.643365e+01 2.675000e+01 2.146447e+00
      vertex   6.654204e+01 2.675000e+01 2.308658e+00
    endloop
  endfacet
  facet normal -1.098411e-01 5.522086e-01 8.264385e-01
    outer loop
      vertex   6.683271e+01 2.734724e+01 2.146447e+00
      vertex   6.708010e+01 2.739645e+01 2.146447e+00
      vertex   6.708010e+01 2.755866e+01 2.038060e+00
    endloop
  endfacet
  facet normal -1.098411e-01 5.522086e-01 8.264385e-01
    outer loop
      vertex   6.708010e+01 2.755866e+01 2.038060e+00
      vertex   6.677064e+01 2.749710e+01 2.038060e+00
      vertex   6.683271e+01 2.734724e+01 2.146447e+00
    endloop
  endfacet
  facet normal -3.128010e-01 4.681398e-01 8.264385e-01
    outer loop
      vertex   6.662299e+01 2.720711e+01 2.146447e+00
      vertex   6.683271e+01 2.734724e+01 2.146447e+00
      vertex   6.677064e+01 2.749710e+01 2.038060e+00
    endloop
  endfacet
  facet normal -3.128010e-01 4.681398e-01 8.264385e-01
    outer loop
      vertex   6.677064e+01 2.749710e+01 2.038060e+00
      vertex   6.650829e+01 2.732181e+01 2.038060e+00
      vertex   6.662299e+01 2.720711e+01 2.146447e+00
    endloop
  endfacet
  facet normal -4.681398e-01 3.128010e-01 8.264385e-01
    outer loop
      vertex   6.648286e+01 2.699738e+01 2.146447e+00
      vertex   6.662299e+01 2.720711e+01 2.146447e+00
      vertex   6.650829e+01 2.732181e+01 2.038060e+00
    endloop
  endfacet
  facet normal -4.681398e-01 3.128010e-01 8.264385e-01
    outer loop
      vertex   6.650829e+01 2.732181e+01 2.038060e+00
      vertex   6.633299e+01 2.705946e+01 2.038060e+00
      vertex   6.648286e+01 2.699738e+01 2.146447e+00
    endloop
  endfacet
  facet normal -5.522086e-01 1.098411e-01 8.264385e-01
    outer loop
      vertex   6.643365e+01 2.675000e+01 2.146447e+00
      vertex   6.648286e+01 2.699738e+01 2.146447e+00
      vertex   6.633299e+01 2.705946e+01 2.038060e+00
    endloop
  endfacet
  facet normal -5.522086e-01 1.098411e-01 8.264385e-01
    outer loop
      vertex   6.633299e+01 2.705946e+01 2.038060e+00
      vertex   6.627144e+01 2.675000e+01 2.038060e+00
      vertex   6.643365e+01 2.675000e+01 2.146447e+00
    endloop
  endfacet
  facet normal -3.877669e-02 1.949436e-01 9.800476e-01
    outer loop
      vertex   6.677064e+01 2.749710e+01 2.038060e+00
      vertex   6.708010e+01 2.755866e+01 2.038060e+00
      vertex   6.708010e+01 2.775000e+01 2.000000e+00
    endloop
  endfacet
  facet normal -3.877669e-02 1.949436e-01 9.800476e-01
    outer loop
      vertex   6.708010e+01 2.775000e+01 2.000000e+00
      vertex   6.669741e+01 2.767388e+01 2.000000e+00
      vertex   6.677064e+01 2.749710e+01 2.038060e+00
    endloop
  endfacet
  facet normal -1.104267e-01 1.652652e-01 9.800476e-01
    outer loop
      vertex   6.650829e+01 2.732181e+01 2.038060e+00
      vertex   6.677064e+01 2.749710e+01 2.038060e+00
      vertex   6.669741e+01 2.767388e+01 2.000000e+00
    endloop
  endfacet
  facet normal -1.104267e-01 1.652652e-01 9.800476e-01
    outer loop
      vertex   6.669741e+01 2.767388e+01 2.000000e+00
      vertex   6.637299e+01 2.745711e+01 2.000000e+00
      vertex   6.650829e+01 2.732181e+01 2.038060e+00
    endloop
  endfacet
  facet normal -1.652652e-01 1.104267e-01 9.800476e-01
    outer loop
      vertex   6.633299e+01 2.705946e+01 2.038060e+00
      vertex   6.650829e+01 2.732181e+01 2.038060e+00
      vertex   6.637299e+01 2.745711e+01 2.000000e+00
    endloop
  endfacet
  facet normal -1.652652e-01 1.104267e-01 9.800476e-01
    outer loop
      vertex   6.637299e+01 2.745711e+01 2.000000e+00
      vertex   6.615622e+01 2.713268e+01 2.000000e+00
      vertex   6.633299e+01 2.705946e+01 2.038060e+00
    endloop
  endfacet
  facet normal -1.949436e-01 3.877669e-02 9.800476e-01
    outer loop
      vertex   6.627144e+01 2.675000e+01 2.038060e+00
      vertex   6.633299e+01 2.705946e+01 2.038060e+00
      vertex   6.615622e+01 2.713268e+01 2.000000e+00
    endloop
  endfacet
  facet normal -1.949436e-01 3.877669e-02 9.800476e-01
    outer loop
      vertex   6.615622e+01 2.713268e+01 2.000000e+00
      vertex   6.608010e+01 2.675000e+01 2.000000e+00
      vertex   6.627144e+01 2.675000e+01 2.038060e+00
    endloop
  endfacet
  facet normal 3.485914e-18 1.950903e-01 9.807853e-01
    outer loop
      vertex   6.908010e+01 2.755866e+01 2.038060e+00
      vertex   6.908010e+01 2.775000e+01 2.000000e+00
      vertex   6.708010e+01 2.775000e+01 2.000000e+00
    endloop
  endfacet
  facet normal 6.030631e-16 1.950903e-01 9.807853e-01
    outer loop
      vertex   6.708010e+01 2.775000e+01 2.000000e+00
      vertex   6.708010e+01 2.755866e+01 2.038060e+00
      vertex   6.908010e+01 2.755866e+01 2.038060e+00
    endloop
  endfacet
  facet normal -8.435912e-16 5.555702e-01 8.314696e-01
    outer loop
      vertex   6.908010e+01 2.739645e+01 2.146447e+00
      vertex   6.908010e+01 2.755866e+01 2.038060e+00
      vertex   6.708010e+01 2.755866e+01 2.038060e+00
    endloop
  endfacet
  facet normal 3.067604e-16 5.555702e-01 8.314696e-01
    outer loop
      vertex   6.708010e+01 2.755866e+01 2.038060e+00
      vertex   6.708010e+01 2.739645e+01 2.146447e+00
      vertex   6.908010e+01 2.739645e+01 2.146447e+00
    endloop
  endfacet
  facet normal -5.926054e-16 8.314696e-01 5.555702e-01
    outer loop
      vertex   6.908010e+01 2.728806e+01 2.308658e+00
      vertex   6.908010e+01 2.739645e+01 2.146447e+00
      vertex   6.708010e+01 2.739645e+01 2.146447e+00
    endloop
  endfacet
  facet normal -5.926054e-16 8.314696e-01 5.555702e-01
    outer loop
      vertex   6.708010e+01 2.739645e+01 2.146447e+00
      vertex   6.708010e+01 2.728806e+01 2.308658e+00
      vertex   6.908010e+01 2.728806e+01 2.308658e+00
    endloop
  endfacet
  facet normal -1.401337e-15 9.807853e-01 1.950903e-01
    outer loop
      vertex   6.908010e+01 2.725000e+01 2.500000e+00
      vertex   6.908010e+01 2.728806e+01 2.308658e+00
      vertex   6.708010e+01 2.728806e+01 2.308658e+00
    endloop
  endfacet
  facet normal 0.000000e+00 9.807853e-01 1.950903e-01
    outer loop
      vertex   6.708010e+01 2.728806e+01 2.308658e+00
      vertex   6.708010e+01 2.725000e+01 2.500000e+00
      vertex   6.908010e+01 2.725000e+01 2.500000e+00
    endloop
  endfacet
  facet normal -1.950903e-01 0.000000e+00 9.807853e-01
    outer loop
      vertex   6.627144e+01 2.675000e+01 2.038060e+00
      vertex   6.608010e+01 2.675000e+01 2.000000e+00
      vertex   6.608010e+01 2.475000e+01 2.000000e+00
    endloop
  endfacet
  facet normal -1.950903e-01 -1.275844e-15 9.807853e-01
    outer loop
      vertex   6.608010e+01 2.475000e+01 2.000000e+00
      vertex   6.627144e+01 2.475000e+01 2.038060e+00
      vertex   6.627144e+01 2.675000e+01 2.038060e+00
    endloop
  endfacet
  facet normal -5.555702e-01 -1.080633e-15 8.314696e-01
    outer loop
      vertex   6.643365e+01 2.675000e+01 2.146447e+00
      vertex   6.627144e+01 2.675000e+01 2.038060e+00
      vertex   6.627144e+01 2.475000e+01 2.038060e+00
    endloop
  endfacet
  facet normal -5.555702e-01 -1.261901e-15 8.314696e-01
    outer loop
      vertex   6.627144e+01 2.475000e+01 2.038060e+00
      vertex   6.643365e+01 2.475000e+01 2.146447e+00
      vertex   6.643365e+01 2.675000e+01 2.146447e+00
    endloop
  endfacet
  facet normal -8.314696e-01 -8.505630e-16 5.555702e-01
    outer loop
      vertex   6.654204e+01 2.675000e+01 2.308658e+00
      vertex   6.643365e+01 2.675000e+01 2.146447e+00
      vertex   6.643365e+01 2.475000e+01 2.146447e+00
    endloop
  endfacet
  facet normal -8.314696e-01 -8.505630e-16 5.555702e-01
    outer loop
      vertex   6.643365e+01 2.475000e+01 2.146447e+00
      vertex   6.654204e+01 2.475000e+01 2.308658e+00
      vertex   6.654204e+01 2.675000e+01 2.308658e+00
    endloop
  endfacet
  facet normal -9.807853e-01 -2.963027e-16 1.950903e-01
    outer loop
      vertex   6.658010e+01 2.675000e+01 2.500000e+00
      vertex   6.654204e+01 2.675000e+01 2.308658e+00
      vertex   6.654204e+01 2.475000e+01 2.308658e+00
    endloop
  endfacet
  facet normal -9.807853e-01 0.000000e+00 1.950903e-01
    outer loop
      vertex   6.654204e+01 2.475000e+01 2.308658e+00
      vertex   6.658010e+01 2.475000e+01 2.500000e+00
      vertex   6.658010e+01 2.675000e+01 2.500000e+00
    endloop
  endfacet
  facet normal -1.950903e-01 9.807853e-01 0.000000e+00
    outer loop
      vertex   6.708010e+01 2.725000e+01 7.000000e+00
      vertex   6.708010e+01 2.725000e+01 2.500000e+00
      vertex   6.688875e+01 2.721194e+01 2.500000e+00
    endloop
  endfacet
  facet normal -1.950903e-01 9.807853e-01 0.000000e+00
    outer loop
      vertex   6.688875e+01 2.721194e+01 2.500000e+00
      vertex   6.688875e+01 2.721194e+01 7.000000e+00
      vertex   6.708010e+01 2.725000e+01 7.000000e+00
    endloop
  endfacet
  facet normal -5.555702e-01 8.314696e-01 0.000000e+00
    outer loop
      vertex   6.688875e+01 2.721194e+01 7.000000e+00
      vertex   6.688875e+01 2.721194e+01 2.500000e+00
      vertex   6.672654e+01 2.710355e+01 2.500000e+00
    endloop
  endfacet
  facet normal -5.555702e-01 8.314696e-01 0.000000e+00
    outer loop
      vertex   6.672654e+01 2.710355e+01 2.500000e+00
      vertex   6.672654e+01 2.710355e+01 7.000000e+00
      vertex   6.688875e+01 2.721194e+01 7.000000e+00
    endloop
  endfacet
  facet normal -8.314696e-01 5.555702e-01 0.000000e+00
    outer loop
      vertex   6.672654e+01 2.710355e+01 7.000000e+00
      vertex   6.672654e+01 2.710355e+01 2.500000e+00
      vertex   6.661816e+01 2.694134e+01 2.500000e+00
    endloop
  endfacet
  facet normal -8.314696e-01 5.555702e-01 0.000000e+00
    outer loop
      vertex   6.661816e+01 2.694134e+01 2.500000e+00
      vertex   6.661816e+01 2.694134e+01 7.000000e+00
      vertex   6.672654e+01 2.710355e+01 7.000000e+00
    endloop
  endfacet
  facet normal -9.807853e-01 1.950903e-01 0.000000e+00
    outer loop
      vertex   6.661816e+01 2.694134e+01 7.000000e+00
      vertex   6.661816e+01 2.694134e+01 2.500000e+00
      vertex   6.658010e+01 2.675000e+01 2.500000e+00
    endloop
  endfacet
  facet normal -9.807853e-01 1.950903e-01 0.000000e+00
    outer loop
      vertex   6.658010e+01 2.675000e+01 2.500000e+00
      vertex   6.658010e+01 2.675000e+01 7.000000e+00
      vertex   6.661816e+01 2.694134e+01 7.000000e+00
    endloop
  endfacet
  facet normal 0.000000e+00 1.000000e+00 0.000000e+00
    outer loop
      vertex   6.908010e+01 2.725000e+01 7.000000e+00
      vertex   6.908010e+01 2.725000e+01 2.500000e+00
      vertex   6.708010e+01 2.725000e+01 2.500000e+00
    endloop
  endfacet
  facet normal 0.000000e+00 1.000000e+00 0.000000e+00
    outer loop
      vertex   6.708010e+01 2.725000e+01 2.500000e+00
      vertex   6.708010e+01 2.725000e+01 7.000000e+00
      vertex   6.908010e+01 2.725000e+01 7.000000e+00
    endloop
  endfacet
  facet normal 9.626372e-01 1.914805e-01 1.914805e-01
    outer loop
      vertex   6.954204e+01 2.694134e+01 2.500000e+00
      vertex   6.958010e+01 2.675000e+01 2.500000e+00
      vertex   6.961816e+01 2.675000e+01 2.308658e+00
    endloop
  endfacet
  facet normal 9.626372e-01 1.914805e-01 1.914805e-01
    outer loop
      vertex   6.961816e+01 2.675000e+01 2.308658e+00
      vertex   6.957720e+01 2.695591e+01 2.308658e+00
      vertex   6.954204e+01 2.694134e+01 2.500000e+00
    endloop
  endfacet
  facet normal 8.160845e-01 5.452902e-01 1.914805e-01
    outer loop
      vertex   6.943365e+01 2.710355e+01 2.500000e+00
      vertex   6.954204e+01 2.694134e+01 2.500000e+00
      vertex   6.957720e+01 2.695591e+01 2.308658e+00
    endloop
  endfacet
  facet normal 8.160845e-01 5.452902e-01 1.914805e-01
    outer loop
      vertex   6.957720e+01 2.695591e+01 2.308658e+00
      vertex   6.946056e+01 2.713047e+01 2.308658e+00
      vertex   6.943365e+01 2.710355e+01 2.500000e+00
    endloop
  endfacet
  facet normal 5.452902e-01 8.160845e-01 1.914805e-01
    outer loop
      vertex   6.927144e+01 2.721194e+01 2.500000e+00
      vertex   6.943365e+01 2.710355e+01 2.500000e+00
      vertex   6.946056e+01 2.713047e+01 2.308658e+00
    endloop
  endfacet
  facet normal 5.452902e-01 8.160845e-01 1.914805e-01
    outer loop
      vertex   6.946056e+01 2.713047e+01 2.308658e+00
      vertex   6.928600e+01 2.724710e+01 2.308658e+00
      vertex   6.927144e+01 2.721194e+01 2.500000e+00
    endloop
  endfacet
  facet normal 1.914805e-01 9.626372e-01 1.914805e-01
    outer loop
      vertex   6.908010e+01 2.725000e+01 2.500000e+00
      vertex   6.927144e+01 2.721194e+01 2.500000e+00
      vertex   6.928600e+01 2.724710e+01 2.308658e+00
    endloop
  endfacet
  facet normal 1.914805e-01 9.626372e-01 1.914805e-01
    outer loop
      vertex   6.928600e+01 2.724710e+01 2.308658e+00
      vertex   6.908010e+01 2.728806e+01 2.308658e+00
      vertex   6.908010e+01 2.725000e+01 2.500000e+00
    endloop
  endfacet
  facet normal 8.203258e-01 1.631730e-01 5.481242e-01
    outer loop
      vertex   6.957720e+01 2.695591e+01 2.308658e+00
      vertex   6.961816e+01 2.675000e+01 2.308658e+00
      vertex   6.972654e+01 2.675000e+01 2.146447e+00
    endloop
  endfacet
  facet normal 8.203258e-01 1.631730e-01 5.481242e-01
    outer loop
      vertex   6.972654e+01 2.675000e+01 2.146447e+00
      vertex   6.967734e+01 2.699738e+01 2.146447e+00
      vertex   6.957720e+01 2.695591e+01 2.308658e+00
    endloop
  endfacet
  facet normal 6.954387e-01 4.646773e-01 5.481242e-01
    outer loop
      vertex   6.946056e+01 2.713047e+01 2.308658e+00
      vertex   6.957720e+01 2.695591e+01 2.308658e+00
      vertex   6.967734e+01 2.699738e+01 2.146447e+00
    endloop
  endfacet
  facet normal 6.954387e-01 4.646773e-01 5.481242e-01
    outer loop
      vertex   6.967734e+01 2.699738e+01 2.146447e+00
      vertex   6.953720e+01 2.720711e+01 2.146447e+00
      vertex   6.946056e+01 2.713047e+01 2.308658e+00
    endloop
  endfacet
  facet normal 4.646773e-01 6.954387e-01 5.481242e-01
    outer loop
      vertex   6.928600e+01 2.724710e+01 2.308658e+00
      vertex   6.946056e+01 2.713047e+01 2.308658e+00
      vertex   6.953720e+01 2.720711e+01 2.146447e+00
    endloop
  endfacet
  facet normal 4.646773e-01 6.954387e-01 5.481242e-01
    outer loop
      vertex   6.953720e+01 2.720711e+01 2.146447e+00
      vertex   6.932748e+01 2.734724e+01 2.146447e+00
      vertex   6.928600e+01 2.724710e+01 2.308658e+00
    endloop
  endfacet
  facet normal 1.631730e-01 8.203258e-01 5.481242e-01
    outer loop
      vertex   6.908010e+01 2.728806e+01 2.308658e+00
      vertex   6.928600e+01 2.724710e+01 2.308658e+00
      vertex   6.932748e+01 2.734724e+01 2.146447e+00
    endloop
  endfacet
  facet normal 1.631730e-01 8.203258e-01 5.481242e-01
    outer loop
      vertex   6.932748e+01 2.734724e+01 2.146447e+00
      vertex   6.908010e+01 2.739645e+01 2.146447e+00
      vertex   6.908010e+01 2.728806e+01 2.308658e+00
    endloop
  endfacet
  facet normal 5.522086e-01 1.098411e-01 8.264385e-01
    outer loop
      vertex   6.967734e+01 2.699738e+01 2.146447e+00
      vertex   6.972654e+01 2.675000e+01 2.146447e+00
      vertex   6.988875e+01 2.675000e+01 2.038060e+00
    endloop
  endfacet
  facet normal 5.522086e-01 1.098411e-01 8.264385e-01
    outer loop
      vertex   6.988875e+01 2.675000e+01 2.038060e+00
      vertex   6.982720e+01 2.705946e+01 2.038060e+00
      vertex   6.967734e+01 2.699738e+01 2.146447e+00
    endloop
  endfacet
  facet normal 4.681398e-01 3.128010e-01 8.264385e-01
    outer loop
      vertex   6.953720e+01 2.720711e+01 2.146447e+00
      vertex   6.967734e+01 2.699738e+01 2.146447e+00
      vertex   6.982720e+01 2.705946e+01 2.038060e+00
    endloop
  endfacet
  facet normal 4.681398e-01 3.128010e-01 8.264385e-01
    outer loop
      vertex   6.982720e+01 2.705946e+01 2.038060e+00
      vertex   6.965190e+01 2.732181e+01 2.038060e+00
      vertex   6.953720e+01 2.720711e+01 2.146447e+00
    endloop
  endfacet
  facet normal 3.128010e-01 4.681398e-01 8.264385e-01
    outer loop
      vertex   6.932748e+01 2.734724e+01 2.146447e+00
      vertex   6.953720e+01 2.720711e+01 2.146447e+00
      vertex   6.965190e+01 2.732181e+01 2.038060e+00
    endloop
  endfacet
  facet normal 3.128010e-01 4.681398e-01 8.264385e-01
    outer loop
      vertex   6.965190e+01 2.732181e+01 2.038060e+00
      vertex   6.938956e+01 2.749710e+01 2.038060e+00
      vertex   6.932748e+01 2.734724e+01 2.146447e+00
    endloop
  endfacet
  facet normal 1.098411e-01 5.522086e-01 8.264385e-01
    outer loop
      vertex   6.908010e+01 2.739645e+01 2.146447e+00
      vertex   6.932748e+01 2.734724e+01 2.146447e+00
      vertex   6.938956e+01 2.749710e+01 2.038060e+00
    endloop
  endfacet
  facet normal 1.098411e-01 5.522086e-01 8.264385e-01
    outer loop
      vertex   6.938956e+01 2.749710e+01 2.038060e+00
      vertex   6.908010e+01 2.755866e+01 2.038060e+00
      vertex   6.908010e+01 2.739645e+01 2.146447e+00
    endloop
  endfacet
  facet normal 1.949436e-01 3.877669e-02 9.800476e-01
    outer loop
      vertex   6.982720e+01 2.705946e+01 2.038060e+00
      vertex   6.988875e+01 2.675000e+01 2.038060e+00
      vertex   7.008010e+01 2.675000e+01 2.000000e+00
    endloop
  endfacet
  facet normal 1.949436e-01 3.877669e-02 9.800476e-01
    outer loop
      vertex   7.008010e+01 2.675000e+01 2.000000e+00
      vertex   7.000398e+01 2.713268e+01 2.000000e+00
      vertex   6.982720e+01 2.705946e+01 2.038060e+00
    endloop
  endfacet
  facet normal 1.652652e-01 1.104267e-01 9.800476e-01
    outer loop
      vertex   6.965190e+01 2.732181e+01 2.038060e+00
      vertex   6.982720e+01 2.705946e+01 2.038060e+00
      vertex   7.000398e+01 2.713268e+01 2.000000e+00
    endloop
  endfacet
  facet normal 1.652652e-01 1.104267e-01 9.800476e-01
    outer loop
      vertex   7.000398e+01 2.713268e+01 2.000000e+00
      vertex   6.978720e+01 2.745711e+01 2.000000e+00
      vertex   6.965190e+01 2.732181e+01 2.038060e+00
    endloop
  endfacet
  facet normal 1.104267e-01 1.652652e-01 9.800476e-01
    outer loop
      vertex   6.938956e+01 2.749710e+01 2.038060e+00
      vertex   6.965190e+01 2.732181e+01 2.038060e+00
      vertex   6.978720e+01 2.745711e+01 2.000000e+00
    endloop
  endfacet
  facet normal 1.104267e-01 1.652652e-01 9.800476e-01
    outer loop
      vertex   6.978720e+01 2.745711e+01 2.000000e+00
      vertex   6.946278e+01 2.767388e+01 2.000000e+00
      vertex   6.938956e+01 2.749710e+01 2.038060e+00
    endloop
  endfacet
  facet normal 3.877669e-02 1.949436e-01 9.800476e-01
    outer loop
      vertex   6.908010e+01 2.755866e+01 2.038060e+00
      vertex   6.938956e+01 2.749710e+01 2.038060e+00
      vertex   6.946278e+01 2.767388e+01 2.000000e+00
    endloop
  endfacet
  facet normal 3.877669e-02 1.949436e-01 9.800476e-01
    outer loop
      vertex   6.946278e+01 2.767388e+01 2.000000e+00
      vertex   6.908010e+01 2.775000e+01 2.000000e+00
      vertex   6.908010e+01 2.755866e+01 2.038060e+00
    endloop
  endfacet
  facet normal -1.000000e+00 0.000000e+00 0.000000e+00
    outer loop
      vertex   6.658010e+01 2.475000e+01 2.500000e+00
      vertex   6.658010e+01 2.475000e+01 7.000000e+00
      vertex   6.658010e+01 2.675000e+01 7.000000e+00
    endloop
  endfacet
  facet normal -1.000000e+00 0.000000e+00 -0.000000e+00
    outer loop
      vertex   6.658010e+01 2.675000e+01 7.000000e+00
      vertex   6.658010e+01 2.675000e+01 2.500000e+00
      vertex   6.658010e+01 2.475000e+01 2.500000e+00
    endloop
  endfacet
  facet normal -9.626372e-01 -1.914805e-01 1.914805e-01
    outer loop
      vertex   6.661816e+01 2.455866e+01 2.500000e+00
      vertex   6.658010e+01 2.475000e+01 2.500000e+00
      vertex   6.654204e+01 2.475000e+01 2.308658e+00
    endloop
  endfacet
  facet normal -9.626372e-01 -1.914805e-01 1.914805e-01
    outer loop
      vertex   6.654204e+01 2.475000e+01 2.308658e+00
      vertex   6.658299e+01 2.454409e+01 2.308658e+00
      vertex   6.661816e+01 2.455866e+01 2.500000e+00
    endloop
  endfacet
  facet normal -8.160845e-01 -5.452902e-01 1.914805e-01
    outer loop
      vertex   6.672654e+01 2.439645e+01 2.500000e+00
      vertex   6.661816e+01 2.455866e+01 2.500000e+00
      vertex   6.658299e+01 2.454409e+01 2.308658e+00
    endloop
  endfacet
  facet normal -8.160845e-01 -5.452902e-01 1.914805e-01
    outer loop
      vertex   6.658299e+01 2.454409e+01 2.308658e+00
      vertex   6.669963e+01 2.436953e+01 2.308658e+00
      vertex   6.672654e+01 2.439645e+01 2.500000e+00
    endloop
  endfacet
  facet normal -5.452902e-01 -8.160845e-01 1.914805e-01
    outer loop
      vertex   6.688875e+01 2.428806e+01 2.500000e+00
      vertex   6.672654e+01 2.439645e+01 2.500000e+00
      vertex   6.669963e+01 2.436953e+01 2.308658e+00
    endloop
  endfacet
  facet normal -5.452902e-01 -8.160845e-01 1.914805e-01
    outer loop
      vertex   6.669963e+01 2.436953e+01 2.308658e+00
      vertex   6.687419e+01 2.425290e+01 2.308658e+00
      vertex   6.688875e+01 2.428806e+01 2.500000e+00
    endloop
  endfacet
  facet normal -1.914805e-01 -9.626372e-01 1.914805e-01
    outer loop
      vertex   6.708010e+01 2.425000e+01 2.500000e+00
      vertex   6.688875e+01 2.428806e+01 2.500000e+00
      vertex   6.687419e+01 2.425290e+01 2.308658e+00
    endloop
  endfacet
  facet normal -1.914805e-01 -9.626372e-01 1.914805e-01
    outer loop
      vertex   6.687419e+01 2.425290e+01 2.308658e+00
      vertex   6.708010e+01 2.421194e+01 2.308658e+00
      vertex   6.708010e+01 2.425000e+01 2.500000e+00
    endloop
  endfacet
  facet normal -8.203258e-01 -1.631730e-01 5.481242e-01
    outer loop
      vertex   6.658299e+01 2.454409e+01 2.308658e+00
      vertex   6.654204e+01 2.475000e+01 2.308658e+00
      vertex   6.643365e+01 2.475000e+01 2.146447e+00
    endloop
  endfacet
  facet normal -8.203258e-01 -1.631730e-01 5.481242e-01
    outer loop
      vertex   6.643365e+01 2.475000e+01 2.146447e+00
      vertex   6.648286e+01 2.450262e+01 2.146447e+00
      vertex   6.658299e+01 2.454409e+01 2.308658e+00
    endloop
  endfacet
  facet normal -6.954387e-01 -4.646773e-01 5.481242e-01
    outer loop
      vertex   6.669963e+01 2.436953e+01 2.308658e+00
      vertex   6.658299e+01 2.454409e+01 2.308658e+00
      vertex   6.648286e+01 2.450262e+01 2.146447e+00
    endloop
  endfacet
  facet normal -6.954387e-01 -4.646773e-01 5.481242e-01
    outer loop
      vertex   6.648286e+01 2.450262e+01 2.146447e+00
      vertex   6.662299e+01 2.429289e+01 2.146447e+00
      vertex   6.669963e+01 2.436953e+01 2.308658e+00
    endloop
  endfacet
  facet normal -4.646773e-01 -6.954387e-01 5.481242e-01
    outer loop
      vertex   6.687419e+01 2.425290e+01 2.308658e+00
      vertex   6.669963e+01 2.436953e+01 2.308658e+00
      vertex   6.662299e+01 2.429289e+01 2.146447e+00
    endloop
  endfacet
  facet normal -4.646773e-01 -6.954387e-01 5.481242e-01
    outer loop
      vertex   6.662299e+01 2.429289e+01 2.146447e+00
      vertex   6.683271e+01 2.415276e+01 2.146447e+00
      vertex   6.687419e+01 2.425290e+01 2.308658e+00
    endloop
  endfacet
  facet normal -1.631730e-01 -8.203258e-01 5.481242e-01
    outer loop
      vertex   6.708010e+01 2.421194e+01 2.308658e+00
      vertex   6.687419e+01 2.425290e+01 2.308658e+00
      vertex   6.683271e+01 2.415276e+01 2.146447e+00
    endloop
  endfacet
  facet normal -1.631730e-01 -8.203258e-01 5.481242e-01
    outer loop
      vertex   6.683271e+01 2.415276e+01 2.146447e+00
      vertex   6.708010e+01 2.410355e+01 2.146447e+00
      vertex   6.708010e+01 2.421194e+01 2.308658e+00
    endloop
  endfacet
  facet normal -5.522086e-01 -1.098411e-01 8.264385e-01
    outer loop
      vertex   6.648286e+01 2.450262e+01 2.146447e+00
      vertex   6.643365e+01 2.475000e+01 2.146447e+00
      vertex   6.627144e+01 2.475000e+01 2.038060e+00
    endloop
  endfacet
  facet normal -5.522086e-01 -1.098411e-01 8.264385e-01
    outer loop
      vertex   6.627144e+01 2.475000e+01 2.038060e+00
      vertex   6.633299e+01 2.444054e+01 2.038060e+00
      vertex   6.648286e+01 2.450262e+01 2.146447e+00
    endloop
  endfacet
  facet normal -4.681398e-01 -3.128010e-01 8.264385e-01
    outer loop
      vertex   6.662299e+01 2.429289e+01 2.146447e+00
      vertex   6.648286e+01 2.450262e+01 2.146447e+00
      vertex   6.633299e+01 2.444054e+01 2.038060e+00
    endloop
  endfacet
  facet normal -4.681398e-01 -3.128010e-01 8.264385e-01
    outer loop
      vertex   6.633299e+01 2.444054e+01 2.038060e+00
      vertex   6.650829e+01 2.417819e+01 2.038060e+00
      vertex   6.662299e+01 2.429289e+01 2.146447e+00
    endloop
  endfacet
  facet normal -3.128010e-01 -4.681398e-01 8.264385e-01
    outer loop
      vertex   6.683271e+01 2.415276e+01 2.146447e+00
      vertex   6.662299e+01 2.429289e+01 2.146447e+00
      vertex   6.650829e+01 2.417819e+01 2.038060e+00
    endloop
  endfacet
  facet normal -3.128010e-01 -4.681398e-01 8.264385e-01
    outer loop
      vertex   6.650829e+01 2.417819e+01 2.038060e+00
      vertex   6.677064e+01 2.400290e+01 2.038060e+00
      vertex   6.683271e+01 2.415276e+01 2.146447e+00
    endloop
  endfacet
  facet normal -1.098411e-01 -5.522086e-01 8.264385e-01
    outer loop
      vertex   6.708010e+01 2.410355e+01 2.146447e+00
      vertex   6.683271e+01 2.415276e+01 2.146447e+00
      vertex   6.677064e+01 2.400290e+01 2.038060e+00
    endloop
  endfacet
  facet normal -1.098411e-01 -5.522086e-01 8.264385e-01
    outer loop
      vertex   6.677064e+01 2.400290e+01 2.038060e+00
      vertex   6.708010e+01 2.394134e+01 2.038060e+00
      vertex   6.708010e+01 2.410355e+01 2.146447e+00
    endloop
  endfacet
  facet normal -1.949436e-01 -3.877669e-02 9.800476e-01
    outer loop
      vertex   6.633299e+01 2.444054e+01 2.038060e+00
      vertex   6.627144e+01 2.475000e+01 2.038060e+00
      vertex   6.608010e+01 2.475000e+01 2.000000e+00
    endloop
  endfacet
  facet normal -1.949436e-01 -3.877669e-02 9.800476e-01
    outer loop
      vertex   6.608010e+01 2.475000e+01 2.000000e+00
      vertex   6.615622e+01 2.436732e+01 2.000000e+00
      vertex   6.633299e+01 2.444054e+01 2.038060e+00
    endloop
  endfacet
  facet normal -1.652652e-01 -1.104267e-01 9.800476e-01
    outer loop
      vertex   6.650829e+01 2.417819e+01 2.038060e+00
      vertex   6.633299e+01 2.444054e+01 2.038060e+00
      vertex   6.615622e+01 2.436732e+01 2.000000e+00
    endloop
  endfacet
  facet normal -1.652652e-01 -1.104267e-01 9.800476e-01
    outer loop
      vertex   6.615622e+01 2.436732e+01 2.000000e+00
      vertex   6.637299e+01 2.404289e+01 2.000000e+00
      vertex   6.650829e+01 2.417819e+01 2.038060e+00
    endloop
  endfacet
  facet normal -1.104267e-01 -1.652652e-01 9.800476e-01
    outer loop
      vertex   6.677064e+01 2.400290e+01 2.038060e+00
      vertex   6.650829e+01 2.417819e+01 2.038060e+00
      vertex   6.637299e+01 2.404289e+01 2.000000e+00
    endloop
  endfacet
  facet normal -1.104267e-01 -1.652652e-01 9.800476e-01
    outer loop
      vertex   6.637299e+01 2.404289e+01 2.000000e+00
      vertex   6.669741e+01 2.382612e+01 2.000000e+00
      vertex   6.677064e+01 2.400290e+01 2.038060e+00
    endloop
  endfacet
  facet normal -3.877669e-02 -1.949436e-01 9.800476e-01
    outer loop
      vertex   6.708010e+01 2.394134e+01 2.038060e+00
      vertex   6.677064e+01 2.400290e+01 2.038060e+00
      vertex   6.669741e+01 2.382612e+01 2.000000e+00
    endloop
  endfacet
  facet normal -3.877669e-02 -1.949436e-01 9.800476e-01
    outer loop
      vertex   6.669741e+01 2.382612e+01 2.000000e+00
      vertex   6.708010e+01 2.375000e+01 2.000000e+00
      vertex   6.708010e+01 2.394134e+01 2.038060e+00
    endloop
  endfacet
  facet normal 9.807853e-01 1.950903e-01 0.000000e+00
    outer loop
      vertex   6.958010e+01 2.675000e+01 7.000000e+00
      vertex   6.958010e+01 2.675000e+01 2.500000e+00
      vertex   6.954204e+01 2.694134e+01 2.500000e+00
    endloop
  endfacet
  facet normal 9.807853e-01 1.950903e-01 -0.000000e+00
    outer loop
      vertex   6.954204e+01 2.694134e+01 2.500000e+00
      vertex   6.954204e+01 2.694134e+01 7.000000e+00
      vertex   6.958010e+01 2.675000e+01 7.000000e+00
    endloop
  endfacet
  facet normal 8.314696e-01 5.555702e-01 0.000000e+00
    outer loop
      vertex   6.954204e+01 2.694134e+01 7.000000e+00
      vertex   6.954204e+01 2.694134e+01 2.500000e+00
      vertex   6.943365e+01 2.710355e+01 2.500000e+00
    endloop
  endfacet
  facet normal 8.314696e-01 5.555702e-01 -0.000000e+00
    outer loop
      vertex   6.943365e+01 2.710355e+01 2.500000e+00
      vertex   6.943365e+01 2.710355e+01 7.000000e+00
      vertex   6.954204e+01 2.694134e+01 7.000000e+00
    endloop
  endfacet
  facet normal 5.555702e-01 8.314696e-01 0.000000e+00
    outer loop
      vertex   6.943365e+01 2.710355e+01 7.000000e+00
      vertex   6.943365e+01 2.710355e+01 2.500000e+00
      vertex   6.927144e+01 2.721194e+01 2.500000e+00
    endloop
  endfacet
  facet normal 5.555702e-01 8.314696e-01 -0.000000e+00
    outer loop
      vertex   6.927144e+01 2.721194e+01 2.500000e+00
      vertex   6.927144e+01 2.721194e+01 7.000000e+00
      vertex   6.943365e+01 2.710355e+01 7.000000e+00
    endloop
  endfacet
  facet normal 1.950903e-01 9.807853e-01 0.000000e+00
    outer loop
      vertex   6.927144e+01 2.721194e+01 7.000000e+00
      vertex   6.927144e+01 2.721194e+01 2.500000e+00
      vertex   6.908010e+01 2.725000e+01 2.500000e+00
    endloop
  endfacet
  facet normal 1.950903e-01 9.807853e-01 -0.000000e+00
    outer loop
      vertex   6.908010e+01 2.725000e+01 2.500000e+00
      vertex   6.908010e+01 2.725000e+01 7.000000e+00
      vertex   6.927144e+01 2.721194e+01 7.000000e+00
    endloop
  endfacet
  facet normal 1.950903e-01 0.000000e+00 9.807853e-01
    outer loop
      vertex   6.988875e+01 2.475000e+01 2.038060e+00
      vertex   7.008010e+01 2.475000e+01 2.000000e+00
      vertex   7.008010e+01 2.675000e+01 2.000000e+00
    endloop
  endfacet
  facet normal 1.950903e-01 1.275844e-15 9.807853e-01
    outer loop
      vertex   7.008010e+01 2.675000e+01 2.000000e+00
      vertex   6.988875e+01 2.675000e+01 2.038060e+00
      vertex   6.988875e+01 2.475000e+01 2.038060e+00
    endloop
  endfacet
  facet normal 5.555702e-01 1.080633e-15 8.314696e-01
    outer loop
      vertex   6.972654e+01 2.475000e+01 2.146447e+00
      vertex   6.988875e+01 2.475000e+01 2.038060e+00
      vertex   6.988875e+01 2.675000e+01 2.038060e+00
    endloop
  endfacet
  facet normal 5.555702e-01 1.261901e-15 8.314696e-01
    outer loop
      vertex   6.988875e+01 2.675000e+01 2.038060e+00
      vertex   6.972654e+01 2.675000e+01 2.146447e+00
      vertex   6.972654e+01 2.475000e+01 2.146447e+00
    endloop
  endfacet
  facet normal 8.314696e-01 8.505630e-16 5.555702e-01
    outer loop
      vertex   6.961816e+01 2.475000e+01 2.308658e+00
      vertex   6.972654e+01 2.475000e+01 2.146447e+00
      vertex   6.972654e+01 2.675000e+01 2.146447e+00
    endloop
  endfacet
  facet normal 8.314696e-01 8.505630e-16 5.555702e-01
    outer loop
      vertex   6.972654e+01 2.675000e+01 2.146447e+00
      vertex   6.961816e+01 2.675000e+01 2.308658e+00
      vertex   6.961816e+01 2.475000e+01 2.308658e+00
    endloop
  endfacet
  facet normal 9.807853e-01 2.963027e-16 1.950903e-01
    outer loop
      vertex   6.958010e+01 2.475000e+01 2.500000e+00
      vertex   6.961816e+01 2.475000e+01 2.308658e+00
      vertex   6.961816e+01 2.675000e+01 2.308658e+00
    endloop
  endfacet
  facet normal 9.807853e-01 0.000000e+00 1.950903e-01
    outer loop
      vertex   6.961816e+01 2.675000e+01 2.308658e+00
      vertex   6.958010e+01 2.675000e+01 2.500000e+00
      vertex   6.958010e+01 2.475000e+01 2.500000e+00
    endloop
  endfacet
  facet normal 1.000000e+00 0.000000e+00 0.000000e+00
    outer loop
      vertex   6.958010e+01 2.475000e+01 7.000000e+00
      vertex   6.958010e+01 2.475000e+01 2.500000e+00
      vertex   6.958010e+01 2.675000e+01 2.500000e+00
    endloop
  endfacet
  facet normal 1.000000e+00 0.000000e+00 -0.000000e+00
    outer loop
      vertex   6.958010e+01 2.675000e+01 2.500000e+00
      vertex   6.958010e+01 2.675000e+01 7.000000e+00
      vertex   6.958010e+01 2.475000e+01 7.000000e+00
    endloop
  endfacet
  facet normal 1.914805e-01 -9.626372e-01 1.914805e-01
    outer loop
      vertex   6.927144e+01 2.428806e+01 2.500000e+00
      vertex   6.908010e+01 2.425000e+01 2.500000e+00
      vertex   6.908010e+01 2.421194e+01 2.308658e+00
    endloop
  endfacet
  facet normal 1.914805e-01 -9.626372e-01 1.914805e-01
    outer loop
      vertex   6.908010e+01 2.421194e+01 2.308658e+00
      vertex   6.928600e+01 2.425290e+01 2.308658e+00
      vertex   6.927144e+01 2.428806e+01 2.500000e+00
    endloop
  endfacet
  facet normal 5.452902e-01 -8.160845e-01 1.914805e-01
    outer loop
      vertex   6.943365e+01 2.439645e+01 2.500000e+00
      vertex   6.927144e+01 2.428806e+01 2.500000e+00
      vertex   6.928600e+01 2.425290e+01 2.308658e+00
    endloop
  endfacet
  facet normal 5.452902e-01 -8.160845e-01 1.914805e-01
    outer loop
      vertex   6.928600e+01 2.425290e+01 2.308658e+00
      vertex   6.946056e+01 2.436953e+01 2.308658e+00
      vertex   6.943365e+01 2.439645e+01 2.500000e+00
    endloop
  endfacet
  facet normal 8.160845e-01 -5.452902e-01 1.914805e-01
    outer loop
      vertex   6.954204e+01 2.455866e+01 2.500000e+00
      vertex   6.943365e+01 2.439645e+01 2.500000e+00
      vertex   6.946056e+01 2.436953e+01 2.308658e+00
    endloop
  endfacet
  facet normal 8.160845e-01 -5.452902e-01 1.914805e-01
    outer loop
      vertex   6.946056e+01 2.436953e+01 2.308658e+00
      vertex   6.957720e+01 2.454409e+01 2.308658e+00
      vertex   6.954204e+01 2.455866e+01 2.500000e+00
    endloop
  endfacet
  facet normal 9.626372e-01 -1.914805e-01 1.914805e-01
    outer loop
      vertex   6.958010e+01 2.475000e+01 2.500000e+00
      vertex   6.954204e+01 2.455866e+01 2.500000e+00
      vertex   6.957720e+01 2.454409e+01 2.308658e+00
    endloop
  endfacet
  facet normal 9.626372e-01 -1.914805e-01 1.914805e-01
    outer loop
      vertex   6.957720e+01 2.454409e+01 2.308658e+00
      vertex   6.961816e+01 2.475000e+01 2.308658e+00
      vertex   6.958010e+01 2.475000e+01 2.500000e+00
    endloop
  endfacet
  facet normal 1.631730e-01 -8.203258e-01 5.481242e-01
    outer loop
      vertex   6.928600e+01 2.425290e+01 2.308658e+00
      vertex   6.908010e+01 2.421194e+01 2.308658e+00
      vertex   6.908010e+01 2.410355e+01 2.146447e+00
    endloop
  endfacet
  facet normal 1.631730e-01 -8.203258e-01 5.481242e-01
    outer loop
      vertex   6.908010e+01 2.410355e+01 2.146447e+00
      vertex   6.932748e+01 2.415276e+01 2.146447e+00
      vertex   6.928600e+01 2.425290e+01 2.308658e+00
    endloop
  endfacet
  facet normal 4.646773e-01 -6.954387e-01 5.481242e-01
    outer loop
      vertex   6.946056e+01 2.436953e+01 2.308658e+00
      vertex   6.928600e+01 2.425290e+01 2.308658e+00
      vertex   6.932748e+01 2.415276e+01 2.146447e+00
    endloop
  endfacet
  facet normal 4.646773e-01 -6.954387e-01 5.481242e-01
    outer loop
      vertex   6.932748e+01 2.415276e+01 2.146447e+00
      vertex   6.953720e+01 2.429289e+01 2.146447e+00
      vertex   6.946056e+01 2.436953e+01 2.308658e+00
    endloop
  endfacet
  facet normal 6.954387e-01 -4.646773e-01 5.481242e-01
    outer loop
      vertex   6.957720e+01 2.454409e+01 2.308658e+00
      vertex   6.946056e+01 2.436953e+01 2.308658e+00
      vertex   6.953720e+01 2.429289e+01 2.146447e+00
    endloop
  endfacet
  facet normal 6.954387e-01 -4.646773e-01 5.481242e-01
    outer loop
      vertex   6.953720e+01 2.429289e+01 2.146447e+00
      vertex   6.967734e+01 2.450262e+01 2.146447e+00
      vertex   6.957720e+01 2.454409e+01 2.308658e+00
    endloop
  endfacet
  facet normal 8.203258e-01 -1.631730e-01 5.481242e-01
    outer loop
      vertex   6.961816e+01 2.475000e+01 2.308658e+00
      vertex   6.957720e+01 2.454409e+01 2.308658e+00
      vertex   6.967734e+01 2.450262e+01 2.146447e+00
    endloop
  endfacet
  facet normal 8.203258e-01 -1.631730e-01 5.481242e-01
    outer loop
      vertex   6.967734e+01 2.450262e+01 2.146447e+00
      vertex   6.972654e+01 2.475000e+01 2.146447e+00
      vertex   6.961816e+01 2.475000e+01 2.308658e+00
    endloop
  endfacet
  facet normal 1.098411e-01 -5.522086e-01 8.264385e-01
    outer loop
      vertex   6.932748e+01 2.415276e+01 2.146447e+00
      vertex   6.908010e+01 2.410355e+01 2.146447e+00
      vertex   6.908010e+01 2.394134e+01 2.038060e+00
    endloop
  endfacet
  facet normal 1.098411e-01 -5.522086e-01 8.264385e-01
    outer loop
      vertex   6.908010e+01 2.394134e+01 2.038060e+00
      vertex   6.938956e+01 2.400290e+01 2.038060e+00
      vertex   6.932748e+01 2.415276e+01 2.146447e+00
    endloop
  endfacet
  facet normal 3.128010e-01 -4.681398e-01 8.264385e-01
    outer loop
      vertex   6.953720e+01 2.429289e+01 2.146447e+00
      vertex   6.932748e+01 2.415276e+01 2.146447e+00
      vertex   6.938956e+01 2.400290e+01 2.038060e+00
    endloop
  endfacet
  facet normal 3.128010e-01 -4.681398e-01 8.264385e-01
    outer loop
      vertex   6.938956e+01 2.400290e+01 2.038060e+00
      vertex   6.965190e+01 2.417819e+01 2.038060e+00
      vertex   6.953720e+01 2.429289e+01 2.146447e+00
    endloop
  endfacet
  facet normal 4.681398e-01 -3.128010e-01 8.264385e-01
    outer loop
      vertex   6.967734e+01 2.450262e+01 2.146447e+00
      vertex   6.953720e+01 2.429289e+01 2.146447e+00
      vertex   6.965190e+01 2.417819e+01 2.038060e+00
    endloop
  endfacet
  facet normal 4.681398e-01 -3.128010e-01 8.264385e-01
    outer loop
      vertex   6.965190e+01 2.417819e+01 2.038060e+00
      vertex   6.982720e+01 2.444054e+01 2.038060e+00
      vertex   6.967734e+01 2.450262e+01 2.146447e+00
    endloop
  endfacet
  facet normal 5.522086e-01 -1.098411e-01 8.264385e-01
    outer loop
      vertex   6.972654e+01 2.475000e+01 2.146447e+00
      vertex   6.967734e+01 2.450262e+01 2.146447e+00
      vertex   6.982720e+01 2.444054e+01 2.038060e+00
    endloop
  endfacet
  facet normal 5.522086e-01 -1.098411e-01 8.264385e-01
    outer loop
      vertex   6.982720e+01 2.444054e+01 2.038060e+00
      vertex   6.988875e+01 2.475000e+01 2.038060e+00
      vertex   6.972654e+01 2.475000e+01 2.146447e+00
    endloop
  endfacet
  facet normal 3.877669e-02 -1.949436e-01 9.800476e-01
    outer loop
      vertex   6.938956e+01 2.400290e+01 2.038060e+00
      vertex   6.908010e+01 2.394134e+01 2.038060e+00
      vertex   6.908010e+01 2.375000e+01 2.000000e+00
    endloop
  endfacet
  facet normal 3.877669e-02 -1.949436e-01 9.800476e-01
    outer loop
      vertex   6.908010e+01 2.375000e+01 2.000000e+00
      vertex   6.946278e+01 2.382612e+01 2.000000e+00
      vertex   6.938956e+01 2.400290e+01 2.038060e+00
    endloop
  endfacet
  facet normal 1.104267e-01 -1.652652e-01 9.800476e-01
    outer loop
      vertex   6.965190e+01 2.417819e+01 2.038060e+00
      vertex   6.938956e+01 2.400290e+01 2.038060e+00
      vertex   6.946278e+01 2.382612e+01 2.000000e+00
    endloop
  endfacet
  facet normal 1.104267e-01 -1.652652e-01 9.800476e-01
    outer loop
      vertex   6.946278e+01 2.382612e+01 2.000000e+00
      vertex   6.978720e+01 2.404289e+01 2.000000e+00
      vertex   6.965190e+01 2.417819e+01 2.038060e+00
    endloop
  endfacet
  facet normal 1.652652e-01 -1.104267e-01 9.800476e-01
    outer loop
      vertex   6.982720e+01 2.444054e+01 2.038060e+00
      vertex   6.965190e+01 2.417819e+01 2.038060e+00
      vertex   6.978720e+01 2.404289e+01 2.000000e+00
    endloop
  endfacet
  facet normal 1.652652e-01 -1.104267e-01 9.800476e-01
    outer loop
      vertex   6.978720e+01 2.404289e+01 2.000000e+00
      vertex   7.000398e+01 2.436732e+01 2.000000e+00
      vertex   6.982720e+01 2.444054e+01 2.038060e+00
    endloop
  endfacet
  facet normal 1.949436e-01 -3.877669e-02 9.800476e-01
    outer loop
      vertex   6.988875e+01 2.475000e+01 2.038060e+00
      vertex   6.982720e+01 2.444054e+01 2.038060e+00
      vertex   7.000398e+01 2.436732e+01 2.000000e+00
    endloop
  endfacet
  facet normal 1.949436e-01 -3.877669e-02 9.800476e-01
    outer loop
      vertex   7.000398e+01 2.436732e+01 2.000000e+00
      vertex   7.008010e+01 2.475000e+01 2.000000e+00
      vertex   6.988875e+01 2.475000e+01 2.038060e+00
    endloop
  endfacet
  facet normal -9.807853e-01 -1.950903e-01 -0.000000e+00
    outer loop
      vertex   6.658010e+01 2.475000e+01 7.000000e+00
      vertex   6.658010e+01 2.475000e+01 2.500000e+00
      vertex   6.661816e+01 2.455866e+01 2.500000e+00
    endloop
  endfacet
  facet normal -9.807853e-01 -1.950903e-01 0.000000e+00
    outer loop
      vertex   6.661816e+01 2.455866e+01 2.500000e+00
      vertex   6.661816e+01 2.455866e+01 7.000000e+00
      vertex   6.658010e+01 2.475000e+01 7.000000e+00
    endloop
  endfacet
  facet normal -8.314696e-01 -5.555702e-01 -0.000000e+00
    outer loop
      vertex   6.661816e+01 2.455866e+01 7.000000e+00
      vertex   6.661816e+01 2.455866e+01 2.500000e+00
      vertex   6.672654e+01 2.439645e+01 2.500000e+00
    endloop
  endfacet
  facet normal -8.314696e-01 -5.555702e-01 0.000000e+00
    outer loop
      vertex   6.672654e+01 2.439645e+01 2.500000e+00
      vertex   6.672654e+01 2.439645e+01 7.000000e+00
      vertex   6.661816e+01 2.455866e+01 7.000000e+00
    endloop
  endfacet
  facet normal -5.555702e-01 -8.314696e-01 -0.000000e+00
    outer loop
      vertex   6.672654e+01 2.439645e+01 7.000000e+00
      vertex   6.672654e+01 2.439645e+01 2.500000e+00
      vertex   6.688875e+01 2.428806e+01 2.500000e+00
    endloop
  endfacet
  facet normal -5.555702e-01 -8.314696e-01 0.000000e+00
    outer loop
      vertex   6.688875e+01 2.428806e+01 2.500000e+00
      vertex   6.688875e+01 2.428806e+01 7.000000e+00
      vertex   6.672654e+01 2.439645e+01 7.000000e+00
    endloop
  endfacet
  facet normal -1.950903e-01 -9.807853e-01 -0.000000e+00
    outer loop
      vertex   6.688875e+01 2.428806e+01 7.000000e+00
      vertex   6.688875e+01 2.428806e+01 2.500000e+00
      vertex   6.708010e+01 2.425000e+01 2.500000e+00
    endloop
  endfacet
  facet normal -1.950903e-01 -9.807853e-01 0.000000e+00
    outer loop
      vertex   6.708010e+01 2.425000e+01 2.500000e+00
      vertex   6.708010e+01 2.425000e+01 7.000000e+00
      vertex   6.688875e+01 2.428806e+01 7.000000e+00
    endloop
  endfacet
  facet normal 0.000000e+00 -1.000000e+00 0.000000e+00
    outer loop
      vertex   6.908010e+01 2.425000e+01 2.500000e+00
      vertex   6.908010e+01 2.425000e+01 7.000000e+00
      vertex   6.708010e+01 2.425000e+01 7.000000e+00
    endloop
  endfacet
  facet normal 0.000000e+00 -1.000000e+00 0.000000e+00
    outer loop
      vertex   6.708010e+01 2.425000e+01 7.000000e+00
      vertex   6.708010e+01 2.425000e+01 2.500000e+00
      vertex   6.908010e+01 2.425000e+01 2.500000e+00
    endloop
  endfacet
  facet normal -3.485914e-18 -1.950903e-01 9.807853e-01
    outer loop
      vertex   6.708010e+01 2.394134e+01 2.038060e+00
      vertex   6.708010e+01 2.375000e+01 2.000000e+00
      vertex   6.908010e+01 2.375000e+01 2.000000e+00
    endloop
  endfacet
  facet normal -6.030631e-16 -1.950903e-01 9.807853e-01
    outer loop
      vertex   6.908010e+01 2.375000e+01 2.000000e+00
      vertex   6.908010e+01 2.394134e+01 2.038060e+00
      vertex   6.708010e+01 2.394134e+01 2.038060e+00
    endloop
  endfacet
  facet normal 8.435912e-16 -5.555702e-01 8.314696e-01
    outer loop
      vertex   6.708010e+01 2.410355e+01 2.146447e+00
      vertex   6.708010e+01 2.394134e+01 2.038060e+00
      vertex   6.908010e+01 2.394134e+01 2.038060e+00
    endloop
  endfacet
  facet normal -3.067604e-16 -5.555702e-01 8.314696e-01
    outer loop
      vertex   6.908010e+01 2.394134e+01 2.038060e+00
      vertex   6.908010e+01 2.410355e+01 2.146447e+00
      vertex   6.708010e+01 2.410355e+01 2.146447e+00
    endloop
  endfacet
  facet normal 5.926054e-16 -8.314696e-01 5.555702e-01
    outer loop
      vertex   6.708010e+01 2.421194e+01 2.308658e+00
      vertex   6.708010e+01 2.410355e+01 2.146447e+00
      vertex   6.908010e+01 2.410355e+01 2.146447e+00
    endloop
  endfacet
  facet normal 5.926054e-16 -8.314696e-01 5.555702e-01
    outer loop
      vertex   6.908010e+01 2.410355e+01 2.146447e+00
      vertex   6.908010e+01 2.421194e+01 2.308658e+00
      vertex   6.708010e+01 2.421194e+01 2.308658e+00
    endloop
  endfacet
  facet normal 1.401337e-15 -9.807853e-01 1.950903e-01
    outer loop
      vertex   6.708010e+01 2.425000e+01 2.500000e+00
      vertex   6.708010e+01 2.421194e+01 2.308658e+00
      vertex   6.908010e+01 2.421194e+01 2.308658e+00
    endloop
  endfacet
  facet normal 0.000000e+00 -9.807853e-01 1.950903e-01
    outer loop
      vertex   6.908010e+01 2.421194e+01 2.308658e+00
      vertex   6.908010e+01 2.425000e+01 2.500000e+00
      vertex   6.708010e+01 2.425000e+01 2.500000e+00
    endloop
  endfacet
  facet normal 1.950903e-01 -9.807853e-01 0.000000e+00
    outer loop
      vertex   6.908010e+01 2.425000e+01 7.000000e+00
      vertex   6.908010e+01 2.425000e+01 2.500000e+00
      vertex   6.927144e+01 2.428806e+01 2.500000e+00
    endloop
  endfacet
  facet normal 1.950903e-01 -9.807853e-01 0.000000e+00
    outer loop
      vertex   6.927144e+01 2.428806e+01 2.500000e+00
      vertex   6.927144e+01 2.428806e+01 7.000000e+00
      vertex   6.908010e+01 2.425000e+01 7.000000e+00
    endloop
  endfacet
  facet normal 5.555702e-01 -8.314696e-01 0.000000e+00
    outer loop
      vertex   6.927144e+01 2.428806e+01 7.000000e+00
      vertex   6.927144e+01 2.428806e+01 2.500000e+00
      vertex   6.943365e+01 2.439645e+01 2.500000e+00
    endloop
  endfacet
  facet normal 5.555702e-01 -8.314696e-01 0.000000e+00
    outer loop
      vertex   6.943365e+01 2.439645e+01 2.500000e+00
      vertex   6.943365e+01 2.439645e+01 7.000000e+00
      vertex   6.927144e+01 2.428806e+01 7.000000e+00
    endloop
  endfacet
  facet normal 8.314696e-01 -5.555702e-01 0.000000e+00
    outer loop
      vertex   6.943365e+01 2.439645e+01 7.000000e+00
      vertex   6.943365e+01 2.439645e+01 2.500000e+00
      vertex   6.954204e+01 2.455866e+01 2.500000e+00
    endloop
  endfacet
  facet normal 8.314696e-01 -5.555702e-01 0.000000e+00
    outer loop
      vertex   6.954204e+01 2.455866e+01 2.500000e+00
      vertex   6.954204e+01 2.455866e+01 7.000000e+00
      vertex   6.943365e+01 2.439645e+01 7.000000e+00
    endloop
  endfacet
  facet normal 9.807853e-01 -1.950903e-01 0.000000e+00
    outer loop
      vertex   6.954204e+01 2.455866e+01 7.000000e+00
      vertex   6.954204e+01 2.455866e+01 2.500000e+00
      vertex   6.958010e+01 2.475000e+01 2.500000e+00
    endloop
  endfacet
  facet normal 9.807853e-01 -1.950903e-01 0.000000e+00
    outer loop
      vertex   6.958010e+01 2.475000e+01 2.500000e+00
      vertex   6.958010e+01 2.475000e+01 7.000000e+00
      vertex   6.954204e+01 2.455866e+01 7.000000e+00
    endloop
  endfacet
  facet normal 0.000000e+00 -0.000000e+00 1.000000e+00
    outer loop
      vertex   6.954204e+01 2.455866e+01 7.000000e+00
      vertex   6.958010e+01 2.475000e+01 7.000000e+00
      vertex   6.869733e+01 2.532395e+01 7.000000e+00
    endloop
  endfacet
  facet normal 0.000000e+00 0.000000e+00 1.000000e+00
    outer loop
      vertex   6.869733e+01 2.532395e+01 7.000000e+00
      vertex   6.842864e+01 2.508591e+01 7.000000e+00
      vertex   6.954204e+01 2.455866e+01 7.000000e+00
    endloop
  endfacet
  facet normal -0.000000e+00 0.000000e+00 1.000000e+00
    outer loop
      vertex   6.658010e+01 2.475000e+01 7.000000e+00
      vertex   6.661816e+01 2.455866e+01 7.000000e+00
      vertex   6.773155e+01 2.508591e+01 7.000000e+00
    endloop
  endfacet
  facet normal 0.000000e+00 0.000000e+00 1.000000e+00
    outer loop
      vertex   6.773155e+01 2.508591e+01 7.000000e+00
      vertex   6.661816e+01 2.455866e+01 7.000000e+00
      vertex   6.672654e+01 2.439645e+01 7.000000e+00
    endloop
  endfacet
  facet normal 0.000000e+00 0.000000e+00 1.000000e+00
    outer loop
      vertex   6.773155e+01 2.508591e+01 7.000000e+00
      vertex   6.746286e+01 2.532395e+01 7.000000e+00
      vertex   6.658010e+01 2.475000e+01 7.000000e+00
    endloop
  endfacet
  facet normal 0.000000e+00 0.000000e+00 1.000000e+00
    outer loop
      vertex   6.746286e+01 2.532395e+01 7.000000e+00
      vertex   6.733556e+01 2.565960e+01 7.000000e+00
      vertex   6.658010e+01 2.475000e+01 7.000000e+00
    endloop
  endfacet
  facet normal 0.000000e+00 0.000000e+00 1.000000e+00
    outer loop
      vertex   6.658010e+01 2.675000e+01 7.000000e+00
      vertex   6.658010e+01 2.475000e+01 7.000000e+00
      vertex   6.733556e+01 2.565960e+01 7.000000e+00
    endloop
  endfacet
  facet normal 0.000000e+00 -0.000000e+00 1.000000e+00
    outer loop
      vertex   6.733556e+01 2.565960e+01 7.000000e+00
      vertex   6.737883e+01 2.601595e+01 7.000000e+00
      vertex   6.658010e+01 2.675000e+01 7.000000e+00
    endloop
  endfacet
  facet normal 0.000000e+00 0.000000e+00 1.000000e+00
    outer loop
      vertex   6.661816e+01 2.694134e+01 7.000000e+00
      vertex   6.658010e+01 2.675000e+01 7.000000e+00
      vertex   6.737883e+01 2.601595e+01 7.000000e+00
    endloop
  endfacet
  facet normal 0.000000e+00 -0.000000e+00 1.000000e+00
    outer loop
      vertex   6.737883e+01 2.601595e+01 7.000000e+00
      vertex   6.758275e+01 2.631138e+01 7.000000e+00
      vertex   6.661816e+01 2.694134e+01 7.000000e+00
    endloop
  endfacet
  facet normal 0.000000e+00 0.000000e+00 1.000000e+00
    outer loop
      vertex   6.672654e+01 2.710355e+01 7.000000e+00
      vertex   6.661816e+01 2.694134e+01 7.000000e+00
      vertex   6.758275e+01 2.631138e+01 7.000000e+00
    endloop
  endfacet
  facet normal 0.000000e+00 0.000000e+00 1.000000e+00
    outer loop
      vertex   6.954204e+01 2.694134e+01 7.000000e+00
      vertex   6.943365e+01 2.710355e+01 7.000000e+00
      vertex   6.927144e+01 2.721194e+01 7.000000e+00
    endloop
  endfacet
  facet normal 0.000000e+00 0.000000e+00 1.000000e+00
    outer loop
      vertex   6.927144e+01 2.428806e+01 7.000000e+00
      vertex   6.943365e+01 2.439645e+01 7.000000e+00
      vertex   6.954204e+01 2.455866e+01 7.000000e+00
    endloop
  endfacet
  facet normal 0.000000e+00 0.000000e+00 1.000000e+00
    outer loop
      vertex   6.954204e+01 2.455866e+01 7.000000e+00
      vertex   6.842864e+01 2.508591e+01 7.000000e+00
      vertex   6.927144e+01 2.428806e+01 7.000000e+00
    endloop
  endfacet
  facet normal 0.000000e+00 0.000000e+00 1.000000e+00
    outer loop
      vertex   6.842864e+01 2.508591e+01 7.000000e+00
      vertex   6.908010e+01 2.425000e+01 7.000000e+00
      vertex   6.927144e+01 2.428806e+01 7.000000e+00
    endloop
  endfacet
  facet normal 0.000000e+00 0.000000e+00 1.000000e+00
    outer loop
      vertex   6.842864e+01 2.508591e+01 7.000000e+00
      vertex   6.808010e+01 2.500000e+01 7.000000e+00
      vertex   6.908010e+01 2.425000e+01 7.000000e+00
    endloop
  endfacet
  facet normal 0.000000e+00 0.000000e+00 1.000000e+00
    outer loop
      vertex   6.708010e+01 2.425000e+01 7.000000e+00
      vertex   6.908010e+01 2.425000e+01 7.000000e+00
      vertex   6.808010e+01 2.500000e+01 7.000000e+00
    endloop
  endfacet
  facet normal 0.000000e+00 0.000000e+00 1.000000e+00
    outer loop
      vertex   6.808010e+01 2.500000e+01 7.000000e+00
      vertex   6.773155e+01 2.508591e+01 7.000000e+00
      vertex   6.708010e+01 2.425000e+01 7.000000e+00
    endloop
  endfacet
  facet normal -0.000000e+00 0.000000e+00 1.000000e+00
    outer loop
      vertex   6.688875e+01 2.428806e+01 7.000000e+00
      vertex   6.708010e+01 2.425000e+01 7.000000e+00
      vertex   6.773155e+01 2.508591e+01 7.000000e+00
    endloop
  endfacet
  facet normal -0.000000e+00 0.000000e+00 1.000000e+00
    outer loop
      vertex   6.672654e+01 2.439645e+01 7.000000e+00
      vertex   6.688875e+01 2.428806e+01 7.000000e+00
      vertex   6.773155e+01 2.508591e+01 7.000000e+00
    endloop
  endfacet
  facet normal -0.000000e+00 0.000000e+00 1.000000e+00
    outer loop
      vertex   6.857744e+01 2.631138e+01 7.000000e+00
      vertex   6.878136e+01 2.601595e+01 7.000000e+00
      vertex   6.958010e+01 2.675000e+01 7.000000e+00
    endloop
  endfacet
  facet normal -0.000000e+00 0.000000e+00 1.000000e+00
    outer loop
      vertex   6.878136e+01 2.601595e+01 7.000000e+00
      vertex   6.883010e+01 2.575000e+01 7.000000e+00
      vertex   6.958010e+01 2.675000e+01 7.000000e+00
    endloop
  endfacet
  facet normal 0.000000e+00 -0.000000e+00 1.000000e+00
    outer loop
      vertex   6.958010e+01 2.475000e+01 7.000000e+00
      vertex   6.958010e+01 2.675000e+01 7.000000e+00
      vertex   6.883010e+01 2.575000e+01 7.000000e+00
    endloop
  endfacet
  facet normal 0.000000e+00 0.000000e+00 1.000000e+00
    outer loop
      vertex   6.883010e+01 2.575000e+01 7.000000e+00
      vertex   6.882463e+01 2.565960e+01 7.000000e+00
      vertex   6.958010e+01 2.475000e+01 7.000000e+00
    endloop
  endfacet
  facet normal 0.000000e+00 0.000000e+00 1.000000e+00
    outer loop
      vertex   6.882463e+01 2.565960e+01 7.000000e+00
      vertex   6.869733e+01 2.532395e+01 7.000000e+00
      vertex   6.958010e+01 2.475000e+01 7.000000e+00
    endloop
  endfacet
  facet normal 0.000000e+00 0.000000e+00 1.000000e+00
    outer loop
      vertex   6.958010e+01 2.675000e+01 7.000000e+00
      vertex   6.954204e+01 2.694134e+01 7.000000e+00
      vertex   6.857744e+01 2.631138e+01 7.000000e+00
    endloop
  endfacet
  facet normal 0.000000e+00 0.000000e+00 1.000000e+00
    outer loop
      vertex   6.927144e+01 2.721194e+01 7.000000e+00
      vertex   6.857744e+01 2.631138e+01 7.000000e+00
      vertex   6.954204e+01 2.694134e+01 7.000000e+00
    endloop
  endfacet
  facet normal -0.000000e+00 0.000000e+00 1.000000e+00
    outer loop
      vertex   6.825958e+01 2.647821e+01 7.000000e+00
      vertex   6.857744e+01 2.631138e+01 7.000000e+00
      vertex   6.927144e+01 2.721194e+01 7.000000e+00
    endloop
  endfacet
  facet normal 0.000000e+00 0.000000e+00 1.000000e+00
    outer loop
      vertex   6.927144e+01 2.721194e+01 7.000000e+00
      vertex   6.908010e+01 2.725000e+01 7.000000e+00
      vertex   6.825958e+01 2.647821e+01 7.000000e+00
    endloop
  endfacet
  facet normal 0.000000e+00 0.000000e+00 1.000000e+00
    outer loop
      vertex   6.790061e+01 2.647821e+01 7.000000e+00
      vertex   6.825958e+01 2.647821e+01 7.000000e+00
      vertex   6.908010e+01 2.725000e+01 7.000000e+00
    endloop
  endfacet
  facet normal 0.000000e+00 0.000000e+00 1.000000e+00
    outer loop
      vertex   6.908010e+01 2.725000e+01 7.000000e+00
      vertex   6.708010e+01 2.725000e+01 7.000000e+00
      vertex   6.790061e+01 2.647821e+01 7.000000e+00
    endloop
  endfacet
  facet normal 0.000000e+00 -0.000000e+00 1.000000e+00
    outer loop
      vertex   6.758275e+01 2.631138e+01 7.000000e+00
      vertex   6.790061e+01 2.647821e+01 7.000000e+00
      vertex   6.708010e+01 2.725000e+01 7.000000e+00
    endloop
  endfacet
  facet normal 0.000000e+00 0.000000e+00 1.000000e+00
    outer loop
      vertex   6.708010e+01 2.725000e+01 7.000000e+00
      vertex   6.688875e+01 2.721194e+01 7.000000e+00
      vertex   6.758275e+01 2.631138e+01 7.000000e+00
    endloop
  endfacet
  facet normal 0.000000e+00 0.000000e+00 1.000000e+00
    outer loop
      vertex   6.758275e+01 2.631138e+01 7.000000e+00
      vertex   6.688875e+01 2.721194e+01 7.000000e+00
      vertex   6.672654e+01 2.710355e+01 7.000000e+00
    endloop
  endfacet
  facet normal -1.914805e-01 9.626372e-01 1.914805e-01
    outer loop
      vertex   6.688875e+01 9.911940e+00 2.500000e+00
      vertex   6.708010e+01 9.950000e+00 2.500000e+00
      vertex   6.708010e+01 9.988060e+00 2.308658e+00
    endloop
  endfacet
  facet normal -1.914805e-01 9.626372e-01 1.914805e-01
    outer loop
      vertex   6.708010e+01 9.988060e+00 2.308658e+00
      vertex   6.687419e+01 9.947103e+00 2.308658e+00
      vertex   6.688875e+01 9.911940e+00 2.500000e+00
    endloop
  endfacet
  facet normal -5.452902e-01 8.160845e-01 1.914805e-01
    outer loop
      vertex   6.672654e+01 9.803553e+00 2.500000e+00
      vertex   6.688875e+01 9.911940e+00 2.500000e+00
      vertex   6.687419e+01 9.947103e+00 2.308658e+00
    endloop
  endfacet
  facet normal -5.452902e-01 8.160845e-01 1.914805e-01
    outer loop
      vertex   6.687419e+01 9.947103e+00 2.308658e+00
      vertex   6.669963e+01 9.830466e+00 2.308658e+00
      vertex   6.672654e+01 9.803553e+00 2.500000e+00
    endloop
  endfacet
  facet normal -8.160845e-01 5.452902e-01 1.914805e-01
    outer loop
      vertex   6.661816e+01 9.641342e+00 2.500000e+00
      vertex   6.672654e+01 9.803553e+00 2.500000e+00
      vertex   6.669963e+01 9.830466e+00 2.308658e+00
    endloop
  endfacet
  facet normal -8.160845e-01 5.452902e-01 1.914805e-01
    outer loop
      vertex   6.669963e+01 9.830466e+00 2.308658e+00
      vertex   6.658299e+01 9.655907e+00 2.308658e+00
      vertex   6.661816e+01 9.641342e+00 2.500000e+00
    endloop
  endfacet
  facet normal -9.626372e-01 1.914805e-01 1.914805e-01
    outer loop
      vertex   6.658010e+01 9.450000e+00 2.500000e+00
      vertex   6.661816e+01 9.641342e+00 2.500000e+00
      vertex   6.658299e+01 9.655907e+00 2.308658e+00
    endloop
  endfacet
  facet normal -9.626372e-01 1.914805e-01 1.914805e-01
    outer loop
      vertex   6.658299e+01 9.655907e+00 2.308658e+00
      vertex   6.654204e+01 9.450000e+00 2.308658e+00
      vertex   6.658010e+01 9.450000e+00 2.500000e+00
    endloop
  endfacet
  facet normal -1.631730e-01 8.203258e-01 5.481242e-01
    outer loop
      vertex   6.687419e+01 9.947103e+00 2.308658e+00
      vertex   6.708010e+01 9.988060e+00 2.308658e+00
      vertex   6.708010e+01 1.009645e+01 2.146447e+00
    endloop
  endfacet
  facet normal -1.631730e-01 8.203258e-01 5.481242e-01
    outer loop
      vertex   6.708010e+01 1.009645e+01 2.146447e+00
      vertex   6.683271e+01 1.004724e+01 2.146447e+00
      vertex   6.687419e+01 9.947103e+00 2.308658e+00
    endloop
  endfacet
  facet normal -4.646773e-01 6.954387e-01 5.481242e-01
    outer loop
      vertex   6.669963e+01 9.830466e+00 2.308658e+00
      vertex   6.687419e+01 9.947103e+00 2.308658e+00
      vertex   6.683271e+01 1.004724e+01 2.146447e+00
    endloop
  endfacet
  facet normal -4.646773e-01 6.954387e-01 5.481242e-01
    outer loop
      vertex   6.683271e+01 1.004724e+01 2.146447e+00
      vertex   6.662299e+01 9.907107e+00 2.146447e+00
      vertex   6.669963e+01 9.830466e+00 2.308658e+00
    endloop
  endfacet
  facet normal -6.954387e-01 4.646773e-01 5.481242e-01
    outer loop
      vertex   6.658299e+01 9.655907e+00 2.308658e+00
      vertex   6.669963e+01 9.830466e+00 2.308658e+00
      vertex   6.662299e+01 9.907107e+00 2.146447e+00
    endloop
  endfacet
  facet normal -6.954387e-01 4.646773e-01 5.481242e-01
    outer loop
      vertex   6.662299e+01 9.907107e+00 2.146447e+00
      vertex   6.648286e+01 9.697384e+00 2.146447e+00
      vertex   6.658299e+01 9.655907e+00 2.308658e+00
    endloop
  endfacet
  facet normal -8.203258e-01 1.631730e-01 5.481242e-01
    outer loop
      vertex   6.654204e+01 9.450000e+00 2.308658e+00
      vertex   6.658299e+01 9.655907e+00 2.308658e+00
      vertex   6.648286e+01 9.697384e+00 2.146447e+00
    endloop
  endfacet
  facet normal -8.203258e-01 1.631730e-01 5.481242e-01
    outer loop
      vertex   6.648286e+01 9.697384e+00 2.146447e+00
      vertex   6.643365e+01 9.450000e+00 2.146447e+00
      vertex   6.654204e+01 9.450000e+00 2.308658e+00
    endloop
  endfacet
  facet normal -1.098411e-01 5.522086e-01 8.264385e-01
    outer loop
      vertex   6.683271e+01 1.004724e+01 2.146447e+00
      vertex   6.708010e+01 1.009645e+01 2.146447e+00
      vertex   6.708010e+01 1.025866e+01 2.038060e+00
    endloop
  endfacet
  facet normal -1.098411e-01 5.522086e-01 8.264385e-01
    outer loop
      vertex   6.708010e+01 1.025866e+01 2.038060e+00
      vertex   6.677064e+01 1.019710e+01 2.038060e+00
      vertex   6.683271e+01 1.004724e+01 2.146447e+00
    endloop
  endfacet
  facet normal -3.128010e-01 4.681398e-01 8.264385e-01
    outer loop
      vertex   6.662299e+01 9.907107e+00 2.146447e+00
      vertex   6.683271e+01 1.004724e+01 2.146447e+00
      vertex   6.677064e+01 1.019710e+01 2.038060e+00
    endloop
  endfacet
  facet normal -3.128010e-01 4.681398e-01 8.264385e-01
    outer loop
      vertex   6.677064e+01 1.019710e+01 2.038060e+00
      vertex   6.650829e+01 1.002181e+01 2.038060e+00
      vertex   6.662299e+01 9.907107e+00 2.146447e+00
    endloop
  endfacet
  facet normal -4.681398e-01 3.128010e-01 8.264385e-01
    outer loop
      vertex   6.648286e+01 9.697384e+00 2.146447e+00
      vertex   6.662299e+01 9.907107e+00 2.146447e+00
      vertex   6.650829e+01 1.002181e+01 2.038060e+00
    endloop
  endfacet
  facet normal -4.681398e-01 3.128010e-01 8.264385e-01
    outer loop
      vertex   6.650829e+01 1.002181e+01 2.038060e+00
      vertex   6.633299e+01 9.759460e+00 2.038060e+00
      vertex   6.648286e+01 9.697384e+00 2.146447e+00
    endloop
  endfacet
  facet normal -5.522086e-01 1.098411e-01 8.264385e-01
    outer loop
      vertex   6.643365e+01 9.450000e+00 2.146447e+00
      vertex   6.648286e+01 9.697384e+00 2.146447e+00
      vertex   6.633299e+01 9.759460e+00 2.038060e+00
    endloop
  endfacet
  facet normal -5.522086e-01 1.098411e-01 8.264385e-01
    outer loop
      vertex   6.633299e+01 9.759460e+00 2.038060e+00
      vertex   6.627144e+01 9.450000e+00 2.038060e+00
      vertex   6.643365e+01 9.450000e+00 2.146447e+00
    endloop
  endfacet
  facet normal -3.877669e-02 1.949436e-01 9.800476e-01
    outer loop
      vertex   6.677064e+01 1.019710e+01 2.038060e+00
      vertex   6.708010e+01 1.025866e+01 2.038060e+00
      vertex   6.708010e+01 1.045000e+01 2.000000e+00
    endloop
  endfacet
  facet normal -3.877669e-02 1.949436e-01 9.800476e-01
    outer loop
      vertex   6.708010e+01 1.045000e+01 2.000000e+00
      vertex   6.669741e+01 1.037388e+01 2.000000e+00
      vertex   6.677064e+01 1.019710e+01 2.038060e+00
    endloop
  endfacet
  facet normal -1.104267e-01 1.652652e-01 9.800476e-01
    outer loop
      vertex   6.650829e+01 1.002181e+01 2.038060e+00
      vertex   6.677064e+01 1.019710e+01 2.038060e+00
      vertex   6.669741e+01 1.037388e+01 2.000000e+00
    endloop
  endfacet
  facet normal -1.104267e-01 1.652652e-01 9.800476e-01
    outer loop
      vertex   6.669741e+01 1.037388e+01 2.000000e+00
      vertex   6.637299e+01 1.015711e+01 2.000000e+00
      vertex   6.650829e+01 1.002181e+01 2.038060e+00
    endloop
  endfacet
  facet normal -1.652652e-01 1.104267e-01 9.800476e-01
    outer loop
      vertex   6.633299e+01 9.759460e+00 2.038060e+00
      vertex   6.650829e+01 1.002181e+01 2.038060e+00
      vertex   6.637299e+01 1.015711e+01 2.000000e+00
    endloop
  endfacet
  facet normal -1.652652e-01 1.104267e-01 9.800476e-01
    outer loop
      vertex   6.637299e+01 1.015711e+01 2.000000e+00
      vertex   6.615622e+01 9.832683e+00 2.000000e+00
      vertex   6.633299e+01 9.759460e+00 2.038060e+00
    endloop
  endfacet
  facet normal -1.949436e-01 3.877669e-02 9.800476e-01
    outer loop
      vertex   6.627144e+01 9.450000e+00 2.038060e+00
      vertex   6.633299e+01 9.759460e+00 2.038060e+00
      vertex   6.615622e+01 9.832683e+00 2.000000e+00
    endloop
  endfacet
  facet normal -1.949436e-01 3.877669e-02 9.800476e-01
    outer loop
      vertex   6.615622e+01 9.832683e+00 2.000000e+00
      vertex   6.608010e+01 9.450000e+00 2.000000e+00
      vertex   6.627144e+01 9.450000e+00 2.038060e+00
    endloop
  endfacet
  facet normal 3.485914e-18 1.950903e-01 9.807853e-01
    outer loop
      vertex   6.908010e+01 1.025866e+01 2.038060e+00
      vertex   6.908010e+01 1.045000e+01 2.000000e+00
      vertex   6.708010e+01 1.045000e+01 2.000000e+00
    endloop
  endfacet
  facet normal 7.703870e-16 1.950903e-01 9.807853e-01
    outer loop
      vertex   6.708010e+01 1.045000e+01 2.000000e+00
      vertex   6.708010e+01 1.025866e+01 2.038060e+00
      vertex   6.908010e+01 1.025866e+01 2.038060e+00
    endloop
  endfacet
  facet normal -3.555632e-16 5.555702e-01 8.314696e-01
    outer loop
      vertex   6.908010e+01 1.009645e+01 2.146447e+00
      vertex   6.908010e+01 1.025866e+01 2.038060e+00
      vertex   6.708010e+01 1.025866e+01 2.038060e+00
    endloop
  endfacet
  facet normal 5.995772e-16 5.555702e-01 8.314696e-01
    outer loop
      vertex   6.708010e+01 1.025866e+01 2.038060e+00
      vertex   6.708010e+01 1.009645e+01 2.146447e+00
      vertex   6.908010e+01 1.009645e+01 2.146447e+00
    endloop
  endfacet
  facet normal 0.000000e+00 8.314696e-01 5.555702e-01
    outer loop
      vertex   6.908010e+01 9.988060e+00 2.308658e+00
      vertex   6.908010e+01 1.009645e+01 2.146447e+00
      vertex   6.708010e+01 1.009645e+01 2.146447e+00
    endloop
  endfacet
  facet normal 1.185211e-16 8.314696e-01 5.555702e-01
    outer loop
      vertex   6.708010e+01 1.009645e+01 2.146447e+00
      vertex   6.708010e+01 9.988060e+00 2.308658e+00
      vertex   6.908010e+01 9.988060e+00 2.308658e+00
    endloop
  endfacet
  facet normal -5.507744e-16 9.807853e-01 1.950903e-01
    outer loop
      vertex   6.908010e+01 9.950000e+00 2.500000e+00
      vertex   6.908010e+01 9.988060e+00 2.308658e+00
      vertex   6.708010e+01 9.988060e+00 2.308658e+00
    endloop
  endfacet
  facet normal 0.000000e+00 9.807853e-01 1.950903e-01
    outer loop
      vertex   6.708010e+01 9.988060e+00 2.308658e+00
      vertex   6.708010e+01 9.950000e+00 2.500000e+00
      vertex   6.908010e+01 9.950000e+00 2.500000e+00
    endloop
  endfacet
  facet normal -1.950903e-01 3.485914e-18 9.807853e-01
    outer loop
      vertex   6.627144e+01 9.450000e+00 2.038060e+00
      vertex   6.608010e+01 9.450000e+00 2.000000e+00
      vertex   6.608010e+01 7.450000e+00 2.000000e+00
    endloop
  endfacet
  facet normal -1.950903e-01 8.017602e-17 9.807853e-01
    outer loop
      vertex   6.608010e+01 7.450000e+00 2.000000e+00
      vertex   6.627144e+01 7.450000e+00 2.038060e+00
      vertex   6.627144e+01 9.450000e+00 2.038060e+00
    endloop
  endfacet
  facet normal -5.555702e-01 2.774787e-15 8.314696e-01
    outer loop
      vertex   6.643365e+01 9.450000e+00 2.146447e+00
      vertex   6.627144e+01 9.450000e+00 2.038060e+00
      vertex   6.627144e+01 7.450000e+00 2.038060e+00
    endloop
  endfacet
  facet normal -5.555702e-01 -1.087605e-15 8.314696e-01
    outer loop
      vertex   6.627144e+01 7.450000e+00 2.038060e+00
      vertex   6.643365e+01 7.450000e+00 2.146447e+00
      vertex   6.643365e+01 9.450000e+00 2.146447e+00
    endloop
  endfacet
  facet normal -8.314696e-01 -7.250701e-16 5.555702e-01
    outer loop
      vertex   6.654204e+01 9.450000e+00 2.308658e+00
      vertex   6.643365e+01 9.450000e+00 2.146447e+00
      vertex   6.643365e+01 7.450000e+00 2.146447e+00
    endloop
  endfacet
  facet normal -8.314696e-01 -8.435912e-16 5.555702e-01
    outer loop
      vertex   6.643365e+01 7.450000e+00 2.146447e+00
      vertex   6.654204e+01 7.450000e+00 2.308658e+00
      vertex   6.654204e+01 9.450000e+00 2.308658e+00
    endloop
  endfacet
  facet normal -9.807853e-01 -2.928168e-16 1.950903e-01
    outer loop
      vertex   6.658010e+01 9.450000e+00 2.500000e+00
      vertex   6.654204e+01 9.450000e+00 2.308658e+00
      vertex   6.654204e+01 7.450000e+00 2.308658e+00
    endloop
  endfacet
  facet normal -9.807853e-01 0.000000e+00 1.950903e-01
    outer loop
      vertex   6.654204e+01 7.450000e+00 2.308658e+00
      vertex   6.658010e+01 7.450000e+00 2.500000e+00
      vertex   6.658010e+01 9.450000e+00 2.500000e+00
    endloop
  endfacet
  facet normal -1.950903e-01 9.807853e-01 0.000000e+00
    outer loop
      vertex   6.708010e+01 9.950000e+00 7.000000e+00
      vertex   6.708010e+01 9.950000e+00 2.500000e+00
      vertex   6.688875e+01 9.911940e+00 2.500000e+00
    endloop
  endfacet
  facet normal -1.950903e-01 9.807853e-01 -3.780869e-16
    outer loop
      vertex   6.688875e+01 9.911940e+00 2.500000e+00
      vertex   6.688875e+01 9.911940e+00 7.000000e+00
      vertex   6.708010e+01 9.950000e+00 7.000000e+00
    endloop
  endfacet
  facet normal -5.555702e-01 8.314696e-01 -3.205266e-16
    outer loop
      vertex   6.688875e+01 9.911940e+00 7.000000e+00
      vertex   6.688875e+01 9.911940e+00 2.500000e+00
      vertex   6.672654e+01 9.803553e+00 2.500000e+00
    endloop
  endfacet
  facet normal -5.555702e-01 8.314696e-01 0.000000e+00
    outer loop
      vertex   6.672654e+01 9.803553e+00 2.500000e+00
      vertex   6.672654e+01 9.803553e+00 7.000000e+00
      vertex   6.688875e+01 9.911940e+00 7.000000e+00
    endloop
  endfacet
  facet normal -8.314696e-01 5.555702e-01 0.000000e+00
    outer loop
      vertex   6.672654e+01 9.803553e+00 7.000000e+00
      vertex   6.672654e+01 9.803553e+00 2.500000e+00
      vertex   6.661816e+01 9.641342e+00 2.500000e+00
    endloop
  endfacet
  facet normal -8.314696e-01 5.555702e-01 -2.141691e-16
    outer loop
      vertex   6.661816e+01 9.641342e+00 2.500000e+00
      vertex   6.661816e+01 9.641342e+00 7.000000e+00
      vertex   6.672654e+01 9.803553e+00 7.000000e+00
    endloop
  endfacet
  facet normal -9.807853e-01 1.950903e-01 -7.520617e-17
    outer loop
      vertex   6.661816e+01 9.641342e+00 7.000000e+00
      vertex   6.661816e+01 9.641342e+00 2.500000e+00
      vertex   6.658010e+01 9.450000e+00 2.500000e+00
    endloop
  endfacet
  facet normal -9.807853e-01 1.950903e-01 0.000000e+00
    outer loop
      vertex   6.658010e+01 9.450000e+00 2.500000e+00
      vertex   6.658010e+01 9.450000e+00 7.000000e+00
      vertex   6.661816e+01 9.641342e+00 7.000000e+00
    endloop
  endfacet
  facet normal 0.000000e+00 1.000000e+00 0.000000e+00
    outer loop
      vertex   6.908010e+01 9.950000e+00 7.000000e+00
      vertex   6.908010e+01 9.950000e+00 2.500000e+00
      vertex   6.708010e+01 9.950000e+00 2.500000e+00
    endloop
  endfacet
  facet normal 0.000000e+00 1.000000e+00 0.000000e+00
    outer loop
      vertex   6.708010e+01 9.950000e+00 2.500000e+00
      vertex   6.708010e+01 9.950000e+00 7.000000e+00
      vertex   6.908010e+01 9.950000e+00 7.000000e+00
    endloop
  endfacet
  facet normal 9.626372e-01 1.914805e-01 1.914805e-01
    outer loop
      vertex   6.954204e+01 9.641342e+00 2.500000e+00
      vertex   6.958010e+01 9.450000e+00 2.500000e+00
      vertex   6.961816e+01 9.450000e+00 2.308658e+00
    endloop
  endfacet
  facet normal 9.626372e-01 1.914805e-01 1.914805e-01
    outer loop
      vertex   6.961816e+01 9.450000e+00 2.308658e+00
      vertex   6.957720e+01 9.655907e+00 2.308658e+00
      vertex   6.954204e+01 9.641342e+00 2.500000e+00
    endloop
  endfacet
  facet normal 8.160845e-01 5.452902e-01 1.914805e-01
    outer loop
      vertex   6.943365e+01 9.803553e+00 2.500000e+00
      vertex   6.954204e+01 9.641342e+00 2.500000e+00
      vertex   6.957720e+01 9.655907e+00 2.308658e+00
    endloop
  endfacet
  facet normal 8.160845e-01 5.452902e-01 1.914805e-01
    outer loop
      vertex   6.957720e+01 9.655907e+00 2.308658e+00
      vertex   6.946056e+01 9.830466e+00 2.308658e+00
      vertex   6.943365e+01 9.803553e+00 2.500000e+00
    endloop
  endfacet
  facet normal 5.452902e-01 8.160845e-01 1.914805e-01
    outer loop
      vertex   6.927144e+01 9.911940e+00 2.500000e+00
      vertex   6.943365e+01 9.803553e+00 2.500000e+00
      vertex   6.946056e+01 9.830466e+00 2.308658e+00
    endloop
  endfacet
  facet normal 5.452902e-01 8.160845e-01 1.914805e-01
    outer loop
      vertex   6.946056e+01 9.830466e+00 2.308658e+00
      vertex   6.928600e+01 9.947103e+00 2.308658e+00
      vertex   6.927144e+01 9.911940e+00 2.500000e+00
    endloop
  endfacet
  facet normal 1.914805e-01 9.626372e-01 1.914805e-01
    outer loop
      vertex   6.908010e+01 9.950000e+00 2.500000e+00
      vertex   6.927144e+01 9.911940e+00 2.500000e+00
      vertex   6.928600e+01 9.947103e+00 2.308658e+00
    endloop
  endfacet
  facet normal 1.914805e-01 9.626372e-01 1.914805e-01
    outer loop
      vertex   6.928600e+01 9.947103e+00 2.308658e+00
      vertex   6.908010e+01 9.988060e+00 2.308658e+00
      vertex   6.908010e+01 9.950000e+00 2.500000e+00
    endloop
  endfacet
  facet normal 8.203258e-01 1.631730e-01 5.481242e-01
    outer loop
      vertex   6.957720e+01 9.655907e+00 2.308658e+00
      vertex   6.961816e+01 9.450000e+00 2.308658e+00
      vertex   6.972654e+01 9.450000e+00 2.146447e+00
    endloop
  endfacet
  facet normal 8.203258e-01 1.631730e-01 5.481242e-01
    outer loop
      vertex   6.972654e+01 9.450000e+00 2.146447e+00
      vertex   6.967734e+01 9.697384e+00 2.146447e+00
      vertex   6.957720e+01 9.655907e+00 2.308658e+00
    endloop
  endfacet
  facet normal 6.954387e-01 4.646773e-01 5.481242e-01
    outer loop
      vertex   6.946056e+01 9.830466e+00 2.308658e+00
      vertex   6.957720e+01 9.655907e+00 2.308658e+00
      vertex   6.967734e+01 9.697384e+00 2.146447e+00
    endloop
  endfacet
  facet normal 6.954387e-01 4.646773e-01 5.481242e-01
    outer loop
      vertex   6.967734e+01 9.697384e+00 2.146447e+00
      vertex   6.953720e+01 9.907107e+00 2.146447e+00
      vertex   6.946056e+01 9.830466e+00 2.308658e+00
    endloop
  endfacet
  facet normal 4.646773e-01 6.954387e-01 5.481242e-01
    outer loop
      vertex   6.928600e+01 9.947103e+00 2.308658e+00
      vertex   6.946056e+01 9.830466e+00 2.308658e+00
      vertex   6.953720e+01 9.907107e+00 2.146447e+00
    endloop
  endfacet
  facet normal 4.646773e-01 6.954387e-01 5.481242e-01
    outer loop
      vertex   6.953720e+01 9.907107e+00 2.146447e+00
      vertex   6.932748e+01 1.004724e+01 2.146447e+00
      vertex   6.928600e+01 9.947103e+00 2.308658e+00
    endloop
  endfacet
  facet normal 1.631730e-01 8.203258e-01 5.481242e-01
    outer loop
      vertex   6.908010e+01 9.988060e+00 2.308658e+00
      vertex   6.928600e+01 9.947103e+00 2.308658e+00
      vertex   6.932748e+01 1.004724e+01 2.146447e+00
    endloop
  endfacet
  facet normal 1.631730e-01 8.203258e-01 5.481242e-01
    outer loop
      vertex   6.932748e+01 1.004724e+01 2.146447e+00
      vertex   6.908010e+01 1.009645e+01 2.146447e+00
      vertex   6.908010e+01 9.988060e+00 2.308658e+00
    endloop
  endfacet
  facet normal 5.522086e-01 1.098411e-01 8.264385e-01
    outer loop
      vertex   6.967734e+01 9.697384e+00 2.146447e+00
      vertex   6.972654e+01 9.450000e+00 2.146447e+00
      vertex   6.988875e+01 9.450000e+00 2.038060e+00
    endloop
  endfacet
  facet normal 5.522086e-01 1.098411e-01 8.264385e-01
    outer loop
      vertex   6.988875e+01 9.450000e+00 2.038060e+00
      vertex   6.982720e+01 9.759460e+00 2.038060e+00
      vertex   6.967734e+01 9.697384e+00 2.146447e+00
    endloop
  endfacet
  facet normal 4.681398e-01 3.128010e-01 8.264385e-01
    outer loop
      vertex   6.953720e+01 9.907107e+00 2.146447e+00
      vertex   6.967734e+01 9.697384e+00 2.146447e+00
      vertex   6.982720e+01 9.759460e+00 2.038060e+00
    endloop
  endfacet
  facet normal 4.681398e-01 3.128010e-01 8.264385e-01
    outer loop
      vertex   6.982720e+01 9.759460e+00 2.038060e+00
      vertex   6.965190e+01 1.002181e+01 2.038060e+00
      vertex   6.953720e+01 9.907107e+00 2.146447e+00
    endloop
  endfacet
  facet normal 3.128010e-01 4.681398e-01 8.264385e-01
    outer loop
      vertex   6.932748e+01 1.004724e+01 2.146447e+00
      vertex   6.953720e+01 9.907107e+00 2.146447e+00
      vertex   6.965190e+01 1.002181e+01 2.038060e+00
    endloop
  endfacet
  facet normal 3.128010e-01 4.681398e-01 8.264385e-01
    outer loop
      vertex   6.965190e+01 1.002181e+01 2.038060e+00
      vertex   6.938956e+01 1.019710e+01 2.038060e+00
      vertex   6.932748e+01 1.004724e+01 2.146447e+00
    endloop
  endfacet
  facet normal 1.098411e-01 5.522086e-01 8.264385e-01
    outer loop
      vertex   6.908010e+01 1.009645e+01 2.146447e+00
      vertex   6.932748e+01 1.004724e+01 2.146447e+00
      vertex   6.938956e+01 1.019710e+01 2.038060e+00
    endloop
  endfacet
  facet normal 1.098411e-01 5.522086e-01 8.264385e-01
    outer loop
      vertex   6.938956e+01 1.019710e+01 2.038060e+00
      vertex   6.908010e+01 1.025866e+01 2.038060e+00
      vertex   6.908010e+01 1.009645e+01 2.146447e+00
    endloop
  endfacet
  facet normal 1.949436e-01 3.877669e-02 9.800476e-01
    outer loop
      vertex   6.982720e+01 9.759460e+00 2.038060e+00
      vertex   6.988875e+01 9.450000e+00 2.038060e+00
      vertex   7.008010e+01 9.450000e+00 2.000000e+00
    endloop
  endfacet
  facet normal 1.949436e-01 3.877669e-02 9.800476e-01
    outer loop
      vertex   7.008010e+01 9.450000e+00 2.000000e+00
      vertex   7.000398e+01 9.832683e+00 2.000000e+00
      vertex   6.982720e+01 9.759460e+00 2.038060e+00
    endloop
  endfacet
  facet normal 1.652652e-01 1.104267e-01 9.800476e-01
    outer loop
      vertex   6.965190e+01 1.002181e+01 2.038060e+00
      vertex   6.982720e+01 9.759460e+00 2.038060e+00
      vertex   7.000398e+01 9.832683e+00 2.000000e+00
    endloop
  endfacet
  facet normal 1.652652e-01 1.104267e-01 9.800476e-01
    outer loop
      vertex   7.000398e+01 9.832683e+00 2.000000e+00
      vertex   6.978720e+01 1.015711e+01 2.000000e+00
      vertex   6.965190e+01 1.002181e+01 2.038060e+00
    endloop
  endfacet
  facet normal 1.104267e-01 1.652652e-01 9.800476e-01
    outer loop
      vertex   6.938956e+01 1.019710e+01 2.038060e+00
      vertex   6.965190e+01 1.002181e+01 2.038060e+00
      vertex   6.978720e+01 1.015711e+01 2.000000e+00
    endloop
  endfacet
  facet normal 1.104267e-01 1.652652e-01 9.800476e-01
    outer loop
      vertex   6.978720e+01 1.015711e+01 2.000000e+00
      vertex   6.946278e+01 1.037388e+01 2.000000e+00
      vertex   6.938956e+01 1.019710e+01 2.038060e+00
    endloop
  endfacet
  facet normal 3.877669e-02 1.949436e-01 9.800476e-01
    outer loop
      vertex   6.908010e+01 1.025866e+01 2.038060e+00
      vertex   6.938956e+01 1.019710e+01 2.038060e+00
      vertex   6.946278e+01 1.037388e+01 2.000000e+00
    endloop
  endfacet
  facet normal 3.877669e-02 1.949436e-01 9.800476e-01
    outer loop
      vertex   6.946278e+01 1.037388e+01 2.000000e+00
      vertex   6.908010e+01 1.045000e+01 2.000000e+00
      vertex   6.908010e+01 1.025866e+01 2.038060e+00
    endloop
  endfacet
  facet normal -1.000000e+00 0.000000e+00 0.000000e+00
    outer loop
      vertex   6.658010e+01 7.450000e+00 2.500000e+00
      vertex   6.658010e+01 7.450000e+00 7.000000e+00
      vertex   6.658010e+01 9.450000e+00 7.000000e+00
    endloop
  endfacet
  facet normal -1.000000e+00 0.000000e+00 -0.000000e+00
    outer loop
      vertex   6.658010e+01 9.450000e+00 7.000000e+00
      vertex   6.658010e+01 9.450000e+00 2.500000e+00
      vertex   6.658010e+01 7.450000e+00 2.500000e+00
    endloop
  endfacet
  facet normal -9.626372e-01 -1.914805e-01 1.914805e-01
    outer loop
      vertex   6.661816e+01 7.258658e+00 2.500000e+00
      vertex   6.658010e+01 7.450000e+00 2.500000e+00
      vertex   6.654204e+01 7.450000e+00 2.308658e+00
    endloop
  endfacet
  facet normal -9.626372e-01 -1.914805e-01 1.914805e-01
    outer loop
      vertex   6.654204e+01 7.450000e+00 2.308658e+00
      vertex   6.658299e+01 7.244093e+00 2.308658e+00
      vertex   6.661816e+01 7.258658e+00 2.500000e+00
    endloop
  endfacet
  facet normal -8.160845e-01 -5.452902e-01 1.914805e-01
    outer loop
      vertex   6.672654e+01 7.096447e+00 2.500000e+00
      vertex   6.661816e+01 7.258658e+00 2.500000e+00
      vertex   6.658299e+01 7.244093e+00 2.308658e+00
    endloop
  endfacet
  facet normal -8.160845e-01 -5.452902e-01 1.914805e-01
    outer loop
      vertex   6.658299e+01 7.244093e+00 2.308658e+00
      vertex   6.669963e+01 7.069534e+00 2.308658e+00
      vertex   6.672654e+01 7.096447e+00 2.500000e+00
    endloop
  endfacet
  facet normal -5.452902e-01 -8.160845e-01 1.914805e-01
    outer loop
      vertex   6.688875e+01 6.988060e+00 2.500000e+00
      vertex   6.672654e+01 7.096447e+00 2.500000e+00
      vertex   6.669963e+01 7.069534e+00 2.308658e+00
    endloop
  endfacet
  facet normal -5.452902e-01 -8.160845e-01 1.914805e-01
    outer loop
      vertex   6.669963e+01 7.069534e+00 2.308658e+00
      vertex   6.687419e+01 6.952897e+00 2.308658e+00
      vertex   6.688875e+01 6.988060e+00 2.500000e+00
    endloop
  endfacet
  facet normal -1.914805e-01 -9.626372e-01 1.914805e-01
    outer loop
      vertex   6.708010e+01 6.950000e+00 2.500000e+00
      vertex   6.688875e+01 6.988060e+00 2.500000e+00
      vertex   6.687419e+01 6.952897e+00 2.308658e+00
    endloop
  endfacet
  facet normal -1.914805e-01 -9.626372e-01 1.914805e-01
    outer loop
      vertex   6.687419e+01 6.952897e+00 2.308658e+00
      vertex   6.708010e+01 6.911940e+00 2.308658e+00
      vertex   6.708010e+01 6.950000e+00 2.500000e+00
    endloop
  endfacet
  facet normal -8.203258e-01 -1.631730e-01 5.481242e-01
    outer loop
      vertex   6.658299e+01 7.244093e+00 2.308658e+00
      vertex   6.654204e+01 7.450000e+00 2.308658e+00
      vertex   6.643365e+01 7.450000e+00 2.146447e+00
    endloop
  endfacet
  facet normal -8.203258e-01 -1.631730e-01 5.481242e-01
    outer loop
      vertex   6.643365e+01 7.450000e+00 2.146447e+00
      vertex   6.648286e+01 7.202616e+00 2.146447e+00
      vertex   6.658299e+01 7.244093e+00 2.308658e+00
    endloop
  endfacet
  facet normal -6.954387e-01 -4.646773e-01 5.481242e-01
    outer loop
      vertex   6.669963e+01 7.069534e+00 2.308658e+00
      vertex   6.658299e+01 7.244093e+00 2.308658e+00
      vertex   6.648286e+01 7.202616e+00 2.146447e+00
    endloop
  endfacet
  facet normal -6.954387e-01 -4.646773e-01 5.481242e-01
    outer loop
      vertex   6.648286e+01 7.202616e+00 2.146447e+00
      vertex   6.662299e+01 6.992893e+00 2.146447e+00
      vertex   6.669963e+01 7.069534e+00 2.308658e+00
    endloop
  endfacet
  facet normal -4.646773e-01 -6.954387e-01 5.481242e-01
    outer loop
      vertex   6.687419e+01 6.952897e+00 2.308658e+00
      vertex   6.669963e+01 7.069534e+00 2.308658e+00
      vertex   6.662299e+01 6.992893e+00 2.146447e+00
    endloop
  endfacet
  facet normal -4.646773e-01 -6.954387e-01 5.481242e-01
    outer loop
      vertex   6.662299e+01 6.992893e+00 2.146447e+00
      vertex   6.683271e+01 6.852761e+00 2.146447e+00
      vertex   6.687419e+01 6.952897e+00 2.308658e+00
    endloop
  endfacet
  facet normal -1.631730e-01 -8.203258e-01 5.481242e-01
    outer loop
      vertex   6.708010e+01 6.911940e+00 2.308658e+00
      vertex   6.687419e+01 6.952897e+00 2.308658e+00
      vertex   6.683271e+01 6.852761e+00 2.146447e+00
    endloop
  endfacet
  facet normal -1.631730e-01 -8.203258e-01 5.481242e-01
    outer loop
      vertex   6.683271e+01 6.852761e+00 2.146447e+00
      vertex   6.708010e+01 6.803553e+00 2.146447e+00
      vertex   6.708010e+01 6.911940e+00 2.308658e+00
    endloop
  endfacet
  facet normal -5.522086e-01 -1.098411e-01 8.264385e-01
    outer loop
      vertex   6.648286e+01 7.202616e+00 2.146447e+00
      vertex   6.643365e+01 7.450000e+00 2.146447e+00
      vertex   6.627144e+01 7.450000e+00 2.038060e+00
    endloop
  endfacet
  facet normal -5.522086e-01 -1.098411e-01 8.264385e-01
    outer loop
      vertex   6.627144e+01 7.450000e+00 2.038060e+00
      vertex   6.633299e+01 7.140540e+00 2.038060e+00
      vertex   6.648286e+01 7.202616e+00 2.146447e+00
    endloop
  endfacet
  facet normal -4.681398e-01 -3.128010e-01 8.264385e-01
    outer loop
      vertex   6.662299e+01 6.992893e+00 2.146447e+00
      vertex   6.648286e+01 7.202616e+00 2.146447e+00
      vertex   6.633299e+01 7.140540e+00 2.038060e+00
    endloop
  endfacet
  facet normal -4.681398e-01 -3.128010e-01 8.264385e-01
    outer loop
      vertex   6.633299e+01 7.140540e+00 2.038060e+00
      vertex   6.650829e+01 6.878192e+00 2.038060e+00
      vertex   6.662299e+01 6.992893e+00 2.146447e+00
    endloop
  endfacet
  facet normal -3.128010e-01 -4.681398e-01 8.264385e-01
    outer loop
      vertex   6.683271e+01 6.852761e+00 2.146447e+00
      vertex   6.662299e+01 6.992893e+00 2.146447e+00
      vertex   6.650829e+01 6.878192e+00 2.038060e+00
    endloop
  endfacet
  facet normal -3.128010e-01 -4.681398e-01 8.264385e-01
    outer loop
      vertex   6.650829e+01 6.878192e+00 2.038060e+00
      vertex   6.677064e+01 6.702897e+00 2.038060e+00
      vertex   6.683271e+01 6.852761e+00 2.146447e+00
    endloop
  endfacet
  facet normal -1.098411e-01 -5.522086e-01 8.264385e-01
    outer loop
      vertex   6.708010e+01 6.803553e+00 2.146447e+00
      vertex   6.683271e+01 6.852761e+00 2.146447e+00
      vertex   6.677064e+01 6.702897e+00 2.038060e+00
    endloop
  endfacet
  facet normal -1.098411e-01 -5.522086e-01 8.264385e-01
    outer loop
      vertex   6.677064e+01 6.702897e+00 2.038060e+00
      vertex   6.708010e+01 6.641342e+00 2.038060e+00
      vertex   6.708010e+01 6.803553e+00 2.146447e+00
    endloop
  endfacet
  facet normal -1.949436e-01 -3.877669e-02 9.800476e-01
    outer loop
      vertex   6.633299e+01 7.140540e+00 2.038060e+00
      vertex   6.627144e+01 7.450000e+00 2.038060e+00
      vertex   6.608010e+01 7.450000e+00 2.000000e+00
    endloop
  endfacet
  facet normal -1.949436e-01 -3.877669e-02 9.800476e-01
    outer loop
      vertex   6.608010e+01 7.450000e+00 2.000000e+00
      vertex   6.615622e+01 7.067317e+00 2.000000e+00
      vertex   6.633299e+01 7.140540e+00 2.038060e+00
    endloop
  endfacet
  facet normal -1.652652e-01 -1.104267e-01 9.800476e-01
    outer loop
      vertex   6.650829e+01 6.878192e+00 2.038060e+00
      vertex   6.633299e+01 7.140540e+00 2.038060e+00
      vertex   6.615622e+01 7.067317e+00 2.000000e+00
    endloop
  endfacet
  facet normal -1.652652e-01 -1.104267e-01 9.800476e-01
    outer loop
      vertex   6.615622e+01 7.067317e+00 2.000000e+00
      vertex   6.637299e+01 6.742893e+00 2.000000e+00
      vertex   6.650829e+01 6.878192e+00 2.038060e+00
    endloop
  endfacet
  facet normal -1.104267e-01 -1.652652e-01 9.800476e-01
    outer loop
      vertex   6.677064e+01 6.702897e+00 2.038060e+00
      vertex   6.650829e+01 6.878192e+00 2.038060e+00
      vertex   6.637299e+01 6.742893e+00 2.000000e+00
    endloop
  endfacet
  facet normal -1.104267e-01 -1.652652e-01 9.800476e-01
    outer loop
      vertex   6.637299e+01 6.742893e+00 2.000000e+00
      vertex   6.669741e+01 6.526120e+00 2.000000e+00
      vertex   6.677064e+01 6.702897e+00 2.038060e+00
    endloop
  endfacet
  facet normal -3.877669e-02 -1.949436e-01 9.800476e-01
    outer loop
      vertex   6.708010e+01 6.641342e+00 2.038060e+00
      vertex   6.677064e+01 6.702897e+00 2.038060e+00
      vertex   6.669741e+01 6.526120e+00 2.000000e+00
    endloop
  endfacet
  facet normal -3.877669e-02 -1.949436e-01 9.800476e-01
    outer loop
      vertex   6.669741e+01 6.526120e+00 2.000000e+00
      vertex   6.708010e+01 6.450000e+00 2.000000e+00
      vertex   6.708010e+01 6.641342e+00 2.038060e+00
    endloop
  endfacet
  facet normal 9.807853e-01 1.950903e-01 0.000000e+00
    outer loop
      vertex   6.958010e+01 9.450000e+00 7.000000e+00
      vertex   6.958010e+01 9.450000e+00 2.500000e+00
      vertex   6.954204e+01 9.641342e+00 2.500000e+00
    endloop
  endfacet
  facet normal 9.807853e-01 1.950903e-01 -7.520617e-17
    outer loop
      vertex   6.954204e+01 9.641342e+00 2.500000e+00
      vertex   6.954204e+01 9.641342e+00 7.000000e+00
      vertex   6.958010e+01 9.450000e+00 7.000000e+00
    endloop
  endfacet
  facet normal 8.314696e-01 5.555702e-01 -2.141691e-16
    outer loop
      vertex   6.954204e+01 9.641342e+00 7.000000e+00
      vertex   6.954204e+01 9.641342e+00 2.500000e+00
      vertex   6.943365e+01 9.803553e+00 2.500000e+00
    endloop
  endfacet
  facet normal 8.314696e-01 5.555702e-01 -0.000000e+00
    outer loop
      vertex   6.943365e+01 9.803553e+00 2.500000e+00
      vertex   6.943365e+01 9.803553e+00 7.000000e+00
      vertex   6.954204e+01 9.641342e+00 7.000000e+00
    endloop
  endfacet
  facet normal 5.555702e-01 8.314696e-01 0.000000e+00
    outer loop
      vertex   6.943365e+01 9.803553e+00 7.000000e+00
      vertex   6.943365e+01 9.803553e+00 2.500000e+00
      vertex   6.927144e+01 9.911940e+00 2.500000e+00
    endloop
  endfacet
  facet normal 5.555702e-01 8.314696e-01 -3.205266e-16
    outer loop
      vertex   6.927144e+01 9.911940e+00 2.500000e+00
      vertex   6.927144e+01 9.911940e+00 7.000000e+00
      vertex   6.943365e+01 9.803553e+00 7.000000e+00
    endloop
  endfacet
  facet normal 1.950903e-01 9.807853e-01 -3.780869e-16
    outer loop
      vertex   6.927144e+01 9.911940e+00 7.000000e+00
      vertex   6.927144e+01 9.911940e+00 2.500000e+00
      vertex   6.908010e+01 9.950000e+00 2.500000e+00
    endloop
  endfacet
  facet normal 1.950903e-01 9.807853e-01 -0.000000e+00
    outer loop
      vertex   6.908010e+01 9.950000e+00 2.500000e+00
      vertex   6.908010e+01 9.950000e+00 7.000000e+00
      vertex   6.927144e+01 9.911940e+00 7.000000e+00
    endloop
  endfacet
  facet normal 1.950903e-01 3.485914e-18 9.807853e-01
    outer loop
      vertex   6.988875e+01 7.450000e+00 2.038060e+00
      vertex   7.008010e+01 7.450000e+00 2.000000e+00
      vertex   7.008010e+01 9.450000e+00 2.000000e+00
    endloop
  endfacet
  facet normal 1.950903e-01 1.359506e-16 9.807853e-01
    outer loop
      vertex   7.008010e+01 9.450000e+00 2.000000e+00
      vertex   6.988875e+01 9.450000e+00 2.038060e+00
      vertex   6.988875e+01 7.450000e+00 2.038060e+00
    endloop
  endfacet
  facet normal 5.555702e-01 -2.593520e-15 8.314696e-01
    outer loop
      vertex   6.972654e+01 7.450000e+00 2.146447e+00
      vertex   6.988875e+01 7.450000e+00 2.038060e+00
      vertex   6.988875e+01 9.450000e+00 2.038060e+00
    endloop
  endfacet
  facet normal 5.555702e-01 1.087605e-15 8.314696e-01
    outer loop
      vertex   6.988875e+01 9.450000e+00 2.038060e+00
      vertex   6.972654e+01 9.450000e+00 2.146447e+00
      vertex   6.972654e+01 7.450000e+00 2.146447e+00
    endloop
  endfacet
  facet normal 8.314696e-01 7.250701e-16 5.555702e-01
    outer loop
      vertex   6.961816e+01 7.450000e+00 2.308658e+00
      vertex   6.972654e+01 7.450000e+00 2.146447e+00
      vertex   6.972654e+01 9.450000e+00 2.146447e+00
    endloop
  endfacet
  facet normal 8.314696e-01 9.690841e-16 5.555702e-01
    outer loop
      vertex   6.972654e+01 9.450000e+00 2.146447e+00
      vertex   6.961816e+01 9.450000e+00 2.308658e+00
      vertex   6.961816e+01 7.450000e+00 2.308658e+00
    endloop
  endfacet
  facet normal 9.807853e-01 3.381336e-16 1.950903e-01
    outer loop
      vertex   6.958010e+01 7.450000e+00 2.500000e+00
      vertex   6.961816e+01 7.450000e+00 2.308658e+00
      vertex   6.961816e+01 9.450000e+00 2.308658e+00
    endloop
  endfacet
  facet normal 9.807853e-01 0.000000e+00 1.950903e-01
    outer loop
      vertex   6.961816e+01 9.450000e+00 2.308658e+00
      vertex   6.958010e+01 9.450000e+00 2.500000e+00
      vertex   6.958010e+01 7.450000e+00 2.500000e+00
    endloop
  endfacet
  facet normal 1.000000e+00 0.000000e+00 0.000000e+00
    outer loop
      vertex   6.958010e+01 7.450000e+00 7.000000e+00
      vertex   6.958010e+01 7.450000e+00 2.500000e+00
      vertex   6.958010e+01 9.450000e+00 2.500000e+00
    endloop
  endfacet
  facet normal 1.000000e+00 0.000000e+00 -0.000000e+00
    outer loop
      vertex   6.958010e+01 9.450000e+00 2.500000e+00
      vertex   6.958010e+01 9.450000e+00 7.000000e+00
      vertex   6.958010e+01 7.450000e+00 7.000000e+00
    endloop
  endfacet
  facet normal 1.914805e-01 -9.626372e-01 1.914805e-01
    outer loop
      vertex   6.927144e+01 6.988060e+00 2.500000e+00
      vertex   6.908010e+01 6.950000e+00 2.500000e+00
      vertex   6.908010e+01 6.911940e+00 2.308658e+00
    endloop
  endfacet
  facet normal 1.914805e-01 -9.626372e-01 1.914805e-01
    outer loop
      vertex   6.908010e+01 6.911940e+00 2.308658e+00
      vertex   6.928600e+01 6.952897e+00 2.308658e+00
      vertex   6.927144e+01 6.988060e+00 2.500000e+00
    endloop
  endfacet
  facet normal 5.452902e-01 -8.160845e-01 1.914805e-01
    outer loop
      vertex   6.943365e+01 7.096447e+00 2.500000e+00
      vertex   6.927144e+01 6.988060e+00 2.500000e+00
      vertex   6.928600e+01 6.952897e+00 2.308658e+00
    endloop
  endfacet
  facet normal 5.452902e-01 -8.160845e-01 1.914805e-01
    outer loop
      vertex   6.928600e+01 6.952897e+00 2.308658e+00
      vertex   6.946056e+01 7.069534e+00 2.308658e+00
      vertex   6.943365e+01 7.096447e+00 2.500000e+00
    endloop
  endfacet
  facet normal 8.160845e-01 -5.452902e-01 1.914805e-01
    outer loop
      vertex   6.954204e+01 7.258658e+00 2.500000e+00
      vertex   6.943365e+01 7.096447e+00 2.500000e+00
      vertex   6.946056e+01 7.069534e+00 2.308658e+00
    endloop
  endfacet
  facet normal 8.160845e-01 -5.452902e-01 1.914805e-01
    outer loop
      vertex   6.946056e+01 7.069534e+00 2.308658e+00
      vertex   6.957720e+01 7.244093e+00 2.308658e+00
      vertex   6.954204e+01 7.258658e+00 2.500000e+00
    endloop
  endfacet
  facet normal 9.626372e-01 -1.914805e-01 1.914805e-01
    outer loop
      vertex   6.958010e+01 7.450000e+00 2.500000e+00
      vertex   6.954204e+01 7.258658e+00 2.500000e+00
      vertex   6.957720e+01 7.244093e+00 2.308658e+00
    endloop
  endfacet
  facet normal 9.626372e-01 -1.914805e-01 1.914805e-01
    outer loop
      vertex   6.957720e+01 7.244093e+00 2.308658e+00
      vertex   6.961816e+01 7.450000e+00 2.308658e+00
      vertex   6.958010e+01 7.450000e+00 2.500000e+00
    endloop
  endfacet
  facet normal 1.631730e-01 -8.203258e-01 5.481242e-01
    outer loop
      vertex   6.928600e+01 6.952897e+00 2.308658e+00
      vertex   6.908010e+01 6.911940e+00 2.308658e+00
      vertex   6.908010e+01 6.803553e+00 2.146447e+00
    endloop
  endfacet
  facet normal 1.631730e-01 -8.203258e-01 5.481242e-01
    outer loop
      vertex   6.908010e+01 6.803553e+00 2.146447e+00
      vertex   6.932748e+01 6.852761e+00 2.146447e+00
      vertex   6.928600e+01 6.952897e+00 2.308658e+00
    endloop
  endfacet
  facet normal 4.646773e-01 -6.954387e-01 5.481242e-01
    outer loop
      vertex   6.946056e+01 7.069534e+00 2.308658e+00
      vertex   6.928600e+01 6.952897e+00 2.308658e+00
      vertex   6.932748e+01 6.852761e+00 2.146447e+00
    endloop
  endfacet
  facet normal 4.646773e-01 -6.954387e-01 5.481242e-01
    outer loop
      vertex   6.932748e+01 6.852761e+00 2.146447e+00
      vertex   6.953720e+01 6.992893e+00 2.146447e+00
      vertex   6.946056e+01 7.069534e+00 2.308658e+00
    endloop
  endfacet
  facet normal 6.954387e-01 -4.646773e-01 5.481242e-01
    outer loop
      vertex   6.957720e+01 7.244093e+00 2.308658e+00
      vertex   6.946056e+01 7.069534e+00 2.308658e+00
      vertex   6.953720e+01 6.992893e+00 2.146447e+00
    endloop
  endfacet
  facet normal 6.954387e-01 -4.646773e-01 5.481242e-01
    outer loop
      vertex   6.953720e+01 6.992893e+00 2.146447e+00
      vertex   6.967734e+01 7.202616e+00 2.146447e+00
      vertex   6.957720e+01 7.244093e+00 2.308658e+00
    endloop
  endfacet
  facet normal 8.203258e-01 -1.631730e-01 5.481242e-01
    outer loop
      vertex   6.961816e+01 7.450000e+00 2.308658e+00
      vertex   6.957720e+01 7.244093e+00 2.308658e+00
      vertex   6.967734e+01 7.202616e+00 2.146447e+00
    endloop
  endfacet
  facet normal 8.203258e-01 -1.631730e-01 5.481242e-01
    outer loop
      vertex   6.967734e+01 7.202616e+00 2.146447e+00
      vertex   6.972654e+01 7.450000e+00 2.146447e+00
      vertex   6.961816e+01 7.450000e+00 2.308658e+00
    endloop
  endfacet
  facet normal 1.098411e-01 -5.522086e-01 8.264385e-01
    outer loop
      vertex   6.932748e+01 6.852761e+00 2.146447e+00
      vertex   6.908010e+01 6.803553e+00 2.146447e+00
      vertex   6.908010e+01 6.641342e+00 2.038060e+00
    endloop
  endfacet
  facet normal 1.098411e-01 -5.522086e-01 8.264385e-01
    outer loop
      vertex   6.908010e+01 6.641342e+00 2.038060e+00
      vertex   6.938956e+01 6.702897e+00 2.038060e+00
      vertex   6.932748e+01 6.852761e+00 2.146447e+00
    endloop
  endfacet
  facet normal 3.128010e-01 -4.681398e-01 8.264385e-01
    outer loop
      vertex   6.953720e+01 6.992893e+00 2.146447e+00
      vertex   6.932748e+01 6.852761e+00 2.146447e+00
      vertex   6.938956e+01 6.702897e+00 2.038060e+00
    endloop
  endfacet
  facet normal 3.128010e-01 -4.681398e-01 8.264385e-01
    outer loop
      vertex   6.938956e+01 6.702897e+00 2.038060e+00
      vertex   6.965190e+01 6.878192e+00 2.038060e+00
      vertex   6.953720e+01 6.992893e+00 2.146447e+00
    endloop
  endfacet
  facet normal 4.681398e-01 -3.128010e-01 8.264385e-01
    outer loop
      vertex   6.967734e+01 7.202616e+00 2.146447e+00
      vertex   6.953720e+01 6.992893e+00 2.146447e+00
      vertex   6.965190e+01 6.878192e+00 2.038060e+00
    endloop
  endfacet
  facet normal 4.681398e-01 -3.128010e-01 8.264385e-01
    outer loop
      vertex   6.965190e+01 6.878192e+00 2.038060e+00
      vertex   6.982720e+01 7.140540e+00 2.038060e+00
      vertex   6.967734e+01 7.202616e+00 2.146447e+00
    endloop
  endfacet
  facet normal 5.522086e-01 -1.098411e-01 8.264385e-01
    outer loop
      vertex   6.972654e+01 7.450000e+00 2.146447e+00
      vertex   6.967734e+01 7.202616e+00 2.146447e+00
      vertex   6.982720e+01 7.140540e+00 2.038060e+00
    endloop
  endfacet
  facet normal 5.522086e-01 -1.098411e-01 8.264385e-01
    outer loop
      vertex   6.982720e+01 7.140540e+00 2.038060e+00
      vertex   6.988875e+01 7.450000e+00 2.038060e+00
      vertex   6.972654e+01 7.450000e+00 2.146447e+00
    endloop
  endfacet
  facet normal 3.877669e-02 -1.949436e-01 9.800476e-01
    outer loop
      vertex   6.938956e+01 6.702897e+00 2.038060e+00
      vertex   6.908010e+01 6.641342e+00 2.038060e+00
      vertex   6.908010e+01 6.450000e+00 2.000000e+00
    endloop
  endfacet
  facet normal 3.877669e-02 -1.949436e-01 9.800476e-01
    outer loop
      vertex   6.908010e+01 6.450000e+00 2.000000e+00
      vertex   6.946278e+01 6.526120e+00 2.000000e+00
      vertex   6.938956e+01 6.702897e+00 2.038060e+00
    endloop
  endfacet
  facet normal 1.104267e-01 -1.652652e-01 9.800476e-01
    outer loop
      vertex   6.965190e+01 6.878192e+00 2.038060e+00
      vertex   6.938956e+01 6.702897e+00 2.038060e+00
      vertex   6.946278e+01 6.526120e+00 2.000000e+00
    endloop
  endfacet
  facet normal 1.104267e-01 -1.652652e-01 9.800476e-01
    outer loop
      vertex   6.946278e+01 6.526120e+00 2.000000e+00
      vertex   6.978720e+01 6.742893e+00 2.000000e+00
      vertex   6.965190e+01 6.878192e+00 2.038060e+00
    endloop
  endfacet
  facet normal 1.652652e-01 -1.104267e-01 9.800476e-01
    outer loop
      vertex   6.982720e+01 7.140540e+00 2.038060e+00
      vertex   6.965190e+01 6.878192e+00 2.038060e+00
      vertex   6.978720e+01 6.742893e+00 2.000000e+00
    endloop
  endfacet
  facet normal 1.652652e-01 -1.104267e-01 9.800476e-01
    outer loop
      vertex   6.978720e+01 6.742893e+00 2.000000e+00
      vertex   7.000398e+01 7.067317e+00 2.000000e+00
      vertex   6.982720e+01 7.140540e+00 2.038060e+00
    endloop
  endfacet
  facet normal 1.949436e-01 -3.877669e-02 9.800476e-01
    outer loop
      vertex   6.988875e+01 7.450000e+00 2.038060e+00
      vertex   6.982720e+01 7.140540e+00 2.038060e+00
      vertex   7.000398e+01 7.067317e+00 2.000000e+00
    endloop
  endfacet
  facet normal 1.949436e-01 -3.877669e-02 9.800476e-01
    outer loop
      vertex   7.000398e+01 7.067317e+00 2.000000e+00
      vertex   7.008010e+01 7.450000e+00 2.000000e+00
      vertex   6.988875e+01 7.450000e+00 2.038060e+00
    endloop
  endfacet
  facet normal -9.807853e-01 -1.950903e-01 -0.000000e+00
    outer loop
      vertex   6.658010e+01 7.450000e+00 7.000000e+00
      vertex   6.658010e+01 7.450000e+00 2.500000e+00
      vertex   6.661816e+01 7.258658e+00 2.500000e+00
    endloop
  endfacet
  facet normal -9.807853e-01 -1.950903e-01 -7.520617e-17
    outer loop
      vertex   6.661816e+01 7.258658e+00 2.500000e+00
      vertex   6.661816e+01 7.258658e+00 7.000000e+00
      vertex   6.658010e+01 7.450000e+00 7.000000e+00
    endloop
  endfacet
  facet normal -8.314696e-01 -5.555702e-01 -2.141691e-16
    outer loop
      vertex   6.661816e+01 7.258658e+00 7.000000e+00
      vertex   6.661816e+01 7.258658e+00 2.500000e+00
      vertex   6.672654e+01 7.096447e+00 2.500000e+00
    endloop
  endfacet
  facet normal -8.314696e-01 -5.555702e-01 0.000000e+00
    outer loop
      vertex   6.672654e+01 7.096447e+00 2.500000e+00
      vertex   6.672654e+01 7.096447e+00 7.000000e+00
      vertex   6.661816e+01 7.258658e+00 7.000000e+00
    endloop
  endfacet
  facet normal -5.555702e-01 -8.314696e-01 -0.000000e+00
    outer loop
      vertex   6.672654e+01 7.096447e+00 7.000000e+00
      vertex   6.672654e+01 7.096447e+00 2.500000e+00
      vertex   6.688875e+01 6.988060e+00 2.500000e+00
    endloop
  endfacet
  facet normal -5.555702e-01 -8.314696e-01 -1.602633e-16
    outer loop
      vertex   6.688875e+01 6.988060e+00 2.500000e+00
      vertex   6.688875e+01 6.988060e+00 7.000000e+00
      vertex   6.672654e+01 7.096447e+00 7.000000e+00
    endloop
  endfacet
  facet normal -1.950903e-01 -9.807853e-01 -1.890435e-16
    outer loop
      vertex   6.688875e+01 6.988060e+00 7.000000e+00
      vertex   6.688875e+01 6.988060e+00 2.500000e+00
      vertex   6.708010e+01 6.950000e+00 2.500000e+00
    endloop
  endfacet
  facet normal -1.950903e-01 -9.807853e-01 0.000000e+00
    outer loop
      vertex   6.708010e+01 6.950000e+00 2.500000e+00
      vertex   6.708010e+01 6.950000e+00 7.000000e+00
      vertex   6.688875e+01 6.988060e+00 7.000000e+00
    endloop
  endfacet
  facet normal 0.000000e+00 -1.000000e+00 0.000000e+00
    outer loop
      vertex   6.908010e+01 6.950000e+00 2.500000e+00
      vertex   6.908010e+01 6.950000e+00 7.000000e+00
      vertex   6.708010e+01 6.950000e+00 7.000000e+00
    endloop
  endfacet
  facet normal 0.000000e+00 -1.000000e+00 0.000000e+00
    outer loop
      vertex   6.708010e+01 6.950000e+00 7.000000e+00
      vertex   6.708010e+01 6.950000e+00 2.500000e+00
      vertex   6.908010e+01 6.950000e+00 2.500000e+00
    endloop
  endfacet
  facet normal 0.000000e+00 -1.950903e-01 9.807853e-01
    outer loop
      vertex   6.708010e+01 6.641342e+00 2.038060e+00
      vertex   6.708010e+01 6.450000e+00 2.000000e+00
      vertex   6.908010e+01 6.450000e+00 2.000000e+00
    endloop
  endfacet
  facet normal -8.087320e-16 -1.950903e-01 9.807853e-01
    outer loop
      vertex   6.908010e+01 6.450000e+00 2.000000e+00
      vertex   6.908010e+01 6.641342e+00 2.038060e+00
      vertex   6.708010e+01 6.641342e+00 2.038060e+00
    endloop
  endfacet
  facet normal 6.553518e-16 -5.555702e-01 8.314696e-01
    outer loop
      vertex   6.708010e+01 6.803553e+00 2.146447e+00
      vertex   6.708010e+01 6.641342e+00 2.038060e+00
      vertex   6.908010e+01 6.641342e+00 2.038060e+00
    endloop
  endfacet
  facet normal -3.625350e-16 -5.555702e-01 8.314696e-01
    outer loop
      vertex   6.908010e+01 6.641342e+00 2.038060e+00
      vertex   6.908010e+01 6.803553e+00 2.146447e+00
      vertex   6.708010e+01 6.803553e+00 2.146447e+00
    endloop
  endfacet
  facet normal 3.625350e-16 -8.314696e-01 5.555702e-01
    outer loop
      vertex   6.708010e+01 6.911940e+00 2.308658e+00
      vertex   6.708010e+01 6.803553e+00 2.146447e+00
      vertex   6.908010e+01 6.803553e+00 2.146447e+00
    endloop
  endfacet
  facet normal -2.440140e-16 -8.314696e-01 5.555702e-01
    outer loop
      vertex   6.908010e+01 6.803553e+00 2.146447e+00
      vertex   6.908010e+01 6.911940e+00 2.308658e+00
      vertex   6.708010e+01 6.911940e+00 2.308658e+00
    endloop
  endfacet
  facet normal 5.159153e-16 -9.807853e-01 1.950903e-01
    outer loop
      vertex   6.708010e+01 6.950000e+00 2.500000e+00
      vertex   6.708010e+01 6.911940e+00 2.308658e+00
      vertex   6.908010e+01 6.911940e+00 2.308658e+00
    endloop
  endfacet
  facet normal 0.000000e+00 -9.807853e-01 1.950903e-01
    outer loop
      vertex   6.908010e+01 6.911940e+00 2.308658e+00
      vertex   6.908010e+01 6.950000e+00 2.500000e+00
      vertex   6.708010e+01 6.950000e+00 2.500000e+00
    endloop
  endfacet
  facet normal 1.950903e-01 -9.807853e-01 0.000000e+00
    outer loop
      vertex   6.908010e+01 6.950000e+00 7.000000e+00
      vertex   6.908010e+01 6.950000e+00 2.500000e+00
      vertex   6.927144e+01 6.988060e+00 2.500000e+00
    endloop
  endfacet
  facet normal 1.950903e-01 -9.807853e-01 -1.890435e-16
    outer loop
      vertex   6.927144e+01 6.988060e+00 2.500000e+00
      vertex   6.927144e+01 6.988060e+00 7.000000e+00
      vertex   6.908010e+01 6.950000e+00 7.000000e+00
    endloop
  endfacet
  facet normal 5.555702e-01 -8.314696e-01 -1.602633e-16
    outer loop
      vertex   6.927144e+01 6.988060e+00 7.000000e+00
      vertex   6.927144e+01 6.988060e+00 2.500000e+00
      vertex   6.943365e+01 7.096447e+00 2.500000e+00
    endloop
  endfacet
  facet normal 5.555702e-01 -8.314696e-01 0.000000e+00
    outer loop
      vertex   6.943365e+01 7.096447e+00 2.500000e+00
      vertex   6.943365e+01 7.096447e+00 7.000000e+00
      vertex   6.927144e+01 6.988060e+00 7.000000e+00
    endloop
  endfacet
  facet normal 8.314696e-01 -5.555702e-01 0.000000e+00
    outer loop
      vertex   6.943365e+01 7.096447e+00 7.000000e+00
      vertex   6.943365e+01 7.096447e+00 2.500000e+00
      vertex   6.954204e+01 7.258658e+00 2.500000e+00
    endloop
  endfacet
  facet normal 8.314696e-01 -5.555702e-01 -3.212536e-16
    outer loop
      vertex   6.954204e+01 7.258658e+00 2.500000e+00
      vertex   6.954204e+01 7.258658e+00 7.000000e+00
      vertex   6.943365e+01 7.096447e+00 7.000000e+00
    endloop
  endfacet
  facet normal 9.807853e-01 -1.950903e-01 -1.128093e-16
    outer loop
      vertex   6.954204e+01 7.258658e+00 7.000000e+00
      vertex   6.954204e+01 7.258658e+00 2.500000e+00
      vertex   6.958010e+01 7.450000e+00 2.500000e+00
    endloop
  endfacet
  facet normal 9.807853e-01 -1.950903e-01 0.000000e+00
    outer loop
      vertex   6.958010e+01 7.450000e+00 2.500000e+00
      vertex   6.958010e+01 7.450000e+00 7.000000e+00
      vertex   6.954204e+01 7.258658e+00 7.000000e+00
    endloop
  endfacet
  facet normal 0.000000e+00 0.000000e+00 1.000000e+00
    outer loop
      vertex   6.746286e+01 8.023951e+00 7.000000e+00
      vertex   6.733556e+01 8.359597e+00 7.000000e+00
      vertex   6.658010e+01 7.450000e+00 7.000000e+00
    endloop
  endfacet
  facet normal 0.000000e+00 0.000000e+00 1.000000e+00
    outer loop
      vertex   6.658010e+01 9.450000e+00 7.000000e+00
      vertex   6.658010e+01 7.450000e+00 7.000000e+00
      vertex   6.733556e+01 8.359597e+00 7.000000e+00
    endloop
  endfacet
  facet normal 0.000000e+00 -0.000000e+00 1.000000e+00
    outer loop
      vertex   6.733556e+01 8.359597e+00 7.000000e+00
      vertex   6.737883e+01 8.715954e+00 7.000000e+00
      vertex   6.658010e+01 9.450000e+00 7.000000e+00
    endloop
  endfacet
  facet normal 0.000000e+00 0.000000e+00 1.000000e+00
    outer loop
      vertex   6.661816e+01 9.641342e+00 7.000000e+00
      vertex   6.658010e+01 9.450000e+00 7.000000e+00
      vertex   6.737883e+01 8.715954e+00 7.000000e+00
    endloop
  endfacet
  facet normal 0.000000e+00 -0.000000e+00 1.000000e+00
    outer loop
      vertex   6.737883e+01 8.715954e+00 7.000000e+00
      vertex   6.758275e+01 9.011383e+00 7.000000e+00
      vertex   6.661816e+01 9.641342e+00 7.000000e+00
    endloop
  endfacet
  facet normal 0.000000e+00 0.000000e+00 1.000000e+00
    outer loop
      vertex   6.672654e+01 9.803553e+00 7.000000e+00
      vertex   6.661816e+01 9.641342e+00 7.000000e+00
      vertex   6.758275e+01 9.011383e+00 7.000000e+00
    endloop
  endfacet
  facet normal 0.000000e+00 0.000000e+00 1.000000e+00
    outer loop
      vertex   6.954204e+01 9.641342e+00 7.000000e+00
      vertex   6.943365e+01 9.803553e+00 7.000000e+00
      vertex   6.927144e+01 9.911940e+00 7.000000e+00
    endloop
  endfacet
  facet normal 0.000000e+00 -0.000000e+00 1.000000e+00
    outer loop
      vertex   6.954204e+01 7.258658e+00 7.000000e+00
      vertex   6.958010e+01 7.450000e+00 7.000000e+00
      vertex   6.869733e+01 8.023951e+00 7.000000e+00
    endloop
  endfacet
  facet normal 0.000000e+00 0.000000e+00 1.000000e+00
    outer loop
      vertex   6.869733e+01 8.023951e+00 7.000000e+00
      vertex   6.842864e+01 7.785908e+00 7.000000e+00
      vertex   6.954204e+01 7.258658e+00 7.000000e+00
    endloop
  endfacet
  facet normal 0.000000e+00 0.000000e+00 1.000000e+00
    outer loop
      vertex   6.773155e+01 7.785908e+00 7.000000e+00
      vertex   6.746286e+01 8.023951e+00 7.000000e+00
      vertex   6.658010e+01 7.450000e+00 7.000000e+00
    endloop
  endfacet
  facet normal -0.000000e+00 0.000000e+00 1.000000e+00
    outer loop
      vertex   6.658010e+01 7.450000e+00 7.000000e+00
      vertex   6.661816e+01 7.258658e+00 7.000000e+00
      vertex   6.773155e+01 7.785908e+00 7.000000e+00
    endloop
  endfacet
  facet normal 0.000000e+00 0.000000e+00 1.000000e+00
    outer loop
      vertex   6.773155e+01 7.785908e+00 7.000000e+00
      vertex   6.661816e+01 7.258658e+00 7.000000e+00
      vertex   6.672654e+01 7.096447e+00 7.000000e+00
    endloop
  endfacet
  facet normal -0.000000e+00 0.000000e+00 1.000000e+00
    outer loop
      vertex   6.857744e+01 9.011383e+00 7.000000e+00
      vertex   6.878136e+01 8.715954e+00 7.000000e+00
      vertex   6.958010e+01 9.450000e+00 7.000000e+00
    endloop
  endfacet
  facet normal -0.000000e+00 0.000000e+00 1.000000e+00
    outer loop
      vertex   6.878136e+01 8.715954e+00 7.000000e+00
      vertex   6.883010e+01 8.450000e+00 7.000000e+00
      vertex   6.958010e+01 9.450000e+00 7.000000e+00
    endloop
  endfacet
  facet normal 0.000000e+00 -0.000000e+00 1.000000e+00
    outer loop
      vertex   6.958010e+01 7.450000e+00 7.000000e+00
      vertex   6.958010e+01 9.450000e+00 7.000000e+00
      vertex   6.883010e+01 8.450000e+00 7.000000e+00
    endloop
  endfacet
  facet normal 0.000000e+00 0.000000e+00 1.000000e+00
    outer loop
      vertex   6.883010e+01 8.450000e+00 7.000000e+00
      vertex   6.882463e+01 8.359597e+00 7.000000e+00
      vertex   6.958010e+01 7.450000e+00 7.000000e+00
    endloop
  endfacet
  facet normal 0.000000e+00 0.000000e+00 1.000000e+00
    outer loop
      vertex   6.882463e+01 8.359597e+00 7.000000e+00
      vertex   6.869733e+01 8.023951e+00 7.000000e+00
      vertex   6.958010e+01 7.450000e+00 7.000000e+00
    endloop
  endfacet
  facet normal 0.000000e+00 0.000000e+00 1.000000e+00
    outer loop
      vertex   6.927144e+01 6.988060e+00 7.000000e+00
      vertex   6.943365e+01 7.096447e+00 7.000000e+00
      vertex   6.954204e+01 7.258658e+00 7.000000e+00
    endloop
  endfacet
  facet normal 0.000000e+00 0.000000e+00 1.000000e+00
    outer loop
      vertex   6.954204e+01 7.258658e+00 7.000000e+00
      vertex   6.842864e+01 7.785908e+00 7.000000e+00
      vertex   6.927144e+01 6.988060e+00 7.000000e+00
    endloop
  endfacet
  facet normal 0.000000e+00 0.000000e+00 1.000000e+00
    outer loop
      vertex   6.842864e+01 7.785908e+00 7.000000e+00
      vertex   6.908010e+01 6.950000e+00 7.000000e+00
      vertex   6.927144e+01 6.988060e+00 7.000000e+00
    endloop
  endfacet
  facet normal 0.000000e+00 0.000000e+00 1.000000e+00
    outer loop
      vertex   6.842864e+01 7.785908e+00 7.000000e+00
      vertex   6.808010e+01 7.700000e+00 7.000000e+00
      vertex   6.908010e+01 6.950000e+00 7.000000e+00
    endloop
  endfacet
  facet normal 0.000000e+00 0.000000e+00 1.000000e+00
    outer loop
      vertex   6.708010e+01 6.950000e+00 7.000000e+00
      vertex   6.908010e+01 6.950000e+00 7.000000e+00
      vertex   6.808010e+01 7.700000e+00 7.000000e+00
    endloop
  endfacet
  facet normal 0.000000e+00 0.000000e+00 1.000000e+00
    outer loop
      vertex   6.808010e+01 7.700000e+00 7.000000e+00
      vertex   6.773155e+01 7.785908e+00 7.000000e+00
      vertex   6.708010e+01 6.950000e+00 7.000000e+00
    endloop
  endfacet
  facet normal -0.000000e+00 0.000000e+00 1.000000e+00
    outer loop
      vertex   6.688875e+01 6.988060e+00 7.000000e+00
      vertex   6.708010e+01 6.950000e+00 7.000000e+00
      vertex   6.773155e+01 7.785908e+00 7.000000e+00
    endloop
  endfacet
  facet normal -0.000000e+00 0.000000e+00 1.000000e+00
    outer loop
      vertex   6.672654e+01 7.096447e+00 7.000000e+00
      vertex   6.688875e+01 6.988060e+00 7.000000e+00
      vertex   6.773155e+01 7.785908e+00 7.000000e+00
    endloop
  endfacet
  facet normal 0.000000e+00 0.000000e+00 1.000000e+00
    outer loop
      vertex   6.958010e+01 9.450000e+00 7.000000e+00
      vertex   6.954204e+01 9.641342e+00 7.000000e+00
      vertex   6.857744e+01 9.011383e+00 7.000000e+00
    endloop
  endfacet
  facet normal 0.000000e+00 0.000000e+00 1.000000e+00
    outer loop
      vertex   6.927144e+01 9.911940e+00 7.000000e+00
      vertex   6.857744e+01 9.011383e+00 7.000000e+00
      vertex   6.954204e+01 9.641342e+00 7.000000e+00
    endloop
  endfacet
  facet normal -0.000000e+00 0.000000e+00 1.000000e+00
    outer loop
      vertex   6.825958e+01 9.178206e+00 7.000000e+00
      vertex   6.857744e+01 9.011383e+00 7.000000e+00
      vertex   6.927144e+01 9.911940e+00 7.000000e+00
    endloop
  endfacet
  facet normal 0.000000e+00 0.000000e+00 1.000000e+00
    outer loop
      vertex   6.927144e+01 9.911940e+00 7.000000e+00
      vertex   6.908010e+01 9.950000e+00 7.000000e+00
      vertex   6.825958e+01 9.178206e+00 7.000000e+00
    endloop
  endfacet
  facet normal 0.000000e+00 0.000000e+00 1.000000e+00
    outer loop
      vertex   6.790061e+01 9.178206e+00 7.000000e+00
      vertex   6.825958e+01 9.178206e+00 7.000000e+00
      vertex   6.908010e+01 9.950000e+00 7.000000e+00
    endloop
  endfacet
  facet normal 0.000000e+00 0.000000e+00 1.000000e+00
    outer loop
      vertex   6.908010e+01 9.950000e+00 7.000000e+00
      vertex   6.708010e+01 9.950000e+00 7.000000e+00
      vertex   6.790061e+01 9.178206e+00 7.000000e+00
    endloop
  endfacet
  facet normal 0.000000e+00 -0.000000e+00 1.000000e+00
    outer loop
      vertex   6.758275e+01 9.011383e+00 7.000000e+00
      vertex   6.790061e+01 9.178206e+00 7.000000e+00
      vertex   6.708010e+01 9.950000e+00 7.000000e+00
    endloop
  endfacet
  facet normal 0.000000e+00 0.000000e+00 1.000000e+00
    outer loop
      vertex   6.708010e+01 9.950000e+00 7.000000e+00
      vertex   6.688875e+01 9.911940e+00 7.000000e+00
      vertex   6.758275e+01 9.011383e+00 7.000000e+00
    endloop
  endfacet
  facet normal 0.000000e+00 0.000000e+00 1.000000e+00
    outer loop
      vertex   6.758275e+01 9.011383e+00 7.000000e+00
      vertex   6.688875e+01 9.911940e+00 7.000000e+00
      vertex   6.672654e+01 9.803553e+00 7.000000e+00
    endloop
  endfacet
  facet normal -9.350162e-01 3.546049e-01 0.000000e+00
    outer loop
      vertex   2.639733e+01 2.532395e+01 7.000000e+00
      vertex   2.652463e+01 2.565960e+01 7.000000e+00
      vertex   2.652463e+01 2.565960e+01 4.000000e+00
    endloop
  endfacet
  facet normal -9.981756e-01 6.037850e-02 0.000000e+00
    outer loop
      vertex   2.652463e+01 2.565960e+01 4.000000e+00
      vertex   2.652463e+01 2.565960e+01 7.000000e+00
      vertex   2.653010e+01 2.575000e+01 7.000000e+00
    endloop
  endfacet
  facet normal -9.926942e-01 -1.205349e-01 5.441684e-03
    outer loop
      vertex   2.648136e+01 2.601595e+01 4.000000e+00
      vertex   2.652463e+01 2.565960e+01 4.000000e+00
      vertex   2.653010e+01 2.575000e+01 7.000000e+00
    endloop
  endfacet
  facet normal -9.836199e-01 -1.802550e-01 0.000000e+00
    outer loop
      vertex   2.653010e+01 2.575000e+01 7.000000e+00
      vertex   2.648136e+01 2.601595e+01 7.000000e+00
      vertex   2.648136e+01 2.601595e+01 4.000000e+00
    endloop
  endfacet
  facet normal -8.229839e-01 -5.680647e-01 6.988393e-18
    outer loop
      vertex   2.627744e+01 2.631138e+01 4.000000e+00
      vertex   2.648136e+01 2.601595e+01 4.000000e+00
      vertex   2.648136e+01 2.601595e+01 7.000000e+00
    endloop
  endfacet
  facet normal -8.229839e-01 -5.680647e-01 6.988393e-18
    outer loop
      vertex   2.648136e+01 2.601595e+01 7.000000e+00
      vertex   2.627744e+01 2.631138e+01 7.000000e+00
      vertex   2.627744e+01 2.631138e+01 4.000000e+00
    endloop
  endfacet
  facet normal -4.647232e-01 -8.854560e-01 0.000000e+00
    outer loop
      vertex   2.595958e+01 2.647821e+01 4.000000e+00
      vertex   2.627744e+01 2.631138e+01 4.000000e+00
      vertex   2.627744e+01 2.631138e+01 7.000000e+00
    endloop
  endfacet
  facet normal -4.647232e-01 -8.854560e-01 0.000000e+00
    outer loop
      vertex   2.627744e+01 2.631138e+01 7.000000e+00
      vertex   2.595958e+01 2.647821e+01 7.000000e+00
      vertex   2.595958e+01 2.647821e+01 4.000000e+00
    endloop
  endfacet
  facet normal 0.000000e+00 -1.000000e+00 0.000000e+00
    outer loop
      vertex   2.560061e+01 2.647821e+01 4.000000e+00
      vertex   2.595958e+01 2.647821e+01 4.000000e+00
      vertex   2.595958e+01 2.647821e+01 7.000000e+00
    endloop
  endfacet
  facet normal -0.000000e+00 -1.000000e+00 0.000000e+00
    outer loop
      vertex   2.595958e+01 2.647821e+01 7.000000e+00
      vertex   2.560061e+01 2.647821e+01 7.000000e+00
      vertex   2.560061e+01 2.647821e+01 4.000000e+00
    endloop
  endfacet
  facet normal 4.647232e-01 -8.854560e-01 -6.988393e-18
    outer loop
      vertex   2.528275e+01 2.631138e+01 4.000000e+00
      vertex   2.560061e+01 2.647821e+01 4.000000e+00
      vertex   2.560061e+01 2.647821e+01 7.000000e+00
    endloop
  endfacet
  facet normal 4.647232e-01 -8.854560e-01 -6.988393e-18
    outer loop
      vertex   2.560061e+01 2.647821e+01 7.000000e+00
      vertex   2.528275e+01 2.631138e+01 7.000000e+00
      vertex   2.528275e+01 2.631138e+01 4.000000e+00
    endloop
  endfacet
  facet normal 8.229839e-01 -5.680647e-01 -6.988393e-18
    outer loop
      vertex   2.507883e+01 2.601595e+01 4.000000e+00
      vertex   2.528275e+01 2.631138e+01 4.000000e+00
      vertex   2.528275e+01 2.631138e+01 7.000000e+00
    endloop
  endfacet
  facet normal 8.229839e-01 -5.680647e-01 -6.988393e-18
    outer loop
      vertex   2.528275e+01 2.631138e+01 7.000000e+00
      vertex   2.507883e+01 2.601595e+01 7.000000e+00
      vertex   2.507883e+01 2.601595e+01 4.000000e+00
    endloop
  endfacet
  facet normal 9.927089e-01 -1.205367e-01 0.000000e+00
    outer loop
      vertex   2.503556e+01 2.565960e+01 4.000000e+00
      vertex   2.507883e+01 2.601595e+01 4.000000e+00
      vertex   2.507883e+01 2.601595e+01 7.000000e+00
    endloop
  endfacet
  facet normal 9.927089e-01 -1.205367e-01 0.000000e+00
    outer loop
      vertex   2.507883e+01 2.601595e+01 7.000000e+00
      vertex   2.503556e+01 2.565960e+01 7.000000e+00
      vertex   2.503556e+01 2.565960e+01 4.000000e+00
    endloop
  endfacet
  facet normal 9.350162e-01 3.546049e-01 0.000000e+00
    outer loop
      vertex   2.516286e+01 2.532395e+01 4.000000e+00
      vertex   2.503556e+01 2.565960e+01 4.000000e+00
      vertex   2.503556e+01 2.565960e+01 7.000000e+00
    endloop
  endfacet
  facet normal 9.350162e-01 3.546049e-01 0.000000e+00
    outer loop
      vertex   2.503556e+01 2.565960e+01 7.000000e+00
      vertex   2.516286e+01 2.532395e+01 7.000000e+00
      vertex   2.516286e+01 2.532395e+01 4.000000e+00
    endloop
  endfacet
  facet normal 6.631227e-01 7.485107e-01 0.000000e+00
    outer loop
      vertex   2.543155e+01 2.508591e+01 4.000000e+00
      vertex   2.516286e+01 2.532395e+01 4.000000e+00
      vertex   2.516286e+01 2.532395e+01 7.000000e+00
    endloop
  endfacet
  facet normal 6.631227e-01 7.485107e-01 0.000000e+00
    outer loop
      vertex   2.516286e+01 2.532395e+01 7.000000e+00
      vertex   2.543155e+01 2.508591e+01 7.000000e+00
      vertex   2.543155e+01 2.508591e+01 4.000000e+00
    endloop
  endfacet
  facet normal 2.393157e-01 9.709418e-01 0.000000e+00
    outer loop
      vertex   2.578010e+01 2.500000e+01 4.000000e+00
      vertex   2.543155e+01 2.508591e+01 4.000000e+00
      vertex   2.543155e+01 2.508591e+01 7.000000e+00
    endloop
  endfacet
  facet normal 2.393157e-01 9.709418e-01 0.000000e+00
    outer loop
      vertex   2.543155e+01 2.508591e+01 7.000000e+00
      vertex   2.578010e+01 2.500000e+01 7.000000e+00
      vertex   2.578010e+01 2.500000e+01 4.000000e+00
    endloop
  endfacet
  facet normal -2.393157e-01 9.709418e-01 0.000000e+00
    outer loop
      vertex   2.612864e+01 2.508591e+01 4.000000e+00
      vertex   2.578010e+01 2.500000e+01 4.000000e+00
      vertex   2.578010e+01 2.500000e+01 7.000000e+00
    endloop
  endfacet
  facet normal -2.393157e-01 9.709418e-01 0.000000e+00
    outer loop
      vertex   2.578010e+01 2.500000e+01 7.000000e+00
      vertex   2.612864e+01 2.508591e+01 7.000000e+00
      vertex   2.612864e+01 2.508591e+01 4.000000e+00
    endloop
  endfacet
  facet normal -6.631227e-01 7.485107e-01 0.000000e+00
    outer loop
      vertex   2.639733e+01 2.532395e+01 4.000000e+00
      vertex   2.612864e+01 2.508591e+01 4.000000e+00
      vertex   2.612864e+01 2.508591e+01 7.000000e+00
    endloop
  endfacet
  facet normal -6.631227e-01 7.485107e-01 0.000000e+00
    outer loop
      vertex   2.612864e+01 2.508591e+01 7.000000e+00
      vertex   2.639733e+01 2.532395e+01 7.000000e+00
      vertex   2.639733e+01 2.532395e+01 4.000000e+00
    endloop
  endfacet
  facet normal -9.350162e-01 3.546049e-01 0.000000e+00
    outer loop
      vertex   2.652463e+01 2.565960e+01 4.000000e+00
      vertex   2.639733e+01 2.532395e+01 4.000000e+00
      vertex   2.639733e+01 2.532395e+01 7.000000e+00
    endloop
  endfacet
  facet normal 0.000000e+00 0.000000e+00 1.000000e+00
    outer loop
      vertex   2.578010e+01 2.500000e+01 4.000000e+00
      vertex   2.612864e+01 2.508591e+01 4.000000e+00
      vertex   2.578010e+01 2.575000e+01 4.000000e+00
    endloop
  endfacet
  facet normal -0.000000e+00 0.000000e+00 1.000000e+00
    outer loop
      vertex   2.503556e+01 2.565960e+01 4.000000e+00
      vertex   2.516286e+01 2.532395e+01 4.000000e+00
      vertex   2.578010e+01 2.575000e+01 4.000000e+00
    endloop
  endfacet
  facet normal -0.000000e+00 0.000000e+00 1.000000e+00
    outer loop
      vertex   2.516286e+01 2.532395e+01 4.000000e+00
      vertex   2.543155e+01 2.508591e+01 4.000000e+00
      vertex   2.578010e+01 2.575000e+01 4.000000e+00
    endloop
  endfacet
  facet normal -0.000000e+00 0.000000e+00 1.000000e+00
    outer loop
      vertex   2.543155e+01 2.508591e+01 4.000000e+00
      vertex   2.578010e+01 2.500000e+01 4.000000e+00
      vertex   2.578010e+01 2.575000e+01 4.000000e+00
    endloop
  endfacet
  facet normal 0.000000e+00 0.000000e+00 1.000000e+00
    outer loop
      vertex   2.560061e+01 2.647821e+01 4.000000e+00
      vertex   2.528275e+01 2.631138e+01 4.000000e+00
      vertex   2.578010e+01 2.575000e+01 4.000000e+00
    endloop
  endfacet
  facet normal 0.000000e+00 0.000000e+00 1.000000e+00
    outer loop
      vertex   2.528275e+01 2.631138e+01 4.000000e+00
      vertex   2.507883e+01 2.601595e+01 4.000000e+00
      vertex   2.578010e+01 2.575000e+01 4.000000e+00
    endloop
  endfacet
  facet normal 0.000000e+00 0.000000e+00 1.000000e+00
    outer loop
      vertex   2.507883e+01 2.601595e+01 4.000000e+00
      vertex   2.503556e+01 2.565960e+01 4.000000e+00
      vertex   2.578010e+01 2.575000e+01 4.000000e+00
    endloop
  endfacet
  facet normal 0.000000e+00 0.000000e+00 1.000000e+00
    outer loop
      vertex   2.648136e+01 2.601595e+01 4.000000e+00
      vertex   2.627744e+01 2.631138e+01 4.000000e+00
      vertex   2.578010e+01 2.575000e+01 4.000000e+00
    endloop
  endfacet
  facet normal 0.000000e+00 0.000000e+00 1.000000e+00
    outer loop
      vertex   2.627744e+01 2.631138e+01 4.000000e+00
      vertex   2.595958e+01 2.647821e+01 4.000000e+00
      vertex   2.578010e+01 2.575000e+01 4.000000e+00
    endloop
  endfacet
  facet normal 0.000000e+00 0.000000e+00 1.000000e+00
    outer loop
      vertex   2.595958e+01 2.647821e+01 4.000000e+00
      vertex   2.560061e+01 2.647821e+01 4.000000e+00
      vertex   2.578010e+01 2.575000e+01 4.000000e+00
    endloop
  endfacet
  facet normal 0.000000e+00 0.000000e+00 1.000000e+00
    outer loop
      vertex   2.578010e+01 2.575000e+01 4.000000e+00
      vertex   2.612864e+01 2.508591e+01 4.000000e+00
      vertex   2.639733e+01 2.532395e+01 4.000000e+00
    endloop
  endfacet
  facet normal 0.000000e+00 -0.000000e+00 1.000000e+00
    outer loop
      vertex   2.639733e+01 2.532395e+01 4.000000e+00
      vertex   2.652463e+01 2.565960e+01 4.000000e+00
      vertex   2.578010e+01 2.575000e+01 4.000000e+00
    endloop
  endfacet
  facet normal 0.000000e+00 0.000000e+00 1.000000e+00
    outer loop
      vertex   2.652463e+01 2.565960e+01 4.000000e+00
      vertex   2.648136e+01 2.601595e+01 4.000000e+00
      vertex   2.578010e+01 2.575000e+01 4.000000e+00
    endloop
  endfacet
  facet normal -9.350162e-01 3.546049e-01 0.000000e+00
    outer loop
      vertex   6.869733e+01 2.532395e+01 7.000000e+00
      vertex   6.882463e+01 2.565960e+01 7.000000e+00
      vertex   6.882463e+01 2.565960e+01 4.000000e+00
    endloop
  endfacet
  facet normal -9.981756e-01 6.037850e-02 0.000000e+00
    outer loop
      vertex   6.882463e+01 2.565960e+01 4.000000e+00
      vertex   6.882463e+01 2.565960e+01 7.000000e+00
      vertex   6.883010e+01 2.575000e+01 7.000000e+00
    endloop
  endfacet
  facet normal -9.926942e-01 -1.205349e-01 5.441684e-03
    outer loop
      vertex   6.878136e+01 2.601595e+01 4.000000e+00
      vertex   6.882463e+01 2.565960e+01 4.000000e+00
      vertex   6.883010e+01 2.575000e+01 7.000000e+00
    endloop
  endfacet
  facet normal -9.836199e-01 -1.802550e-01 3.483510e-18
    outer loop
      vertex   6.883010e+01 2.575000e+01 7.000000e+00
      vertex   6.878136e+01 2.601595e+01 7.000000e+00
      vertex   6.878136e+01 2.601595e+01 4.000000e+00
    endloop
  endfacet
  facet normal -8.229839e-01 -5.680647e-01 0.000000e+00
    outer loop
      vertex   6.857744e+01 2.631138e+01 4.000000e+00
      vertex   6.878136e+01 2.601595e+01 4.000000e+00
      vertex   6.878136e+01 2.601595e+01 7.000000e+00
    endloop
  endfacet
  facet normal -8.229839e-01 -5.680647e-01 0.000000e+00
    outer loop
      vertex   6.878136e+01 2.601595e+01 7.000000e+00
      vertex   6.857744e+01 2.631138e+01 7.000000e+00
      vertex   6.857744e+01 2.631138e+01 4.000000e+00
    endloop
  endfacet
  facet normal -4.647232e-01 -8.854560e-01 0.000000e+00
    outer loop
      vertex   6.825958e+01 2.647821e+01 4.000000e+00
      vertex   6.857744e+01 2.631138e+01 4.000000e+00
      vertex   6.857744e+01 2.631138e+01 7.000000e+00
    endloop
  endfacet
  facet normal -4.647232e-01 -8.854560e-01 0.000000e+00
    outer loop
      vertex   6.857744e+01 2.631138e+01 7.000000e+00
      vertex   6.825958e+01 2.647821e+01 7.000000e+00
      vertex   6.825958e+01 2.647821e+01 4.000000e+00
    endloop
  endfacet
  facet normal 0.000000e+00 -1.000000e+00 0.000000e+00
    outer loop
      vertex   6.790061e+01 2.647821e+01 4.000000e+00
      vertex   6.825958e+01 2.647821e+01 4.000000e+00
      vertex   6.825958e+01 2.647821e+01 7.000000e+00
    endloop
  endfacet
  facet normal -0.000000e+00 -1.000000e+00 0.000000e+00
    outer loop
      vertex   6.825958e+01 2.647821e+01 7.000000e+00
      vertex   6.790061e+01 2.647821e+01 7.000000e+00
      vertex   6.790061e+01 2.647821e+01 4.000000e+00
    endloop
  endfacet
  facet normal 4.647232e-01 -8.854560e-01 0.000000e+00
    outer loop
      vertex   6.758275e+01 2.631138e+01 4.000000e+00
      vertex   6.790061e+01 2.647821e+01 4.000000e+00
      vertex   6.790061e+01 2.647821e+01 7.000000e+00
    endloop
  endfacet
  facet normal 4.647232e-01 -8.854560e-01 0.000000e+00
    outer loop
      vertex   6.790061e+01 2.647821e+01 7.000000e+00
      vertex   6.758275e+01 2.631138e+01 7.000000e+00
      vertex   6.758275e+01 2.631138e+01 4.000000e+00
    endloop
  endfacet
  facet normal 8.229839e-01 -5.680647e-01 0.000000e+00
    outer loop
      vertex   6.737883e+01 2.601595e+01 4.000000e+00
      vertex   6.758275e+01 2.631138e+01 4.000000e+00
      vertex   6.758275e+01 2.631138e+01 7.000000e+00
    endloop
  endfacet
  facet normal 8.229839e-01 -5.680647e-01 0.000000e+00
    outer loop
      vertex   6.758275e+01 2.631138e+01 7.000000e+00
      vertex   6.737883e+01 2.601595e+01 7.000000e+00
      vertex   6.737883e+01 2.601595e+01 4.000000e+00
    endloop
  endfacet
  facet normal 9.927089e-01 -1.205367e-01 0.000000e+00
    outer loop
      vertex   6.733556e+01 2.565960e+01 4.000000e+00
      vertex   6.737883e+01 2.601595e+01 4.000000e+00
      vertex   6.737883e+01 2.601595e+01 7.000000e+00
    endloop
  endfacet
  facet normal 9.927089e-01 -1.205367e-01 0.000000e+00
    outer loop
      vertex   6.737883e+01 2.601595e+01 7.000000e+00
      vertex   6.733556e+01 2.565960e+01 7.000000e+00
      vertex   6.733556e+01 2.565960e+01 4.000000e+00
    endloop
  endfacet
  facet normal 9.350162e-01 3.546049e-01 0.000000e+00
    outer loop
      vertex   6.746286e+01 2.532395e+01 4.000000e+00
      vertex   6.733556e+01 2.565960e+01 4.000000e+00
      vertex   6.733556e+01 2.565960e+01 7.000000e+00
    endloop
  endfacet
  facet normal 9.350162e-01 3.546049e-01 0.000000e+00
    outer loop
      vertex   6.733556e+01 2.565960e+01 7.000000e+00
      vertex   6.746286e+01 2.532395e+01 7.000000e+00
      vertex   6.746286e+01 2.532395e+01 4.000000e+00
    endloop
  endfacet
  facet normal 6.631227e-01 7.485107e-01 0.000000e+00
    outer loop
      vertex   6.773155e+01 2.508591e+01 4.000000e+00
      vertex   6.746286e+01 2.532395e+01 4.000000e+00
      vertex   6.746286e+01 2.532395e+01 7.000000e+00
    endloop
  endfacet
  facet normal 6.631227e-01 7.485107e-01 0.000000e+00
    outer loop
      vertex   6.746286e+01 2.532395e+01 7.000000e+00
      vertex   6.773155e+01 2.508591e+01 7.000000e+00
      vertex   6.773155e+01 2.508591e+01 4.000000e+00
    endloop
  endfacet
  facet normal 2.393157e-01 9.709418e-01 0.000000e+00
    outer loop
      vertex   6.808010e+01 2.500000e+01 4.000000e+00
      vertex   6.773155e+01 2.508591e+01 4.000000e+00
      vertex   6.773155e+01 2.508591e+01 7.000000e+00
    endloop
  endfacet
  facet normal 2.393157e-01 9.709418e-01 0.000000e+00
    outer loop
      vertex   6.773155e+01 2.508591e+01 7.000000e+00
      vertex   6.808010e+01 2.500000e+01 7.000000e+00
      vertex   6.808010e+01 2.500000e+01 4.000000e+00
    endloop
  endfacet
  facet normal -2.393157e-01 9.709418e-01 0.000000e+00
    outer loop
      vertex   6.842864e+01 2.508591e+01 4.000000e+00
      vertex   6.808010e+01 2.500000e+01 4.000000e+00
      vertex   6.808010e+01 2.500000e+01 7.000000e+00
    endloop
  endfacet
  facet normal -2.393157e-01 9.709418e-01 0.000000e+00
    outer loop
      vertex   6.808010e+01 2.500000e+01 7.000000e+00
      vertex   6.842864e+01 2.508591e+01 7.000000e+00
      vertex   6.842864e+01 2.508591e+01 4.000000e+00
    endloop
  endfacet
  facet normal -6.631227e-01 7.485107e-01 0.000000e+00
    outer loop
      vertex   6.869733e+01 2.532395e+01 4.000000e+00
      vertex   6.842864e+01 2.508591e+01 4.000000e+00
      vertex   6.842864e+01 2.508591e+01 7.000000e+00
    endloop
  endfacet
  facet normal -6.631227e-01 7.485107e-01 0.000000e+00
    outer loop
      vertex   6.842864e+01 2.508591e+01 7.000000e+00
      vertex   6.869733e+01 2.532395e+01 7.000000e+00
      vertex   6.869733e+01 2.532395e+01 4.000000e+00
    endloop
  endfacet
  facet normal -9.350162e-01 3.546049e-01 0.000000e+00
    outer loop
      vertex   6.882463e+01 2.565960e+01 4.000000e+00
      vertex   6.869733e+01 2.532395e+01 4.000000e+00
      vertex   6.869733e+01 2.532395e+01 7.000000e+00
    endloop
  endfacet
  facet normal 0.000000e+00 0.000000e+00 1.000000e+00
    outer loop
      vertex   6.808010e+01 2.500000e+01 4.000000e+00
      vertex   6.842864e+01 2.508591e+01 4.000000e+00
      vertex   6.808010e+01 2.575000e+01 4.000000e+00
    endloop
  endfacet
  facet normal -0.000000e+00 0.000000e+00 1.000000e+00
    outer loop
      vertex   6.733556e+01 2.565960e+01 4.000000e+00
      vertex   6.746286e+01 2.532395e+01 4.000000e+00
      vertex   6.808010e+01 2.575000e+01 4.000000e+00
    endloop
  endfacet
  facet normal -0.000000e+00 0.000000e+00 1.000000e+00
    outer loop
      vertex   6.746286e+01 2.532395e+01 4.000000e+00
      vertex   6.773155e+01 2.508591e+01 4.000000e+00
      vertex   6.808010e+01 2.575000e+01 4.000000e+00
    endloop
  endfacet
  facet normal -0.000000e+00 0.000000e+00 1.000000e+00
    outer loop
      vertex   6.773155e+01 2.508591e+01 4.000000e+00
      vertex   6.808010e+01 2.500000e+01 4.000000e+00
      vertex   6.808010e+01 2.575000e+01 4.000000e+00
    endloop
  endfacet
  facet normal 0.000000e+00 0.000000e+00 1.000000e+00
    outer loop
      vertex   6.790061e+01 2.647821e+01 4.000000e+00
      vertex   6.758275e+01 2.631138e+01 4.000000e+00
      vertex   6.808010e+01 2.575000e+01 4.000000e+00
    endloop
  endfacet
  facet normal 0.000000e+00 0.000000e+00 1.000000e+00
    outer loop
      vertex   6.758275e+01 2.631138e+01 4.000000e+00
      vertex   6.737883e+01 2.601595e+01 4.000000e+00
      vertex   6.808010e+01 2.575000e+01 4.000000e+00
    endloop
  endfacet
  facet normal 0.000000e+00 0.000000e+00 1.000000e+00
    outer loop
      vertex   6.737883e+01 2.601595e+01 4.000000e+00
      vertex   6.733556e+01 2.565960e+01 4.000000e+00
      vertex   6.808010e+01 2.575000e+01 4.000000e+00
    endloop
  endfacet
  facet normal 0.000000e+00 0.000000e+00 1.000000e+00
    outer loop
      vertex   6.878136e+01 2.601595e+01 4.000000e+00
      vertex   6.857744e+01 2.631138e+01 4.000000e+00
      vertex   6.808010e+01 2.575000e+01 4.000000e+00
    endloop
  endfacet
  facet normal 0.000000e+00 0.000000e+00 1.000000e+00
    outer loop
      vertex   6.857744e+01 2.631138e+01 4.000000e+00
      vertex   6.825958e+01 2.647821e+01 4.000000e+00
      vertex   6.808010e+01 2.575000e+01 4.000000e+00
    endloop
  endfacet
  facet normal 0.000000e+00 0.000000e+00 1.000000e+00
    outer loop
      vertex   6.825958e+01 2.647821e+01 4.000000e+00
      vertex   6.790061e+01 2.647821e+01 4.000000e+00
      vertex   6.808010e+01 2.575000e+01 4.000000e+00
    endloop
  endfacet
  facet normal 0.000000e+00 0.000000e+00 1.000000e+00
    outer loop
      vertex   6.808010e+01 2.575000e+01 4.000000e+00
      vertex   6.842864e+01 2.508591e+01 4.000000e+00
      vertex   6.869733e+01 2.532395e+01 4.000000e+00
    endloop
  endfacet
  facet normal 0.000000e+00 -0.000000e+00 1.000000e+00
    outer loop
      vertex   6.869733e+01 2.532395e+01 4.000000e+00
      vertex   6.882463e+01 2.565960e+01 4.000000e+00
      vertex   6.808010e+01 2.575000e+01 4.000000e+00
    endloop
  endfacet
  facet normal 0.000000e+00 0.000000e+00 1.000000e+00
    outer loop
      vertex   6.882463e+01 2.565960e+01 4.000000e+00
      vertex   6.878136e+01 2.601595e+01 4.000000e+00
      vertex   6.808010e+01 2.575000e+01 4.000000e+00
    endloop
  endfacet
  facet normal -9.350162e-01 3.546049e-01 0.000000e+00
    outer loop
      vertex   6.869733e+01 8.023951e+00 7.000000e+00
      vertex   6.882463e+01 8.359597e+00 7.000000e+00
      vertex   6.882463e+01 8.359597e+00 4.000000e+00
    endloop
  endfacet
  facet normal -9.981756e-01 6.037850e-02 0.000000e+00
    outer loop
      vertex   6.882463e+01 8.359597e+00 4.000000e+00
      vertex   6.882463e+01 8.359597e+00 7.000000e+00
      vertex   6.883010e+01 8.450000e+00 7.000000e+00
    endloop
  endfacet
  facet normal -9.926942e-01 -1.205349e-01 5.441684e-03
    outer loop
      vertex   6.878136e+01 8.715954e+00 4.000000e+00
      vertex   6.882463e+01 8.359597e+00 4.000000e+00
      vertex   6.883010e+01 8.450000e+00 7.000000e+00
    endloop
  endfacet
  facet normal -9.836199e-01 -1.802550e-01 0.000000e+00
    outer loop
      vertex   6.883010e+01 8.450000e+00 7.000000e+00
      vertex   6.878136e+01 8.715954e+00 7.000000e+00
      vertex   6.878136e+01 8.715954e+00 4.000000e+00
    endloop
  endfacet
  facet normal -8.229839e-01 -5.680647e-01 6.988393e-18
    outer loop
      vertex   6.857744e+01 9.011383e+00 4.000000e+00
      vertex   6.878136e+01 8.715954e+00 4.000000e+00
      vertex   6.878136e+01 8.715954e+00 7.000000e+00
    endloop
  endfacet
  facet normal -8.229839e-01 -5.680647e-01 6.988393e-18
    outer loop
      vertex   6.878136e+01 8.715954e+00 7.000000e+00
      vertex   6.857744e+01 9.011383e+00 7.000000e+00
      vertex   6.857744e+01 9.011383e+00 4.000000e+00
    endloop
  endfacet
  facet normal -4.647232e-01 -8.854560e-01 0.000000e+00
    outer loop
      vertex   6.825958e+01 9.178206e+00 4.000000e+00
      vertex   6.857744e+01 9.011383e+00 4.000000e+00
      vertex   6.857744e+01 9.011383e+00 7.000000e+00
    endloop
  endfacet
  facet normal -4.647232e-01 -8.854560e-01 0.000000e+00
    outer loop
      vertex   6.857744e+01 9.011383e+00 7.000000e+00
      vertex   6.825958e+01 9.178206e+00 7.000000e+00
      vertex   6.825958e+01 9.178206e+00 4.000000e+00
    endloop
  endfacet
  facet normal 0.000000e+00 -1.000000e+00 0.000000e+00
    outer loop
      vertex   6.790061e+01 9.178206e+00 4.000000e+00
      vertex   6.825958e+01 9.178206e+00 4.000000e+00
      vertex   6.825958e+01 9.178206e+00 7.000000e+00
    endloop
  endfacet
  facet normal -0.000000e+00 -1.000000e+00 0.000000e+00
    outer loop
      vertex   6.825958e+01 9.178206e+00 7.000000e+00
      vertex   6.790061e+01 9.178206e+00 7.000000e+00
      vertex   6.790061e+01 9.178206e+00 4.000000e+00
    endloop
  endfacet
  facet normal 4.647232e-01 -8.854560e-01 0.000000e+00
    outer loop
      vertex   6.758275e+01 9.011383e+00 4.000000e+00
      vertex   6.790061e+01 9.178206e+00 4.000000e+00
      vertex   6.790061e+01 9.178206e+00 7.000000e+00
    endloop
  endfacet
  facet normal 4.647232e-01 -8.854560e-01 0.000000e+00
    outer loop
      vertex   6.790061e+01 9.178206e+00 7.000000e+00
      vertex   6.758275e+01 9.011383e+00 7.000000e+00
      vertex   6.758275e+01 9.011383e+00 4.000000e+00
    endloop
  endfacet
  facet normal 8.229839e-01 -5.680647e-01 -6.988393e-18
    outer loop
      vertex   6.737883e+01 8.715954e+00 4.000000e+00
      vertex   6.758275e+01 9.011383e+00 4.000000e+00
      vertex   6.758275e+01 9.011383e+00 7.000000e+00
    endloop
  endfacet
  facet normal 8.229839e-01 -5.680647e-01 -6.988393e-18
    outer loop
      vertex   6.758275e+01 9.011383e+00 7.000000e+00
      vertex   6.737883e+01 8.715954e+00 7.000000e+00
      vertex   6.737883e+01 8.715954e+00 4.000000e+00
    endloop
  endfacet
  facet normal 9.927089e-01 -1.205367e-01 1.747098e-18
    outer loop
      vertex   6.733556e+01 8.359597e+00 4.000000e+00
      vertex   6.737883e+01 8.715954e+00 4.000000e+00
      vertex   6.737883e+01 8.715954e+00 7.000000e+00
    endloop
  endfacet
  facet normal 9.927089e-01 -1.205367e-01 1.747098e-18
    outer loop
      vertex   6.737883e+01 8.715954e+00 7.000000e+00
      vertex   6.733556e+01 8.359597e+00 7.000000e+00
      vertex   6.733556e+01 8.359597e+00 4.000000e+00
    endloop
  endfacet
  facet normal 9.350162e-01 3.546049e-01 0.000000e+00
    outer loop
      vertex   6.746286e+01 8.023951e+00 4.000000e+00
      vertex   6.733556e+01 8.359597e+00 4.000000e+00
      vertex   6.733556e+01 8.359597e+00 7.000000e+00
    endloop
  endfacet
  facet normal 9.350162e-01 3.546049e-01 0.000000e+00
    outer loop
      vertex   6.733556e+01 8.359597e+00 7.000000e+00
      vertex   6.746286e+01 8.023951e+00 7.000000e+00
      vertex   6.746286e+01 8.023951e+00 4.000000e+00
    endloop
  endfacet
  facet normal 6.631227e-01 7.485107e-01 6.988393e-18
    outer loop
      vertex   6.773155e+01 7.785908e+00 4.000000e+00
      vertex   6.746286e+01 8.023951e+00 4.000000e+00
      vertex   6.746286e+01 8.023951e+00 7.000000e+00
    endloop
  endfacet
  facet normal 6.631227e-01 7.485107e-01 6.988393e-18
    outer loop
      vertex   6.746286e+01 8.023951e+00 7.000000e+00
      vertex   6.773155e+01 7.785908e+00 7.000000e+00
      vertex   6.773155e+01 7.785908e+00 4.000000e+00
    endloop
  endfacet
  facet normal 2.393157e-01 9.709418e-01 3.494196e-18
    outer loop
      vertex   6.808010e+01 7.700000e+00 4.000000e+00
      vertex   6.773155e+01 7.785908e+00 4.000000e+00
      vertex   6.773155e+01 7.785908e+00 7.000000e+00
    endloop
  endfacet
  facet normal 2.393157e-01 9.709418e-01 3.494196e-18
    outer loop
      vertex   6.773155e+01 7.785908e+00 7.000000e+00
      vertex   6.808010e+01 7.700000e+00 7.000000e+00
      vertex   6.808010e+01 7.700000e+00 4.000000e+00
    endloop
  endfacet
  facet normal -2.393157e-01 9.709418e-01 -3.494196e-18
    outer loop
      vertex   6.842864e+01 7.785908e+00 4.000000e+00
      vertex   6.808010e+01 7.700000e+00 4.000000e+00
      vertex   6.808010e+01 7.700000e+00 7.000000e+00
    endloop
  endfacet
  facet normal -2.393157e-01 9.709418e-01 -3.494196e-18
    outer loop
      vertex   6.808010e+01 7.700000e+00 7.000000e+00
      vertex   6.842864e+01 7.785908e+00 7.000000e+00
      vertex   6.842864e+01 7.785908e+00 4.000000e+00
    endloop
  endfacet
  facet normal -6.631227e-01 7.485107e-01 -6.988393e-18
    outer loop
      vertex   6.869733e+01 8.023951e+00 4.000000e+00
      vertex   6.842864e+01 7.785908e+00 4.000000e+00
      vertex   6.842864e+01 7.785908e+00 7.000000e+00
    endloop
  endfacet
  facet normal -6.631227e-01 7.485107e-01 -6.988393e-18
    outer loop
      vertex   6.842864e+01 7.785908e+00 7.000000e+00
      vertex   6.869733e+01 8.023951e+00 7.000000e+00
      vertex   6.869733e+01 8.023951e+00 4.000000e+00
    endloop
  endfacet
  facet normal -9.350162e-01 3.546049e-01 0.000000e+00
    outer loop
      vertex   6.882463e+01 8.359597e+00 4.000000e+00
      vertex   6.869733e+01 8.023951e+00 4.000000e+00
      vertex   6.869733e+01 8.023951e+00 7.000000e+00
    endloop
  endfacet
  facet normal 0.000000e+00 0.000000e+00 1.000000e+00
    outer loop
      vertex   6.808010e+01 7.700000e+00 4.000000e+00
      vertex   6.842864e+01 7.785908e+00 4.000000e+00
      vertex   6.808010e+01 8.450000e+00 4.000000e+00
    endloop
  endfacet
  facet normal -0.000000e+00 0.000000e+00 1.000000e+00
    outer loop
      vertex   6.733556e+01 8.359597e+00 4.000000e+00
      vertex   6.746286e+01 8.023951e+00 4.000000e+00
      vertex   6.808010e+01 8.450000e+00 4.000000e+00
    endloop
  endfacet
  facet normal -0.000000e+00 0.000000e+00 1.000000e+00
    outer loop
      vertex   6.746286e+01 8.023951e+00 4.000000e+00
      vertex   6.773155e+01 7.785908e+00 4.000000e+00
      vertex   6.808010e+01 8.450000e+00 4.000000e+00
    endloop
  endfacet
  facet normal -0.000000e+00 0.000000e+00 1.000000e+00
    outer loop
      vertex   6.773155e+01 7.785908e+00 4.000000e+00
      vertex   6.808010e+01 7.700000e+00 4.000000e+00
      vertex   6.808010e+01 8.450000e+00 4.000000e+00
    endloop
  endfacet
  facet normal 0.000000e+00 0.000000e+00 1.000000e+00
    outer loop
      vertex   6.790061e+01 9.178206e+00 4.000000e+00
      vertex   6.758275e+01 9.011383e+00 4.000000e+00
      vertex   6.808010e+01 8.450000e+00 4.000000e+00
    endloop
  endfacet
  facet normal 0.000000e+00 0.000000e+00 1.000000e+00
    outer loop
      vertex   6.758275e+01 9.011383e+00 4.000000e+00
      vertex   6.737883e+01 8.715954e+00 4.000000e+00
      vertex   6.808010e+01 8.450000e+00 4.000000e+00
    endloop
  endfacet
  facet normal 0.000000e+00 0.000000e+00 1.000000e+00
    outer loop
      vertex   6.737883e+01 8.715954e+00 4.000000e+00
      vertex   6.733556e+01 8.359597e+00 4.000000e+00
      vertex   6.808010e+01 8.450000e+00 4.000000e+00
    endloop
  endfacet
  facet normal 0.000000e+00 0.000000e+00 1.000000e+00
    outer loop
      vertex   6.878136e+01 8.715954e+00 4.000000e+00
      vertex   6.857744e+01 9.011383e+00 4.000000e+00
      vertex   6.808010e+01 8.450000e+00 4.000000e+00
    endloop
  endfacet
  facet normal 0.000000e+00 0.000000e+00 1.000000e+00
    outer loop
      vertex   6.857744e+01 9.011383e+00 4.000000e+00
      vertex   6.825958e+01 9.178206e+00 4.000000e+00
      vertex   6.808010e+01 8.450000e+00 4.000000e+00
    endloop
  endfacet
  facet normal 0.000000e+00 0.000000e+00 1.000000e+00
    outer loop
      vertex   6.825958e+01 9.178206e+00 4.000000e+00
      vertex   6.790061e+01 9.178206e+00 4.000000e+00
      vertex   6.808010e+01 8.450000e+00 4.000000e+00
    endloop
  endfacet
  facet normal 0.000000e+00 0.000000e+00 1.000000e+00
    outer loop
      vertex   6.808010e+01 8.450000e+00 4.000000e+00
      vertex   6.842864e+01 7.785908e+00 4.000000e+00
      vertex   6.869733e+01 8.023951e+00 4.000000e+00
    endloop
  endfacet
  facet normal 0.000000e+00 -0.000000e+00 1.000000e+00
    outer loop
      vertex   6.869733e+01 8.023951e+00 4.000000e+00
      vertex   6.882463e+01 8.359597e+00 4.000000e+00
      vertex   6.808010e+01 8.450000e+00 4.000000e+00
    endloop
  endfacet
  facet normal 0.000000e+00 0.000000e+00 1.000000e+00
    outer loop
      vertex   6.882463e+01 8.359597e+00 4.000000e+00
      vertex   6.878136e+01 8.715954e+00 4.000000e+00
      vertex   6.808010e+01 8.450000e+00 4.000000e+00
    endloop
  endfacet
endsolid
