solid ascii
  facet normal 9.659258e-01 2.588190e-01 0.000000e+00
    outer loop
      vertex   8.375000e+01 1.150000e+01 1.387779e-14
      vertex   8.375000e+01 1.150000e+01 -5.000000e+00
      vertex   8.344856e+01 1.262500e+01 -5.000000e+00
    endloop
  endfacet
  facet normal 7.071068e-01 7.071068e-01 0.000000e+00
    outer loop
      vertex   8.344856e+01 1.262500e+01 1.387779e-14
      vertex   8.344856e+01 1.262500e+01 -5.000000e+00
      vertex   8.262500e+01 1.344856e+01 -5.000000e+00
    endloop
  endfacet
  facet normal 2.588190e-01 9.659258e-01 0.000000e+00
    outer loop
      vertex   8.262500e+01 1.344856e+01 1.387779e-14
      vertex   8.262500e+01 1.344856e+01 -5.000000e+00
      vertex   8.150000e+01 1.375000e+01 -5.000000e+00
    endloop
  endfacet
  facet normal -2.588190e-01 9.659258e-01 0.000000e+00
    outer loop
      vertex   8.150000e+01 1.375000e+01 1.387779e-14
      vertex   8.150000e+01 1.375000e+01 -5.000000e+00
      vertex   8.037500e+01 1.344856e+01 -5.000000e+00
    endloop
  endfacet
  facet normal -7.071068e-01 7.071068e-01 0.000000e+00
    outer loop
      vertex   8.037500e+01 1.344856e+01 1.387779e-14
      vertex   8.037500e+01 1.344856e+01 -5.000000e+00
      vertex   7.955144e+01 1.262500e+01 -5.000000e+00
    endloop
  endfacet
  facet normal -9.659258e-01 2.588190e-01 0.000000e+00
    outer loop
      vertex   7.955144e+01 1.262500e+01 1.387779e-14
      vertex   7.955144e+01 1.262500e+01 -5.000000e+00
      vertex   7.925000e+01 1.150000e+01 -5.000000e+00
    endloop
  endfacet
  facet normal -9.659258e-01 -2.588190e-01 -0.000000e+00
    outer loop
      vertex   7.925000e+01 1.150000e+01 1.387779e-14
      vertex   7.925000e+01 1.150000e+01 -5.000000e+00
      vertex   7.955144e+01 1.037500e+01 -5.000000e+00
    endloop
  endfacet
  facet normal -7.071068e-01 -7.071068e-01 -0.000000e+00
    outer loop
      vertex   7.955144e+01 1.037500e+01 1.387779e-14
      vertex   7.955144e+01 1.037500e+01 -5.000000e+00
      vertex   8.037500e+01 9.551443e+00 -5.000000e+00
    endloop
  endfacet
  facet normal -2.588190e-01 -9.659258e-01 -0.000000e+00
    outer loop
      vertex   8.037500e+01 9.551443e+00 1.387779e-14
      vertex   8.037500e+01 9.551443e+00 -5.000000e+00
      vertex   8.150000e+01 9.250000e+00 -5.000000e+00
    endloop
  endfacet
  facet normal 2.588190e-01 -9.659258e-01 0.000000e+00
    outer loop
      vertex   8.150000e+01 9.250000e+00 1.387779e-14
      vertex   8.150000e+01 9.250000e+00 -5.000000e+00
      vertex   8.262500e+01 9.551443e+00 -5.000000e+00
    endloop
  endfacet
  facet normal 7.071068e-01 -7.071068e-01 0.000000e+00
    outer loop
      vertex   8.262500e+01 9.551443e+00 1.387779e-14
      vertex   8.262500e+01 9.551443e+00 -5.000000e+00
      vertex   8.344856e+01 1.037500e+01 -5.000000e+00
    endloop
  endfacet
  facet normal 9.659258e-01 -2.588190e-01 0.000000e+00
    outer loop
      vertex   8.344856e+01 1.037500e+01 1.387779e-14
      vertex   8.344856e+01 1.037500e+01 -5.000000e+00
      vertex   8.375000e+01 1.150000e+01 -5.000000e+00
    endloop
  endfacet
  facet normal 9.659258e-01 -2.588190e-01 0.000000e+00
    outer loop
      vertex   8.375000e+01 1.150000e+01 -5.000000e+00
      vertex   8.375000e+01 1.150000e+01 1.387779e-14
      vertex   8.344856e+01 1.037500e+01 1.387779e-14
    endloop
  endfacet
  facet normal 7.071068e-01 -7.071068e-01 0.000000e+00
    outer loop
      vertex   8.344856e+01 1.037500e+01 -5.000000e+00
      vertex   8.344856e+01 1.037500e+01 1.387779e-14
      vertex   8.262500e+01 9.551443e+00 1.387779e-14
    endloop
  endfacet
  facet normal 2.588190e-01 -9.659258e-01 0.000000e+00
    outer loop
      vertex   8.262500e+01 9.551443e+00 -5.000000e+00
      vertex   8.262500e+01 9.551443e+00 1.387779e-14
      vertex   8.150000e+01 9.250000e+00 1.387779e-14
    endloop
  endfacet
  facet normal -2.588190e-01 -9.659258e-01 0.000000e+00
    outer loop
      vertex   8.150000e+01 9.250000e+00 -5.000000e+00
      vertex   8.150000e+01 9.250000e+00 1.387779e-14
      vertex   8.037500e+01 9.551443e+00 1.387779e-14
    endloop
  endfacet
  facet normal -7.071068e-01 -7.071068e-01 0.000000e+00
    outer loop
      vertex   8.037500e+01 9.551443e+00 -5.000000e+00
      vertex   8.037500e+01 9.551443e+00 1.387779e-14
      vertex   7.955144e+01 1.037500e+01 1.387779e-14
    endloop
  endfacet
  facet normal -9.659258e-01 -2.588190e-01 0.000000e+00
    outer loop
      vertex   7.955144e+01 1.037500e+01 -5.000000e+00
      vertex   7.955144e+01 1.037500e+01 1.387779e-14
      vertex   7.925000e+01 1.150000e+01 1.387779e-14
    endloop
  endfacet
  facet normal -9.659258e-01 2.588190e-01 0.000000e+00
    outer loop
      vertex   7.925000e+01 1.150000e+01 -5.000000e+00
      vertex   7.925000e+01 1.150000e+01 1.387779e-14
      vertex   7.955144e+01 1.262500e+01 1.387779e-14
    endloop
  endfacet
  facet normal -7.071068e-01 7.071068e-01 0.000000e+00
    outer loop
      vertex   7.955144e+01 1.262500e+01 -5.000000e+00
      vertex   7.955144e+01 1.262500e+01 1.387779e-14
      vertex   8.037500e+01 1.344856e+01 1.387779e-14
    endloop
  endfacet
  facet normal -2.588190e-01 9.659258e-01 0.000000e+00
    outer loop
      vertex   8.037500e+01 1.344856e+01 -5.000000e+00
      vertex   8.037500e+01 1.344856e+01 1.387779e-14
      vertex   8.150000e+01 1.375000e+01 1.387779e-14
    endloop
  endfacet
  facet normal 2.588190e-01 9.659258e-01 -0.000000e+00
    outer loop
      vertex   8.150000e+01 1.375000e+01 -5.000000e+00
      vertex   8.150000e+01 1.375000e+01 1.387779e-14
      vertex   8.262500e+01 1.344856e+01 1.387779e-14
    endloop
  endfacet
  facet normal 7.071068e-01 7.071068e-01 -0.000000e+00
    outer loop
      vertex   8.262500e+01 1.344856e+01 -5.000000e+00
      vertex   8.262500e+01 1.344856e+01 1.387779e-14
      vertex   8.344856e+01 1.262500e+01 1.387779e-14
    endloop
  endfacet
  facet normal 9.659258e-01 2.588190e-01 -0.000000e+00
    outer loop
      vertex   8.344856e+01 1.262500e+01 -5.000000e+00
      vertex   8.344856e+01 1.262500e+01 1.387779e-14
      vertex   8.375000e+01 1.150000e+01 1.387779e-14
    endloop
  endfacet
  facet normal 0.000000e+00 0.000000e+00 -1.000000e+00
    outer loop
      vertex   9.400000e+01 7.000000e+00 -1.450000e+01
      vertex   2.000000e+00 7.000000e+00 -1.450000e+01
      vertex   2.000000e+00 8.500000e+00 -1.450000e+01
    endloop
  endfacet
  facet normal 0.000000e+00 0.000000e+00 -1.000000e+00
    outer loop
      vertex   2.000000e+00 8.500000e+00 -1.450000e+01
      vertex   9.400000e+01 8.500000e+00 -1.450000e+01
      vertex   9.400000e+01 7.000000e+00 -1.450000e+01
    endloop
  endfacet
  facet normal -0.000000e+00 1.000000e+00 0.000000e+00
    outer loop
      vertex   2.000000e+00 5.622000e+01 2.000000e+00
      vertex   9.400000e+01 5.622000e+01 2.000000e+00
      vertex   9.400000e+01 5.622000e+01 -6.220000e+00
    endloop
  endfacet
  facet normal 0.000000e+00 1.000000e+00 0.000000e+00
    outer loop
      vertex   9.400000e+01 5.622000e+01 -6.220000e+00
      vertex   2.000000e+00 5.622000e+01 -6.220000e+00
      vertex   2.000000e+00 5.622000e+01 2.000000e+00
    endloop
  endfacet
  facet normal -1.000000e+00 0.000000e+00 0.000000e+00
    outer loop
      vertex   2.000000e+00 7.000000e+00 -1.450000e+01
      vertex   2.000000e+00 7.000000e+00 2.000000e+00
      vertex   2.000000e+00 8.500000e+00 1.734723e-14
    endloop
  endfacet
  facet normal -1.000000e+00 0.000000e+00 0.000000e+00
    outer loop
      vertex   2.000000e+00 7.000000e+00 2.000000e+00
      vertex   2.000000e+00 5.622000e+01 2.000000e+00
      vertex   2.000000e+00 4.930000e+01 1.647987e-14
    endloop
  endfacet
  facet normal -1.000000e+00 0.000000e+00 0.000000e+00
    outer loop
      vertex   2.000000e+00 4.930000e+01 1.647987e-14
      vertex   2.000000e+00 8.500000e+00 1.734723e-14
      vertex   2.000000e+00 7.000000e+00 2.000000e+00
    endloop
  endfacet
  facet normal -1.000000e+00 0.000000e+00 0.000000e+00
    outer loop
      vertex   2.000000e+00 5.622000e+01 -6.220000e+00
      vertex   2.000000e+00 4.930000e+01 -6.220000e+00
      vertex   2.000000e+00 4.930000e+01 1.647987e-14
    endloop
  endfacet
  facet normal -1.000000e+00 0.000000e+00 0.000000e+00
    outer loop
      vertex   2.000000e+00 4.930000e+01 1.647987e-14
      vertex   2.000000e+00 5.622000e+01 2.000000e+00
      vertex   2.000000e+00 5.622000e+01 -6.220000e+00
    endloop
  endfacet
  facet normal -1.000000e+00 0.000000e+00 -0.000000e+00
    outer loop
      vertex   2.000000e+00 8.500000e+00 1.734723e-14
      vertex   2.000000e+00 8.500000e+00 -1.450000e+01
      vertex   2.000000e+00 7.000000e+00 -1.450000e+01
    endloop
  endfacet
  facet normal -1.000000e+00 0.000000e+00 -0.000000e+00
    outer loop
      vertex   7.900000e+01 4.000000e+01 2.000000e+00
      vertex   7.900000e+01 4.000000e+01 1.734723e-14
      vertex   7.900000e+01 1.500000e+01 1.734723e-14
    endloop
  endfacet
  facet normal -1.000000e+00 0.000000e+00 0.000000e+00
    outer loop
      vertex   7.900000e+01 1.500000e+01 1.734723e-14
      vertex   7.900000e+01 1.500000e+01 2.000000e+00
      vertex   7.900000e+01 4.000000e+01 2.000000e+00
    endloop
  endfacet
  facet normal 1.000000e+00 0.000000e+00 -0.000000e+00
    outer loop
      vertex   9.400000e+01 5.622000e+01 -6.220000e+00
      vertex   9.400000e+01 5.622000e+01 2.000000e+00
      vertex   9.400000e+01 4.930000e+01 1.647987e-14
    endloop
  endfacet
  facet normal 1.000000e+00 0.000000e+00 0.000000e+00
    outer loop
      vertex   9.400000e+01 7.000000e+00 2.000000e+00
      vertex   9.400000e+01 8.500000e+00 1.734723e-14
      vertex   9.400000e+01 4.930000e+01 1.647987e-14
    endloop
  endfacet
  facet normal 1.000000e+00 0.000000e+00 -0.000000e+00
    outer loop
      vertex   9.400000e+01 4.930000e+01 1.647987e-14
      vertex   9.400000e+01 5.622000e+01 2.000000e+00
      vertex   9.400000e+01 7.000000e+00 2.000000e+00
    endloop
  endfacet
  facet normal 1.000000e+00 0.000000e+00 0.000000e+00
    outer loop
      vertex   9.400000e+01 7.000000e+00 -1.450000e+01
      vertex   9.400000e+01 8.500000e+00 -1.450000e+01
      vertex   9.400000e+01 8.500000e+00 1.734723e-14
    endloop
  endfacet
  facet normal 1.000000e+00 0.000000e+00 0.000000e+00
    outer loop
      vertex   9.400000e+01 8.500000e+00 1.734723e-14
      vertex   9.400000e+01 7.000000e+00 2.000000e+00
      vertex   9.400000e+01 7.000000e+00 -1.450000e+01
    endloop
  endfacet
  facet normal 1.000000e+00 0.000000e+00 0.000000e+00
    outer loop
      vertex   9.400000e+01 4.930000e+01 1.647987e-14
      vertex   9.400000e+01 4.930000e+01 -6.220000e+00
      vertex   9.400000e+01 5.622000e+01 -6.220000e+00
    endloop
  endfacet
  facet normal 0.000000e+00 0.000000e+00 -1.000000e+00
    outer loop
      vertex   8.150000e+01 1.150000e+01 -5.000000e+00
      vertex   7.955144e+01 1.262500e+01 -5.000000e+00
      vertex   8.037500e+01 1.344856e+01 -5.000000e+00
    endloop
  endfacet
  facet normal 0.000000e+00 0.000000e+00 -1.000000e+00
    outer loop
      vertex   8.037500e+01 1.344856e+01 -5.000000e+00
      vertex   8.150000e+01 1.375000e+01 -5.000000e+00
      vertex   8.150000e+01 1.150000e+01 -5.000000e+00
    endloop
  endfacet
  facet normal 0.000000e+00 0.000000e+00 -1.000000e+00
    outer loop
      vertex   8.150000e+01 1.375000e+01 -5.000000e+00
      vertex   8.262500e+01 1.344856e+01 -5.000000e+00
      vertex   8.150000e+01 1.150000e+01 -5.000000e+00
    endloop
  endfacet
  facet normal 0.000000e+00 -0.000000e+00 -1.000000e+00
    outer loop
      vertex   8.262500e+01 1.344856e+01 -5.000000e+00
      vertex   8.344856e+01 1.262500e+01 -5.000000e+00
      vertex   8.150000e+01 1.150000e+01 -5.000000e+00
    endloop
  endfacet
  facet normal 0.000000e+00 -0.000000e+00 -1.000000e+00
    outer loop
      vertex   8.344856e+01 1.262500e+01 -5.000000e+00
      vertex   8.375000e+01 1.150000e+01 -5.000000e+00
      vertex   8.150000e+01 1.150000e+01 -5.000000e+00
    endloop
  endfacet
  facet normal 0.000000e+00 0.000000e+00 -1.000000e+00
    outer loop
      vertex   8.375000e+01 1.150000e+01 -5.000000e+00
      vertex   8.344856e+01 1.037500e+01 -5.000000e+00
      vertex   8.150000e+01 1.150000e+01 -5.000000e+00
    endloop
  endfacet
  facet normal -0.000000e+00 0.000000e+00 -1.000000e+00
    outer loop
      vertex   8.344856e+01 1.037500e+01 -5.000000e+00
      vertex   8.262500e+01 9.551443e+00 -5.000000e+00
      vertex   8.150000e+01 1.150000e+01 -5.000000e+00
    endloop
  endfacet
  facet normal -0.000000e+00 0.000000e+00 -1.000000e+00
    outer loop
      vertex   8.262500e+01 9.551443e+00 -5.000000e+00
      vertex   8.150000e+01 9.250000e+00 -5.000000e+00
      vertex   8.150000e+01 1.150000e+01 -5.000000e+00
    endloop
  endfacet
  facet normal 0.000000e+00 0.000000e+00 -1.000000e+00
    outer loop
      vertex   8.150000e+01 9.250000e+00 -5.000000e+00
      vertex   8.037500e+01 9.551443e+00 -5.000000e+00
      vertex   8.150000e+01 1.150000e+01 -5.000000e+00
    endloop
  endfacet
  facet normal 0.000000e+00 0.000000e+00 -1.000000e+00
    outer loop
      vertex   8.037500e+01 9.551443e+00 -5.000000e+00
      vertex   7.955144e+01 1.037500e+01 -5.000000e+00
      vertex   8.150000e+01 1.150000e+01 -5.000000e+00
    endloop
  endfacet
  facet normal 0.000000e+00 0.000000e+00 -1.000000e+00
    outer loop
      vertex   7.955144e+01 1.037500e+01 -5.000000e+00
      vertex   7.925000e+01 1.150000e+01 -5.000000e+00
      vertex   8.150000e+01 1.150000e+01 -5.000000e+00
    endloop
  endfacet
  facet normal 0.000000e+00 0.000000e+00 -1.000000e+00
    outer loop
      vertex   7.925000e+01 1.150000e+01 -5.000000e+00
      vertex   7.955144e+01 1.262500e+01 -5.000000e+00
      vertex   8.150000e+01 1.150000e+01 -5.000000e+00
    endloop
  endfacet
  facet normal 0.000000e+00 -1.000000e+00 0.000000e+00
    outer loop
      vertex   7.000000e+00 4.000000e+01 2.000000e+00
      vertex   7.000000e+00 4.000000e+01 1.734723e-14
      vertex   7.900000e+01 4.000000e+01 1.734723e-14
    endloop
  endfacet
  facet normal 0.000000e+00 -1.000000e+00 0.000000e+00
    outer loop
      vertex   7.900000e+01 4.000000e+01 1.734723e-14
      vertex   7.900000e+01 4.000000e+01 2.000000e+00
      vertex   7.000000e+00 4.000000e+01 2.000000e+00
    endloop
  endfacet
  facet normal 0.000000e+00 0.000000e+00 -1.000000e+00
    outer loop
      vertex   2.000000e+00 4.930000e+01 1.691355e-14
      vertex   7.912500e+01 4.930000e+01 1.691355e-14
      vertex   6.625571e+00 4.439880e+01 1.691355e-14
    endloop
  endfacet
  facet normal 0.000000e+00 0.000000e+00 -1.000000e+00
    outer loop
      vertex   7.000000e+00 4.000000e+01 1.691355e-14
      vertex   6.625571e+00 4.049971e+01 1.691355e-14
      vertex   7.449546e+00 4.132369e+01 1.691355e-14
    endloop
  endfacet
  facet normal 0.000000e+00 0.000000e+00 -1.000000e+00
    outer loop
      vertex   7.912500e+01 4.930000e+01 1.691355e-14
      vertex   7.449546e+00 4.357483e+01 1.691355e-14
      vertex   6.625571e+00 4.439880e+01 1.691355e-14
    endloop
  endfacet
  facet normal 0.000000e+00 0.000000e+00 -1.000000e+00
    outer loop
      vertex   7.912500e+01 4.930000e+01 1.691355e-14
      vertex   7.900000e+01 4.000000e+01 1.691355e-14
      vertex   7.751142e+00 4.244926e+01 1.691355e-14
    endloop
  endfacet
  facet normal 0.000000e+00 -0.000000e+00 -1.000000e+00
    outer loop
      vertex   7.449546e+00 4.132369e+01 1.691355e-14
      vertex   7.900000e+01 4.000000e+01 1.691355e-14
      vertex   7.000000e+00 4.000000e+01 1.691355e-14
    endloop
  endfacet
  facet normal 0.000000e+00 0.000000e+00 -1.000000e+00
    outer loop
      vertex   6.625571e+00 4.439880e+01 1.691355e-14
      vertex   5.500000e+00 4.470040e+01 1.691355e-14
      vertex   2.000000e+00 4.930000e+01 1.691355e-14
    endloop
  endfacet
  facet normal 0.000000e+00 0.000000e+00 -1.000000e+00
    outer loop
      vertex   7.449546e+00 4.132369e+01 1.691355e-14
      vertex   7.751142e+00 4.244926e+01 1.691355e-14
      vertex   7.900000e+01 4.000000e+01 1.691355e-14
    endloop
  endfacet
  facet normal 0.000000e+00 0.000000e+00 -1.000000e+00
    outer loop
      vertex   2.000000e+00 1.437500e+01 1.691355e-14
      vertex   5.500000e+00 4.019812e+01 1.691355e-14
      vertex   7.000000e+00 4.000000e+01 1.691355e-14
    endloop
  endfacet
  facet normal 0.000000e+00 0.000000e+00 -1.000000e+00
    outer loop
      vertex   7.751142e+00 4.244926e+01 1.691355e-14
      vertex   7.449546e+00 4.357483e+01 1.691355e-14
      vertex   7.912500e+01 4.930000e+01 1.691355e-14
    endloop
  endfacet
  facet normal 0.000000e+00 0.000000e+00 -1.000000e+00
    outer loop
      vertex   2.000000e+00 1.437500e+01 1.691355e-14
      vertex   4.374429e+00 4.049971e+01 1.691355e-14
      vertex   5.500000e+00 4.019812e+01 1.691355e-14
    endloop
  endfacet
  facet normal 0.000000e+00 0.000000e+00 -1.000000e+00
    outer loop
      vertex   2.000000e+00 4.930000e+01 1.691355e-14
      vertex   4.374429e+00 4.439880e+01 1.691355e-14
      vertex   3.550454e+00 4.357483e+01 1.691355e-14
    endloop
  endfacet
  facet normal 0.000000e+00 0.000000e+00 -1.000000e+00
    outer loop
      vertex   7.000000e+00 4.000000e+01 1.691355e-14
      vertex   5.500000e+00 4.019812e+01 1.691355e-14
      vertex   6.625571e+00 4.049971e+01 1.691355e-14
    endloop
  endfacet
  facet normal 0.000000e+00 0.000000e+00 -1.000000e+00
    outer loop
      vertex   2.000000e+00 1.437500e+01 1.691355e-14
      vertex   3.550454e+00 4.132369e+01 1.691355e-14
      vertex   4.374429e+00 4.049971e+01 1.691355e-14
    endloop
  endfacet
  facet normal 0.000000e+00 0.000000e+00 -1.000000e+00
    outer loop
      vertex   2.000000e+00 1.437500e+01 1.691355e-14
      vertex   2.000000e+00 4.930000e+01 1.691355e-14
      vertex   3.248858e+00 4.244926e+01 1.691355e-14
    endloop
  endfacet
  facet normal -0.000000e+00 0.000000e+00 -1.000000e+00
    outer loop
      vertex   5.500000e+00 4.470040e+01 1.691355e-14
      vertex   4.374429e+00 4.439880e+01 1.691355e-14
      vertex   2.000000e+00 4.930000e+01 1.691355e-14
    endloop
  endfacet
  facet normal 0.000000e+00 0.000000e+00 -1.000000e+00
    outer loop
      vertex   7.912500e+01 1.437500e+01 1.691355e-14
      vertex   7.900000e+01 1.500000e+01 1.691355e-14
      vertex   7.900000e+01 4.000000e+01 1.691355e-14
    endloop
  endfacet
  facet normal 0.000000e+00 0.000000e+00 -1.000000e+00
    outer loop
      vertex   7.912500e+01 1.437500e+01 1.691355e-14
      vertex   2.000000e+00 1.437500e+01 1.691355e-14
      vertex   7.000000e+00 1.500000e+01 1.691355e-14
    endloop
  endfacet
  facet normal 0.000000e+00 -0.000000e+00 -1.000000e+00
    outer loop
      vertex   3.248858e+00 4.244926e+01 1.691355e-14
      vertex   3.550454e+00 4.132369e+01 1.691355e-14
      vertex   2.000000e+00 1.437500e+01 1.691355e-14
    endloop
  endfacet
  facet normal 0.000000e+00 0.000000e+00 -1.000000e+00
    outer loop
      vertex   7.900000e+01 4.000000e+01 1.691355e-14
      vertex   7.912500e+01 4.930000e+01 1.691355e-14
      vertex   7.912500e+01 1.437500e+01 1.691355e-14
    endloop
  endfacet
  facet normal 0.000000e+00 -0.000000e+00 -1.000000e+00
    outer loop
      vertex   7.000000e+00 4.000000e+01 1.691355e-14
      vertex   7.000000e+00 1.500000e+01 1.691355e-14
      vertex   2.000000e+00 1.437500e+01 1.691355e-14
    endloop
  endfacet
  facet normal 0.000000e+00 0.000000e+00 -1.000000e+00
    outer loop
      vertex   7.000000e+00 1.500000e+01 1.691355e-14
      vertex   7.900000e+01 1.500000e+01 1.691355e-14
      vertex   7.912500e+01 1.437500e+01 1.691355e-14
    endloop
  endfacet
  facet normal 0.000000e+00 0.000000e+00 -1.000000e+00
    outer loop
      vertex   9.400000e+01 4.930000e+01 1.691355e-14
      vertex   8.730914e+01 3.935808e+01 1.691355e-14
      vertex   8.580914e+01 3.976000e+01 1.691355e-14
    endloop
  endfacet
  facet normal 0.000000e+00 0.000000e+00 -1.000000e+00
    outer loop
      vertex   9.400000e+01 4.930000e+01 1.691355e-14
      vertex   8.840722e+01 3.826000e+01 1.691355e-14
      vertex   8.730914e+01 3.935808e+01 1.691355e-14
    endloop
  endfacet
  facet normal 0.000000e+00 0.000000e+00 -1.000000e+00
    outer loop
      vertex   9.400000e+01 4.930000e+01 1.691355e-14
      vertex   8.880914e+01 3.676000e+01 1.691355e-14
      vertex   8.840722e+01 3.826000e+01 1.691355e-14
    endloop
  endfacet
  facet normal 0.000000e+00 0.000000e+00 -1.000000e+00
    outer loop
      vertex   9.400000e+01 1.437500e+01 1.691355e-14
      vertex   8.840722e+01 3.526000e+01 1.691355e-14
      vertex   8.880914e+01 3.676000e+01 1.691355e-14
    endloop
  endfacet
  facet normal 0.000000e+00 0.000000e+00 -1.000000e+00
    outer loop
      vertex   7.912500e+01 1.437500e+01 1.691355e-14
      vertex   8.321106e+01 3.526000e+01 1.691355e-14
      vertex   8.430914e+01 3.416192e+01 1.691355e-14
    endloop
  endfacet
  facet normal 0.000000e+00 0.000000e+00 -1.000000e+00
    outer loop
      vertex   7.912500e+01 1.437500e+01 1.691355e-14
      vertex   7.912500e+01 4.930000e+01 1.691355e-14
      vertex   8.280914e+01 3.676000e+01 1.691355e-14
    endloop
  endfacet
  facet normal 0.000000e+00 0.000000e+00 -1.000000e+00
    outer loop
      vertex   8.580914e+01 3.976000e+01 1.691355e-14
      vertex   7.912500e+01 4.930000e+01 1.691355e-14
      vertex   9.400000e+01 4.930000e+01 1.691355e-14
    endloop
  endfacet
  facet normal 0.000000e+00 0.000000e+00 -1.000000e+00
    outer loop
      vertex   9.400000e+01 1.437500e+01 1.691355e-14
      vertex   8.730914e+01 3.416192e+01 1.691355e-14
      vertex   8.840722e+01 3.526000e+01 1.691355e-14
    endloop
  endfacet
  facet normal 0.000000e+00 0.000000e+00 -1.000000e+00
    outer loop
      vertex   9.400000e+01 1.437500e+01 1.691355e-14
      vertex   7.912500e+01 1.437500e+01 1.691355e-14
      vertex   8.580914e+01 3.376000e+01 1.691355e-14
    endloop
  endfacet
  facet normal 0.000000e+00 -0.000000e+00 -1.000000e+00
    outer loop
      vertex   8.280914e+01 3.676000e+01 1.691355e-14
      vertex   8.321106e+01 3.526000e+01 1.691355e-14
      vertex   7.912500e+01 1.437500e+01 1.691355e-14
    endloop
  endfacet
  facet normal 0.000000e+00 0.000000e+00 -1.000000e+00
    outer loop
      vertex   8.880914e+01 3.676000e+01 1.691355e-14
      vertex   9.400000e+01 4.930000e+01 1.691355e-14
      vertex   9.400000e+01 1.437500e+01 1.691355e-14
    endloop
  endfacet
  facet normal 0.000000e+00 -0.000000e+00 -1.000000e+00
    outer loop
      vertex   8.430914e+01 3.416192e+01 1.691355e-14
      vertex   8.580914e+01 3.376000e+01 1.691355e-14
      vertex   7.912500e+01 1.437500e+01 1.691355e-14
    endloop
  endfacet
  facet normal 0.000000e+00 0.000000e+00 -1.000000e+00
    outer loop
      vertex   7.912500e+01 4.930000e+01 1.691355e-14
      vertex   8.430914e+01 3.935808e+01 1.691355e-14
      vertex   8.321106e+01 3.826000e+01 1.691355e-14
    endloop
  endfacet
  facet normal 0.000000e+00 0.000000e+00 -1.000000e+00
    outer loop
      vertex   8.580914e+01 3.376000e+01 1.691355e-14
      vertex   8.730914e+01 3.416192e+01 1.691355e-14
      vertex   9.400000e+01 1.437500e+01 1.691355e-14
    endloop
  endfacet
  facet normal -0.000000e+00 0.000000e+00 -1.000000e+00
    outer loop
      vertex   8.580914e+01 3.976000e+01 1.691355e-14
      vertex   8.430914e+01 3.935808e+01 1.691355e-14
      vertex   7.912500e+01 4.930000e+01 1.691355e-14
    endloop
  endfacet
  facet normal -0.000000e+00 0.000000e+00 -1.000000e+00
    outer loop
      vertex   7.912500e+01 8.500000e+00 1.691355e-14
      vertex   2.000000e+00 8.500000e+00 1.691355e-14
      vertex   5.500000e+00 9.250000e+00 1.691355e-14
    endloop
  endfacet
  facet normal 0.000000e+00 0.000000e+00 -1.000000e+00
    outer loop
      vertex   7.912500e+01 8.500000e+00 1.691355e-14
      vertex   7.448557e+00 1.037500e+01 1.691355e-14
      vertex   7.750000e+00 1.150000e+01 1.691355e-14
    endloop
  endfacet
  facet normal 0.000000e+00 0.000000e+00 -1.000000e+00
    outer loop
      vertex   2.000000e+00 8.500000e+00 1.691355e-14
      vertex   4.375000e+00 9.551443e+00 1.691355e-14
      vertex   5.500000e+00 9.250000e+00 1.691355e-14
    endloop
  endfacet
  facet normal 0.000000e+00 0.000000e+00 -1.000000e+00
    outer loop
      vertex   2.000000e+00 1.437500e+01 1.691355e-14
      vertex   5.500000e+00 1.375000e+01 1.691355e-14
      vertex   4.375000e+00 1.344856e+01 1.691355e-14
    endloop
  endfacet
  facet normal 0.000000e+00 0.000000e+00 -1.000000e+00
    outer loop
      vertex   7.912500e+01 1.437500e+01 1.691355e-14
      vertex   6.625000e+00 1.344856e+01 1.691355e-14
      vertex   5.500000e+00 1.375000e+01 1.691355e-14
    endloop
  endfacet
  facet normal 0.000000e+00 0.000000e+00 -1.000000e+00
    outer loop
      vertex   7.912500e+01 8.500000e+00 1.691355e-14
      vertex   6.625000e+00 9.551443e+00 1.691355e-14
      vertex   7.448557e+00 1.037500e+01 1.691355e-14
    endloop
  endfacet
  facet normal 0.000000e+00 0.000000e+00 -1.000000e+00
    outer loop
      vertex   2.000000e+00 8.500000e+00 1.691355e-14
      vertex   3.551443e+00 1.037500e+01 1.691355e-14
      vertex   4.375000e+00 9.551443e+00 1.691355e-14
    endloop
  endfacet
  facet normal 0.000000e+00 0.000000e+00 -1.000000e+00
    outer loop
      vertex   2.000000e+00 8.500000e+00 1.691355e-14
      vertex   2.000000e+00 1.437500e+01 1.691355e-14
      vertex   3.250000e+00 1.150000e+01 1.691355e-14
    endloop
  endfacet
  facet normal -0.000000e+00 0.000000e+00 -1.000000e+00
    outer loop
      vertex   4.375000e+00 1.344856e+01 1.691355e-14
      vertex   3.551443e+00 1.262500e+01 1.691355e-14
      vertex   2.000000e+00 1.437500e+01 1.691355e-14
    endloop
  endfacet
  facet normal 0.000000e+00 0.000000e+00 -1.000000e+00
    outer loop
      vertex   7.912500e+01 1.437500e+01 1.691355e-14
      vertex   7.448557e+00 1.262500e+01 1.691355e-14
      vertex   6.625000e+00 1.344856e+01 1.691355e-14
    endloop
  endfacet
  facet normal 0.000000e+00 0.000000e+00 -1.000000e+00
    outer loop
      vertex   7.750000e+00 1.150000e+01 1.691355e-14
      vertex   7.912500e+01 1.437500e+01 1.691355e-14
      vertex   7.912500e+01 8.500000e+00 1.691355e-14
    endloop
  endfacet
  facet normal 0.000000e+00 -0.000000e+00 -1.000000e+00
    outer loop
      vertex   3.250000e+00 1.150000e+01 1.691355e-14
      vertex   3.551443e+00 1.037500e+01 1.691355e-14
      vertex   2.000000e+00 8.500000e+00 1.691355e-14
    endloop
  endfacet
  facet normal 0.000000e+00 0.000000e+00 -1.000000e+00
    outer loop
      vertex   5.500000e+00 1.375000e+01 1.691355e-14
      vertex   2.000000e+00 1.437500e+01 1.691355e-14
      vertex   7.912500e+01 1.437500e+01 1.691355e-14
    endloop
  endfacet
  facet normal 0.000000e+00 0.000000e+00 -1.000000e+00
    outer loop
      vertex   5.500000e+00 9.250000e+00 1.691355e-14
      vertex   6.625000e+00 9.551443e+00 1.691355e-14
      vertex   7.912500e+01 8.500000e+00 1.691355e-14
    endloop
  endfacet
  facet normal 0.000000e+00 0.000000e+00 -1.000000e+00
    outer loop
      vertex   7.750000e+00 1.150000e+01 1.691355e-14
      vertex   7.448557e+00 1.262500e+01 1.691355e-14
      vertex   7.912500e+01 1.437500e+01 1.691355e-14
    endloop
  endfacet
  facet normal 0.000000e+00 0.000000e+00 -1.000000e+00
    outer loop
      vertex   9.400000e+01 1.437500e+01 1.691355e-14
      vertex   8.262500e+01 1.344856e+01 1.691355e-14
      vertex   8.150000e+01 1.375000e+01 1.691355e-14
    endloop
  endfacet
  facet normal 0.000000e+00 0.000000e+00 -1.000000e+00
    outer loop
      vertex   9.400000e+01 8.500000e+00 1.691355e-14
      vertex   7.912500e+01 8.500000e+00 1.691355e-14
      vertex   8.150000e+01 9.250000e+00 1.691355e-14
    endloop
  endfacet
  facet normal 0.000000e+00 0.000000e+00 -1.000000e+00
    outer loop
      vertex   7.912500e+01 8.500000e+00 1.691355e-14
      vertex   7.912500e+01 1.437500e+01 1.691355e-14
      vertex   7.925000e+01 1.150000e+01 1.691355e-14
    endloop
  endfacet
  facet normal 0.000000e+00 0.000000e+00 -1.000000e+00
    outer loop
      vertex   7.912500e+01 1.437500e+01 1.691355e-14
      vertex   8.037500e+01 1.344856e+01 1.691355e-14
      vertex   7.955144e+01 1.262500e+01 1.691355e-14
    endloop
  endfacet
  facet normal 0.000000e+00 0.000000e+00 -1.000000e+00
    outer loop
      vertex   8.150000e+01 1.375000e+01 1.691355e-14
      vertex   7.912500e+01 1.437500e+01 1.691355e-14
      vertex   9.400000e+01 1.437500e+01 1.691355e-14
    endloop
  endfacet
  facet normal 0.000000e+00 0.000000e+00 -1.000000e+00
    outer loop
      vertex   9.400000e+01 8.500000e+00 1.691355e-14
      vertex   8.344856e+01 1.037500e+01 1.691355e-14
      vertex   8.375000e+01 1.150000e+01 1.691355e-14
    endloop
  endfacet
  facet normal 0.000000e+00 0.000000e+00 -1.000000e+00
    outer loop
      vertex   7.912500e+01 8.500000e+00 1.691355e-14
      vertex   8.037500e+01 9.551443e+00 1.691355e-14
      vertex   8.150000e+01 9.250000e+00 1.691355e-14
    endloop
  endfacet
  facet normal 0.000000e+00 -0.000000e+00 -1.000000e+00
    outer loop
      vertex   7.925000e+01 1.150000e+01 1.691355e-14
      vertex   7.955144e+01 1.037500e+01 1.691355e-14
      vertex   7.912500e+01 8.500000e+00 1.691355e-14
    endloop
  endfacet
  facet normal -0.000000e+00 0.000000e+00 -1.000000e+00
    outer loop
      vertex   8.150000e+01 1.375000e+01 1.691355e-14
      vertex   8.037500e+01 1.344856e+01 1.691355e-14
      vertex   7.912500e+01 1.437500e+01 1.691355e-14
    endloop
  endfacet
  facet normal 0.000000e+00 0.000000e+00 -1.000000e+00
    outer loop
      vertex   9.400000e+01 1.437500e+01 1.691355e-14
      vertex   8.375000e+01 1.150000e+01 1.691355e-14
      vertex   8.344856e+01 1.262500e+01 1.691355e-14
    endloop
  endfacet
  facet normal 0.000000e+00 0.000000e+00 -1.000000e+00
    outer loop
      vertex   9.400000e+01 8.500000e+00 1.691355e-14
      vertex   8.262500e+01 9.551443e+00 1.691355e-14
      vertex   8.344856e+01 1.037500e+01 1.691355e-14
    endloop
  endfacet
  facet normal 0.000000e+00 -0.000000e+00 -1.000000e+00
    outer loop
      vertex   7.955144e+01 1.037500e+01 1.691355e-14
      vertex   8.037500e+01 9.551443e+00 1.691355e-14
      vertex   7.912500e+01 8.500000e+00 1.691355e-14
    endloop
  endfacet
  facet normal 0.000000e+00 0.000000e+00 -1.000000e+00
    outer loop
      vertex   8.344856e+01 1.262500e+01 1.691355e-14
      vertex   8.262500e+01 1.344856e+01 1.691355e-14
      vertex   9.400000e+01 1.437500e+01 1.691355e-14
    endloop
  endfacet
  facet normal 0.000000e+00 0.000000e+00 -1.000000e+00
    outer loop
      vertex   8.150000e+01 9.250000e+00 1.691355e-14
      vertex   8.262500e+01 9.551443e+00 1.691355e-14
      vertex   9.400000e+01 8.500000e+00 1.691355e-14
    endloop
  endfacet
  facet normal 0.000000e+00 0.000000e+00 -1.000000e+00
    outer loop
      vertex   8.375000e+01 1.150000e+01 1.691355e-14
      vertex   9.400000e+01 1.437500e+01 1.691355e-14
      vertex   9.400000e+01 8.500000e+00 1.691355e-14
    endloop
  endfacet
  facet normal -0.000000e+00 0.000000e+00 -1.000000e+00
    outer loop
      vertex   7.955144e+01 1.262500e+01 1.691355e-14
      vertex   7.925000e+01 1.150000e+01 1.691355e-14
      vertex   7.912500e+01 1.437500e+01 1.691355e-14
    endloop
  endfacet
  facet normal -0.000000e+00 0.000000e+00 -1.000000e+00
    outer loop
      vertex   3.551443e+00 1.262500e+01 1.691355e-14
      vertex   3.250000e+00 1.150000e+01 1.691355e-14
      vertex   2.000000e+00 1.437500e+01 1.691355e-14
    endloop
  endfacet
  facet normal -0.000000e+00 0.000000e+00 -1.000000e+00
    outer loop
      vertex   8.321106e+01 3.826000e+01 1.691355e-14
      vertex   8.280914e+01 3.676000e+01 1.691355e-14
      vertex   7.912500e+01 4.930000e+01 1.691355e-14
    endloop
  endfacet
  facet normal -0.000000e+00 0.000000e+00 -1.000000e+00
    outer loop
      vertex   3.550454e+00 4.357483e+01 1.691355e-14
      vertex   3.248858e+00 4.244926e+01 1.691355e-14
      vertex   2.000000e+00 4.930000e+01 1.691355e-14
    endloop
  endfacet
  facet normal 7.228014e-17 1.000000e+00 0.000000e+00
    outer loop
      vertex   7.900000e+01 1.500000e+01 2.000000e+00
      vertex   7.900000e+01 1.500000e+01 1.734723e-14
      vertex   7.000000e+00 1.500000e+01 1.734723e-14
    endloop
  endfacet
  facet normal 7.228014e-17 1.000000e+00 -0.000000e+00
    outer loop
      vertex   7.000000e+00 1.500000e+01 1.734723e-14
      vertex   7.000000e+00 1.500000e+01 2.000000e+00
      vertex   7.900000e+01 1.500000e+01 2.000000e+00
    endloop
  endfacet
  facet normal 0.000000e+00 0.000000e+00 -1.000000e+00
    outer loop
      vertex   8.300000e+01 5.137000e+01 -6.220000e+00
      vertex   1.200000e+01 5.037000e+01 -6.220000e+00
      vertex   1.250000e+01 5.050397e+01 -6.220000e+00
    endloop
  endfacet
  facet normal 0.000000e+00 0.000000e+00 -1.000000e+00
    outer loop
      vertex   8.313397e+01 5.187000e+01 -6.220000e+00
      vertex   1.250000e+01 5.223603e+01 -6.220000e+00
      vertex   1.200000e+01 5.237000e+01 -6.220000e+00
    endloop
  endfacet
  facet normal 0.000000e+00 0.000000e+00 -1.000000e+00
    outer loop
      vertex   8.313397e+01 5.187000e+01 -6.220000e+00
      vertex   8.300000e+01 5.137000e+01 -6.220000e+00
      vertex   1.300000e+01 5.137000e+01 -6.220000e+00
    endloop
  endfacet
  facet normal 0.000000e+00 0.000000e+00 -1.000000e+00
    outer loop
      vertex   1.250000e+01 5.050397e+01 -6.220000e+00
      vertex   1.286603e+01 5.087000e+01 -6.220000e+00
      vertex   8.300000e+01 5.137000e+01 -6.220000e+00
    endloop
  endfacet
  facet normal 0.000000e+00 0.000000e+00 -1.000000e+00
    outer loop
      vertex   2.000000e+00 4.930000e+01 -6.220000e+00
      vertex   8.313397e+01 5.087000e+01 -6.220000e+00
      vertex   8.350000e+01 5.050397e+01 -6.220000e+00
    endloop
  endfacet
  facet normal 0.000000e+00 0.000000e+00 -1.000000e+00
    outer loop
      vertex   8.313397e+01 5.087000e+01 -6.220000e+00
      vertex   2.000000e+00 4.930000e+01 -6.220000e+00
      vertex   1.200000e+01 5.037000e+01 -6.220000e+00
    endloop
  endfacet
  facet normal 0.000000e+00 0.000000e+00 -1.000000e+00
    outer loop
      vertex   2.000000e+00 5.622000e+01 -6.220000e+00
      vertex   1.113397e+01 5.187000e+01 -6.220000e+00
      vertex   1.100000e+01 5.137000e+01 -6.220000e+00
    endloop
  endfacet
  facet normal 0.000000e+00 0.000000e+00 -1.000000e+00
    outer loop
      vertex   2.000000e+00 5.622000e+01 -6.220000e+00
      vertex   1.200000e+01 5.237000e+01 -6.220000e+00
      vertex   1.150000e+01 5.223603e+01 -6.220000e+00
    endloop
  endfacet
  facet normal -0.000000e+00 0.000000e+00 -1.000000e+00
    outer loop
      vertex   8.313397e+01 5.187000e+01 -6.220000e+00
      vertex   1.286603e+01 5.187000e+01 -6.220000e+00
      vertex   1.250000e+01 5.223603e+01 -6.220000e+00
    endloop
  endfacet
  facet normal 0.000000e+00 0.000000e+00 -1.000000e+00
    outer loop
      vertex   1.286603e+01 5.087000e+01 -6.220000e+00
      vertex   1.300000e+01 5.137000e+01 -6.220000e+00
      vertex   8.300000e+01 5.137000e+01 -6.220000e+00
    endloop
  endfacet
  facet normal 0.000000e+00 0.000000e+00 -1.000000e+00
    outer loop
      vertex   2.000000e+00 5.622000e+01 -6.220000e+00
      vertex   9.400000e+01 5.622000e+01 -6.220000e+00
      vertex   8.400000e+01 5.237000e+01 -6.220000e+00
    endloop
  endfacet
  facet normal 0.000000e+00 -0.000000e+00 -1.000000e+00
    outer loop
      vertex   9.400000e+01 5.622000e+01 -6.220000e+00
      vertex   9.400000e+01 4.930000e+01 -6.220000e+00
      vertex   8.500000e+01 5.137000e+01 -6.220000e+00
    endloop
  endfacet
  facet normal 0.000000e+00 0.000000e+00 -1.000000e+00
    outer loop
      vertex   9.400000e+01 4.930000e+01 -6.220000e+00
      vertex   8.400000e+01 5.037000e+01 -6.220000e+00
      vertex   8.450000e+01 5.050397e+01 -6.220000e+00
    endloop
  endfacet
  facet normal 0.000000e+00 -0.000000e+00 -1.000000e+00
    outer loop
      vertex   8.350000e+01 5.050397e+01 -6.220000e+00
      vertex   8.400000e+01 5.037000e+01 -6.220000e+00
      vertex   2.000000e+00 4.930000e+01 -6.220000e+00
    endloop
  endfacet
  facet normal 0.000000e+00 -0.000000e+00 -1.000000e+00
    outer loop
      vertex   8.400000e+01 5.037000e+01 -6.220000e+00
      vertex   9.400000e+01 4.930000e+01 -6.220000e+00
      vertex   2.000000e+00 4.930000e+01 -6.220000e+00
    endloop
  endfacet
  facet normal 0.000000e+00 0.000000e+00 -1.000000e+00
    outer loop
      vertex   2.000000e+00 4.930000e+01 -6.220000e+00
      vertex   1.150000e+01 5.050397e+01 -6.220000e+00
      vertex   1.200000e+01 5.037000e+01 -6.220000e+00
    endloop
  endfacet
  facet normal -0.000000e+00 0.000000e+00 -1.000000e+00
    outer loop
      vertex   1.150000e+01 5.223603e+01 -6.220000e+00
      vertex   1.113397e+01 5.187000e+01 -6.220000e+00
      vertex   2.000000e+00 5.622000e+01 -6.220000e+00
    endloop
  endfacet
  facet normal 0.000000e+00 0.000000e+00 -1.000000e+00
    outer loop
      vertex   1.300000e+01 5.137000e+01 -6.220000e+00
      vertex   1.286603e+01 5.187000e+01 -6.220000e+00
      vertex   8.313397e+01 5.187000e+01 -6.220000e+00
    endloop
  endfacet
  facet normal -0.000000e+00 0.000000e+00 -1.000000e+00
    outer loop
      vertex   8.400000e+01 5.237000e+01 -6.220000e+00
      vertex   8.350000e+01 5.223603e+01 -6.220000e+00
      vertex   2.000000e+00 5.622000e+01 -6.220000e+00
    endloop
  endfacet
  facet normal 0.000000e+00 0.000000e+00 -1.000000e+00
    outer loop
      vertex   9.400000e+01 5.622000e+01 -6.220000e+00
      vertex   8.486603e+01 5.187000e+01 -6.220000e+00
      vertex   8.450000e+01 5.223603e+01 -6.220000e+00
    endloop
  endfacet
  facet normal 0.000000e+00 0.000000e+00 -1.000000e+00
    outer loop
      vertex   9.400000e+01 4.930000e+01 -6.220000e+00
      vertex   8.486603e+01 5.087000e+01 -6.220000e+00
      vertex   8.500000e+01 5.137000e+01 -6.220000e+00
    endloop
  endfacet
  facet normal 0.000000e+00 0.000000e+00 -1.000000e+00
    outer loop
      vertex   2.000000e+00 4.930000e+01 -6.220000e+00
      vertex   1.113397e+01 5.087000e+01 -6.220000e+00
      vertex   1.150000e+01 5.050397e+01 -6.220000e+00
    endloop
  endfacet
  facet normal 0.000000e+00 0.000000e+00 -1.000000e+00
    outer loop
      vertex   1.200000e+01 5.237000e+01 -6.220000e+00
      vertex   2.000000e+00 5.622000e+01 -6.220000e+00
      vertex   8.313397e+01 5.187000e+01 -6.220000e+00
    endloop
  endfacet
  facet normal 0.000000e+00 0.000000e+00 -1.000000e+00
    outer loop
      vertex   8.450000e+01 5.223603e+01 -6.220000e+00
      vertex   8.400000e+01 5.237000e+01 -6.220000e+00
      vertex   9.400000e+01 5.622000e+01 -6.220000e+00
    endloop
  endfacet
  facet normal 0.000000e+00 0.000000e+00 -1.000000e+00
    outer loop
      vertex   8.450000e+01 5.050397e+01 -6.220000e+00
      vertex   8.486603e+01 5.087000e+01 -6.220000e+00
      vertex   9.400000e+01 4.930000e+01 -6.220000e+00
    endloop
  endfacet
  facet normal 0.000000e+00 0.000000e+00 -1.000000e+00
    outer loop
      vertex   2.000000e+00 4.930000e+01 -6.220000e+00
      vertex   1.100000e+01 5.137000e+01 -6.220000e+00
      vertex   1.113397e+01 5.087000e+01 -6.220000e+00
    endloop
  endfacet
  facet normal -0.000000e+00 0.000000e+00 -1.000000e+00
    outer loop
      vertex   8.350000e+01 5.223603e+01 -6.220000e+00
      vertex   8.313397e+01 5.187000e+01 -6.220000e+00
      vertex   2.000000e+00 5.622000e+01 -6.220000e+00
    endloop
  endfacet
  facet normal 0.000000e+00 0.000000e+00 -1.000000e+00
    outer loop
      vertex   1.200000e+01 5.037000e+01 -6.220000e+00
      vertex   8.300000e+01 5.137000e+01 -6.220000e+00
      vertex   8.313397e+01 5.087000e+01 -6.220000e+00
    endloop
  endfacet
  facet normal 0.000000e+00 0.000000e+00 -1.000000e+00
    outer loop
      vertex   8.500000e+01 5.137000e+01 -6.220000e+00
      vertex   8.486603e+01 5.187000e+01 -6.220000e+00
      vertex   9.400000e+01 5.622000e+01 -6.220000e+00
    endloop
  endfacet
  facet normal -0.000000e+00 0.000000e+00 -1.000000e+00
    outer loop
      vertex   1.100000e+01 5.137000e+01 -6.220000e+00
      vertex   2.000000e+00 4.930000e+01 -6.220000e+00
      vertex   2.000000e+00 5.622000e+01 -6.220000e+00
    endloop
  endfacet
  facet normal -9.659258e-01 2.588190e-01 0.000000e+00
    outer loop
      vertex   8.486603e+01 5.087000e+01 2.000000e+00
      vertex   8.500000e+01 5.137000e+01 2.000000e+00
      vertex   8.500000e+01 5.137000e+01 -6.220000e+00
    endloop
  endfacet
  facet normal -7.071068e-01 7.071068e-01 0.000000e+00
    outer loop
      vertex   8.450000e+01 5.050397e+01 2.000000e+00
      vertex   8.486603e+01 5.087000e+01 2.000000e+00
      vertex   8.486603e+01 5.087000e+01 -6.220000e+00
    endloop
  endfacet
  facet normal -2.588190e-01 9.659258e-01 0.000000e+00
    outer loop
      vertex   8.400000e+01 5.037000e+01 2.000000e+00
      vertex   8.450000e+01 5.050397e+01 2.000000e+00
      vertex   8.450000e+01 5.050397e+01 -6.220000e+00
    endloop
  endfacet
  facet normal 2.588190e-01 9.659258e-01 0.000000e+00
    outer loop
      vertex   8.350000e+01 5.050397e+01 2.000000e+00
      vertex   8.400000e+01 5.037000e+01 2.000000e+00
      vertex   8.400000e+01 5.037000e+01 -6.220000e+00
    endloop
  endfacet
  facet normal 7.071068e-01 7.071068e-01 0.000000e+00
    outer loop
      vertex   8.313397e+01 5.087000e+01 2.000000e+00
      vertex   8.350000e+01 5.050397e+01 2.000000e+00
      vertex   8.350000e+01 5.050397e+01 -6.220000e+00
    endloop
  endfacet
  facet normal 9.659258e-01 2.588190e-01 0.000000e+00
    outer loop
      vertex   8.300000e+01 5.137000e+01 2.000000e+00
      vertex   8.313397e+01 5.087000e+01 2.000000e+00
      vertex   8.313397e+01 5.087000e+01 -6.220000e+00
    endloop
  endfacet
  facet normal 9.659258e-01 -2.588190e-01 0.000000e+00
    outer loop
      vertex   8.313397e+01 5.187000e+01 2.000000e+00
      vertex   8.300000e+01 5.137000e+01 2.000000e+00
      vertex   8.300000e+01 5.137000e+01 -6.220000e+00
    endloop
  endfacet
  facet normal 7.071068e-01 -7.071068e-01 0.000000e+00
    outer loop
      vertex   8.350000e+01 5.223603e+01 2.000000e+00
      vertex   8.313397e+01 5.187000e+01 2.000000e+00
      vertex   8.313397e+01 5.187000e+01 -6.220000e+00
    endloop
  endfacet
  facet normal 2.588190e-01 -9.659258e-01 0.000000e+00
    outer loop
      vertex   8.400000e+01 5.237000e+01 2.000000e+00
      vertex   8.350000e+01 5.223603e+01 2.000000e+00
      vertex   8.350000e+01 5.223603e+01 -6.220000e+00
    endloop
  endfacet
  facet normal -2.588190e-01 -9.659258e-01 0.000000e+00
    outer loop
      vertex   8.450000e+01 5.223603e+01 2.000000e+00
      vertex   8.400000e+01 5.237000e+01 2.000000e+00
      vertex   8.400000e+01 5.237000e+01 -6.220000e+00
    endloop
  endfacet
  facet normal -7.071068e-01 -7.071068e-01 0.000000e+00
    outer loop
      vertex   8.486603e+01 5.187000e+01 2.000000e+00
      vertex   8.450000e+01 5.223603e+01 2.000000e+00
      vertex   8.450000e+01 5.223603e+01 -6.220000e+00
    endloop
  endfacet
  facet normal -9.659258e-01 -2.588190e-01 0.000000e+00
    outer loop
      vertex   8.500000e+01 5.137000e+01 2.000000e+00
      vertex   8.486603e+01 5.187000e+01 2.000000e+00
      vertex   8.486603e+01 5.187000e+01 -6.220000e+00
    endloop
  endfacet
  facet normal -9.659258e-01 -2.588190e-01 0.000000e+00
    outer loop
      vertex   8.486603e+01 5.187000e+01 -6.220000e+00
      vertex   8.500000e+01 5.137000e+01 -6.220000e+00
      vertex   8.500000e+01 5.137000e+01 2.000000e+00
    endloop
  endfacet
  facet normal -7.071068e-01 -7.071068e-01 0.000000e+00
    outer loop
      vertex   8.450000e+01 5.223603e+01 -6.220000e+00
      vertex   8.486603e+01 5.187000e+01 -6.220000e+00
      vertex   8.486603e+01 5.187000e+01 2.000000e+00
    endloop
  endfacet
  facet normal -2.588190e-01 -9.659258e-01 0.000000e+00
    outer loop
      vertex   8.400000e+01 5.237000e+01 -6.220000e+00
      vertex   8.450000e+01 5.223603e+01 -6.220000e+00
      vertex   8.450000e+01 5.223603e+01 2.000000e+00
    endloop
  endfacet
  facet normal 2.588190e-01 -9.659258e-01 0.000000e+00
    outer loop
      vertex   8.350000e+01 5.223603e+01 -6.220000e+00
      vertex   8.400000e+01 5.237000e+01 -6.220000e+00
      vertex   8.400000e+01 5.237000e+01 2.000000e+00
    endloop
  endfacet
  facet normal 7.071068e-01 -7.071068e-01 0.000000e+00
    outer loop
      vertex   8.313397e+01 5.187000e+01 -6.220000e+00
      vertex   8.350000e+01 5.223603e+01 -6.220000e+00
      vertex   8.350000e+01 5.223603e+01 2.000000e+00
    endloop
  endfacet
  facet normal 9.659258e-01 -2.588190e-01 0.000000e+00
    outer loop
      vertex   8.300000e+01 5.137000e+01 -6.220000e+00
      vertex   8.313397e+01 5.187000e+01 -6.220000e+00
      vertex   8.313397e+01 5.187000e+01 2.000000e+00
    endloop
  endfacet
  facet normal 9.659258e-01 2.588190e-01 0.000000e+00
    outer loop
      vertex   8.313397e+01 5.087000e+01 -6.220000e+00
      vertex   8.300000e+01 5.137000e+01 -6.220000e+00
      vertex   8.300000e+01 5.137000e+01 2.000000e+00
    endloop
  endfacet
  facet normal 7.071068e-01 7.071068e-01 0.000000e+00
    outer loop
      vertex   8.350000e+01 5.050397e+01 -6.220000e+00
      vertex   8.313397e+01 5.087000e+01 -6.220000e+00
      vertex   8.313397e+01 5.087000e+01 2.000000e+00
    endloop
  endfacet
  facet normal 2.588190e-01 9.659258e-01 0.000000e+00
    outer loop
      vertex   8.400000e+01 5.037000e+01 -6.220000e+00
      vertex   8.350000e+01 5.050397e+01 -6.220000e+00
      vertex   8.350000e+01 5.050397e+01 2.000000e+00
    endloop
  endfacet
  facet normal -2.588190e-01 9.659258e-01 0.000000e+00
    outer loop
      vertex   8.450000e+01 5.050397e+01 -6.220000e+00
      vertex   8.400000e+01 5.037000e+01 -6.220000e+00
      vertex   8.400000e+01 5.037000e+01 2.000000e+00
    endloop
  endfacet
  facet normal -7.071068e-01 7.071068e-01 0.000000e+00
    outer loop
      vertex   8.486603e+01 5.087000e+01 -6.220000e+00
      vertex   8.450000e+01 5.050397e+01 -6.220000e+00
      vertex   8.450000e+01 5.050397e+01 2.000000e+00
    endloop
  endfacet
  facet normal -9.659258e-01 2.588190e-01 0.000000e+00
    outer loop
      vertex   8.500000e+01 5.137000e+01 -6.220000e+00
      vertex   8.486603e+01 5.087000e+01 -6.220000e+00
      vertex   8.486603e+01 5.087000e+01 2.000000e+00
    endloop
  endfacet
  facet normal 0.000000e+00 0.000000e+00 1.000000e+00
    outer loop
      vertex   2.000000e+00 8.750000e+00 2.000000e+00
      vertex   2.000000e+00 7.000000e+00 2.000000e+00
      vertex   3.250000e+00 7.000000e+00 2.000000e+00
    endloop
  endfacet
  facet normal 0.000000e+00 0.000000e+00 1.000000e+00
    outer loop
      vertex   3.250000e+00 8.750000e+00 2.000000e+00
      vertex   3.250000e+00 7.000000e+00 2.000000e+00
      vertex   6.750000e+00 7.000000e+00 2.000000e+00
    endloop
  endfacet
  facet normal 0.000000e+00 0.000000e+00 1.000000e+00
    outer loop
      vertex   6.750000e+00 8.750000e+00 2.000000e+00
      vertex   6.750000e+00 7.000000e+00 2.000000e+00
      vertex   9.000000e+00 7.000000e+00 2.000000e+00
    endloop
  endfacet
  facet normal 0.000000e+00 0.000000e+00 1.000000e+00
    outer loop
      vertex   9.000000e+00 8.750000e+00 2.000000e+00
      vertex   9.000000e+00 7.000000e+00 2.000000e+00
      vertex   4.600000e+01 7.000000e+00 2.000000e+00
    endloop
  endfacet
  facet normal 0.000000e+00 0.000000e+00 1.000000e+00
    outer loop
      vertex   4.600000e+01 8.750000e+00 2.000000e+00
      vertex   4.600000e+01 7.000000e+00 2.000000e+00
      vertex   8.100000e+01 7.000000e+00 2.000000e+00
    endloop
  endfacet
  facet normal 0.000000e+00 0.000000e+00 1.000000e+00
    outer loop
      vertex   8.100000e+01 8.750000e+00 2.000000e+00
      vertex   8.100000e+01 7.000000e+00 2.000000e+00
      vertex   8.340457e+01 7.000000e+00 2.000000e+00
    endloop
  endfacet
  facet normal 0.000000e+00 0.000000e+00 1.000000e+00
    outer loop
      vertex   8.340457e+01 8.750000e+00 2.000000e+00
      vertex   8.340457e+01 7.000000e+00 2.000000e+00
      vertex   9.400000e+01 7.000000e+00 2.000000e+00
    endloop
  endfacet
  facet normal 0.000000e+00 0.000000e+00 1.000000e+00
    outer loop
      vertex   2.000000e+00 1.375000e+01 2.000000e+00
      vertex   2.000000e+00 8.750000e+00 2.000000e+00
      vertex   3.250000e+00 8.750000e+00 2.000000e+00
    endloop
  endfacet
  facet normal -5.017231e-16 1.872456e-15 1.000000e+00
    outer loop
      vertex   3.250000e+00 1.375000e+01 2.000000e+00
      vertex   5.000000e+00 1.236603e+01 2.000000e+00
      vertex   5.500000e+00 1.250000e+01 2.000000e+00
    endloop
  endfacet
  facet normal -1.746196e-15 -4.678917e-16 1.000000e+00
    outer loop
      vertex   3.250000e+00 8.750000e+00 2.000000e+00
      vertex   4.633975e+00 1.100000e+01 2.000000e+00
      vertex   4.500000e+00 1.150000e+01 2.000000e+00
    endloop
  endfacet
  facet normal 1.625815e-15 1.625815e-15 1.000000e+00
    outer loop
      vertex   6.750000e+00 1.375000e+01 2.000000e+00
      vertex   6.000000e+00 1.236603e+01 2.000000e+00
      vertex   6.366025e+00 1.200000e+01 2.000000e+00
    endloop
  endfacet
  facet normal -1.107044e-15 1.107044e-15 1.000000e+00
    outer loop
      vertex   3.250000e+00 1.375000e+01 2.000000e+00
      vertex   4.633975e+00 1.200000e+01 2.000000e+00
      vertex   5.000000e+00 1.236603e+01 2.000000e+00
    endloop
  endfacet
  facet normal -2.775558e-15 0.000000e+00 1.000000e+00
    outer loop
      vertex   4.500000e+00 1.150000e+01 2.000000e+00
      vertex   3.250000e+00 1.375000e+01 2.000000e+00
      vertex   3.250000e+00 8.750000e+00 2.000000e+00
    endloop
  endfacet
  facet normal 5.865443e-16 2.189013e-15 1.000000e+00
    outer loop
      vertex   6.750000e+00 1.375000e+01 2.000000e+00
      vertex   5.500000e+00 1.250000e+01 2.000000e+00
      vertex   6.000000e+00 1.236603e+01 2.000000e+00
    endloop
  endfacet
  facet normal -1.872456e-15 5.017231e-16 1.000000e+00
    outer loop
      vertex   4.500000e+00 1.150000e+01 2.000000e+00
      vertex   4.633975e+00 1.200000e+01 2.000000e+00
      vertex   3.250000e+00 1.375000e+01 2.000000e+00
    endloop
  endfacet
  facet normal 0.000000e+00 -1.982541e-15 1.000000e+00
    outer loop
      vertex   3.250000e+00 8.750000e+00 2.000000e+00
      vertex   6.750000e+00 8.750000e+00 2.000000e+00
      vertex   5.500000e+00 1.050000e+01 2.000000e+00
    endloop
  endfacet
  facet normal 0.000000e+00 2.775558e-15 1.000000e+00
    outer loop
      vertex   5.500000e+00 1.250000e+01 2.000000e+00
      vertex   6.750000e+00 1.375000e+01 2.000000e+00
      vertex   3.250000e+00 1.375000e+01 2.000000e+00
    endloop
  endfacet
  facet normal -3.951044e-16 -1.474550e-15 1.000000e+00
    outer loop
      vertex   5.500000e+00 1.050000e+01 2.000000e+00
      vertex   5.000000e+00 1.063397e+01 2.000000e+00
      vertex   3.250000e+00 8.750000e+00 2.000000e+00
    endloop
  endfacet
  facet normal 1.317191e-15 -1.317191e-15 1.000000e+00
    outer loop
      vertex   6.750000e+00 8.750000e+00 2.000000e+00
      vertex   6.366025e+00 1.100000e+01 2.000000e+00
      vertex   6.000000e+00 1.063397e+01 2.000000e+00
    endloop
  endfacet
  facet normal 1.387779e-14 -0.000000e+00 1.000000e+00
    outer loop
      vertex   6.750000e+00 8.750000e+00 2.000000e+00
      vertex   6.750000e+00 1.375000e+01 2.000000e+00
      vertex   6.500000e+00 1.150000e+01 2.000000e+00
    endloop
  endfacet
  facet normal -9.547252e-16 -9.547252e-16 1.000000e+00
    outer loop
      vertex   5.000000e+00 1.063397e+01 2.000000e+00
      vertex   4.633975e+00 1.100000e+01 2.000000e+00
      vertex   3.250000e+00 8.750000e+00 2.000000e+00
    endloop
  endfacet
  facet normal 3.515641e-15 -9.420133e-16 1.000000e+00
    outer loop
      vertex   6.500000e+00 1.150000e+01 2.000000e+00
      vertex   6.366025e+00 1.100000e+01 2.000000e+00
      vertex   6.750000e+00 8.750000e+00 2.000000e+00
    endloop
  endfacet
  facet normal 4.458819e-16 -1.664054e-15 1.000000e+00
    outer loop
      vertex   6.000000e+00 1.063397e+01 2.000000e+00
      vertex   5.500000e+00 1.050000e+01 2.000000e+00
      vertex   6.750000e+00 8.750000e+00 2.000000e+00
    endloop
  endfacet
  facet normal 0.000000e+00 0.000000e+00 1.000000e+00
    outer loop
      vertex   6.750000e+00 1.375000e+01 2.000000e+00
      vertex   6.750000e+00 8.750000e+00 2.000000e+00
      vertex   9.000000e+00 8.750000e+00 2.000000e+00
    endloop
  endfacet
  facet normal 0.000000e+00 0.000000e+00 1.000000e+00
    outer loop
      vertex   9.000000e+00 1.375000e+01 2.000000e+00
      vertex   9.000000e+00 8.750000e+00 2.000000e+00
      vertex   4.600000e+01 8.750000e+00 2.000000e+00
    endloop
  endfacet
  facet normal 0.000000e+00 0.000000e+00 1.000000e+00
    outer loop
      vertex   4.600000e+01 1.375000e+01 2.000000e+00
      vertex   4.600000e+01 8.750000e+00 2.000000e+00
      vertex   8.100000e+01 8.750000e+00 2.000000e+00
    endloop
  endfacet
  facet normal 0.000000e+00 0.000000e+00 1.000000e+00
    outer loop
      vertex   8.100000e+01 1.375000e+01 2.000000e+00
      vertex   8.100000e+01 8.750000e+00 2.000000e+00
      vertex   8.340457e+01 8.750000e+00 2.000000e+00
    endloop
  endfacet
  facet normal 0.000000e+00 0.000000e+00 1.000000e+00
    outer loop
      vertex   8.340457e+01 1.375000e+01 2.000000e+00
      vertex   8.340457e+01 8.750000e+00 2.000000e+00
      vertex   9.400000e+01 8.750000e+00 2.000000e+00
    endloop
  endfacet
  facet normal 0.000000e+00 0.000000e+00 1.000000e+00
    outer loop
      vertex   2.000000e+00 2.488000e+01 2.000000e+00
      vertex   2.000000e+00 1.375000e+01 2.000000e+00
      vertex   3.250000e+00 1.375000e+01 2.000000e+00
    endloop
  endfacet
  facet normal 0.000000e+00 0.000000e+00 1.000000e+00
    outer loop
      vertex   3.250000e+00 2.488000e+01 2.000000e+00
      vertex   3.250000e+00 1.375000e+01 2.000000e+00
      vertex   6.750000e+00 1.375000e+01 2.000000e+00
    endloop
  endfacet
  facet normal 0.000000e+00 0.000000e+00 1.000000e+00
    outer loop
      vertex   8.100000e+01 2.488000e+01 2.000000e+00
      vertex   8.100000e+01 1.375000e+01 2.000000e+00
      vertex   8.340457e+01 1.375000e+01 2.000000e+00
    endloop
  endfacet
  facet normal 0.000000e+00 0.000000e+00 1.000000e+00
    outer loop
      vertex   8.340457e+01 2.488000e+01 2.000000e+00
      vertex   8.340457e+01 1.375000e+01 2.000000e+00
      vertex   9.400000e+01 1.375000e+01 2.000000e+00
    endloop
  endfacet
  facet normal 0.000000e+00 0.000000e+00 1.000000e+00
    outer loop
      vertex   2.000000e+00 4.072463e+01 2.000000e+00
      vertex   2.000000e+00 2.488000e+01 2.000000e+00
      vertex   3.250000e+00 2.488000e+01 2.000000e+00
    endloop
  endfacet
  facet normal 0.000000e+00 0.000000e+00 1.000000e+00
    outer loop
      vertex   3.250000e+00 4.072463e+01 2.000000e+00
      vertex   3.250000e+00 2.488000e+01 2.000000e+00
      vertex   6.750000e+00 2.488000e+01 2.000000e+00
    endloop
  endfacet
  facet normal 0.000000e+00 0.000000e+00 1.000000e+00
    outer loop
      vertex   8.100000e+01 4.072463e+01 2.000000e+00
      vertex   8.100000e+01 2.488000e+01 2.000000e+00
      vertex   8.340457e+01 2.488000e+01 2.000000e+00
    endloop
  endfacet
  facet normal 0.000000e+00 1.765956e-15 1.000000e+00
    outer loop
      vertex   9.400000e+01 4.072463e+01 2.000000e+00
      vertex   8.340457e+01 4.072463e+01 2.000000e+00
      vertex   8.580914e+01 3.876000e+01 2.000000e+00
    endloop
  endfacet
  facet normal -9.670107e-16 -2.591097e-16 1.000000e+00
    outer loop
      vertex   8.340457e+01 2.488000e+01 2.000000e+00
      vertex   8.407709e+01 3.576000e+01 2.000000e+00
      vertex   8.380914e+01 3.676000e+01 2.000000e+00
    endloop
  endfacet
  facet normal 7.699014e-17 -2.873311e-16 1.000000e+00
    outer loop
      vertex   9.400000e+01 2.488000e+01 2.000000e+00
      vertex   8.680914e+01 3.502795e+01 2.000000e+00
      vertex   8.580914e+01 3.476000e+01 2.000000e+00
    endloop
  endfacet
  facet normal 3.681721e-16 3.681721e-16 1.000000e+00
    outer loop
      vertex   9.400000e+01 4.072463e+01 2.000000e+00
      vertex   8.680914e+01 3.849205e+01 2.000000e+00
      vertex   8.754119e+01 3.776000e+01 2.000000e+00
    endloop
  endfacet
  facet normal -3.563281e-16 1.329835e-15 1.000000e+00
    outer loop
      vertex   8.340457e+01 4.072463e+01 2.000000e+00
      vertex   8.480914e+01 3.849205e+01 2.000000e+00
      vertex   8.580914e+01 3.876000e+01 2.000000e+00
    endloop
  endfacet
  facet normal -3.003195e-16 -3.003195e-16 1.000000e+00
    outer loop
      vertex   8.340457e+01 2.488000e+01 2.000000e+00
      vertex   8.480914e+01 3.502795e+01 2.000000e+00
      vertex   8.407709e+01 3.576000e+01 2.000000e+00
    endloop
  endfacet
  facet normal 6.146252e-32 -3.511586e-16 1.000000e+00
    outer loop
      vertex   8.580914e+01 3.476000e+01 2.000000e+00
      vertex   8.340457e+01 2.488000e+01 2.000000e+00
      vertex   9.400000e+01 2.488000e+01 2.000000e+00
    endloop
  endfacet
  facet normal 5.604144e-16 -0.000000e+00 1.000000e+00
    outer loop
      vertex   9.400000e+01 2.488000e+01 2.000000e+00
      vertex   9.400000e+01 4.072463e+01 2.000000e+00
      vertex   8.780914e+01 3.676000e+01 2.000000e+00
    endloop
  endfacet
  facet normal 2.235043e-16 8.341294e-16 1.000000e+00
    outer loop
      vertex   8.580914e+01 3.876000e+01 2.000000e+00
      vertex   8.680914e+01 3.849205e+01 2.000000e+00
      vertex   9.400000e+01 4.072463e+01 2.000000e+00
    endloop
  endfacet
  facet normal -2.365174e-15 6.337463e-16 1.000000e+00
    outer loop
      vertex   8.340457e+01 4.072463e+01 2.000000e+00
      vertex   8.380914e+01 3.676000e+01 2.000000e+00
      vertex   8.407709e+01 3.776000e+01 2.000000e+00
    endloop
  endfacet
  facet normal -8.833227e-17 -3.296605e-16 1.000000e+00
    outer loop
      vertex   8.580914e+01 3.476000e+01 2.000000e+00
      vertex   8.480914e+01 3.502795e+01 2.000000e+00
      vertex   8.340457e+01 2.488000e+01 2.000000e+00
    endloop
  endfacet
  facet normal 3.701100e-16 -9.917068e-17 1.000000e+00
    outer loop
      vertex   8.780914e+01 3.676000e+01 2.000000e+00
      vertex   8.754119e+01 3.576000e+01 2.000000e+00
      vertex   9.400000e+01 2.488000e+01 2.000000e+00
    endloop
  endfacet
  facet normal -9.538922e-16 9.538922e-16 1.000000e+00
    outer loop
      vertex   8.407709e+01 3.776000e+01 2.000000e+00
      vertex   8.480914e+01 3.849205e+01 2.000000e+00
      vertex   8.340457e+01 4.072463e+01 2.000000e+00
    endloop
  endfacet
  facet normal 2.000972e-16 -2.000972e-16 1.000000e+00
    outer loop
      vertex   8.754119e+01 3.576000e+01 2.000000e+00
      vertex   8.680914e+01 3.502795e+01 2.000000e+00
      vertex   9.400000e+01 2.488000e+01 2.000000e+00
    endloop
  endfacet
  facet normal -8.575642e-15 0.000000e+00 1.000000e+00
    outer loop
      vertex   8.380914e+01 3.676000e+01 2.000000e+00
      vertex   8.340457e+01 4.072463e+01 2.000000e+00
      vertex   8.340457e+01 2.488000e+01 2.000000e+00
    endloop
  endfacet
  facet normal 0.000000e+00 0.000000e+00 1.000000e+00
    outer loop
      vertex   2.000000e+00 4.690963e+01 2.000000e+00
      vertex   2.000000e+00 4.072463e+01 2.000000e+00
      vertex   3.250000e+00 4.072463e+01 2.000000e+00
    endloop
  endfacet
  facet normal -2.287907e-16 8.538586e-16 1.000000e+00
    outer loop
      vertex   3.250000e+00 4.690963e+01 2.000000e+00
      vertex   5.000000e+00 4.331528e+01 2.000000e+00
      vertex   5.500000e+00 4.344926e+01 2.000000e+00
    endloop
  endfacet
  facet normal -2.775558e-15 0.000000e+00 1.000000e+00
    outer loop
      vertex   3.250000e+00 4.690963e+01 2.000000e+00
      vertex   3.250000e+00 4.072463e+01 2.000000e+00
      vertex   4.500000e+00 4.244926e+01 2.000000e+00
    endloop
  endfacet
  facet normal -6.491808e-16 6.491808e-16 1.000000e+00
    outer loop
      vertex   3.250000e+00 4.690963e+01 2.000000e+00
      vertex   4.633975e+00 4.294926e+01 2.000000e+00
      vertex   5.000000e+00 4.331528e+01 2.000000e+00
    endloop
  endfacet
  facet normal -2.026413e-15 -5.429756e-16 1.000000e+00
    outer loop
      vertex   3.250000e+00 4.072463e+01 2.000000e+00
      vertex   4.633975e+00 4.194926e+01 2.000000e+00
      vertex   4.500000e+00 4.244926e+01 2.000000e+00
    endloop
  endfacet
  facet normal 0.000000e+00 -4.787897e-15 1.000000e+00
    outer loop
      vertex   3.250000e+00 4.072463e+01 2.000000e+00
      vertex   6.750000e+00 4.072463e+01 2.000000e+00
      vertex   5.500000e+00 4.144926e+01 2.000000e+00
    endloop
  endfacet
  facet normal 2.400747e-15 6.432783e-16 1.000000e+00
    outer loop
      vertex   6.750000e+00 4.690963e+01 2.000000e+00
      vertex   6.366025e+00 4.294926e+01 2.000000e+00
      vertex   6.500000e+00 4.244926e+01 2.000000e+00
    endloop
  endfacet
  facet normal 2.449434e-16 9.141411e-16 1.000000e+00
    outer loop
      vertex   6.750000e+00 4.690963e+01 2.000000e+00
      vertex   5.500000e+00 4.344926e+01 2.000000e+00
      vertex   6.000000e+00 4.331528e+01 2.000000e+00
    endloop
  endfacet
  facet normal -1.418908e-15 3.801952e-16 1.000000e+00
    outer loop
      vertex   4.500000e+00 4.244926e+01 2.000000e+00
      vertex   4.633975e+00 4.294926e+01 2.000000e+00
      vertex   3.250000e+00 4.690963e+01 2.000000e+00
    endloop
  endfacet
  facet normal -7.002829e-16 -2.613491e-15 1.000000e+00
    outer loop
      vertex   5.500000e+00 4.144926e+01 2.000000e+00
      vertex   5.000000e+00 4.158323e+01 2.000000e+00
      vertex   3.250000e+00 4.072463e+01 2.000000e+00
    endloop
  endfacet
  facet normal 7.986120e-16 7.986120e-16 1.000000e+00
    outer loop
      vertex   6.000000e+00 4.331528e+01 2.000000e+00
      vertex   6.366025e+00 4.294926e+01 2.000000e+00
      vertex   6.750000e+00 4.690963e+01 2.000000e+00
    endloop
  endfacet
  facet normal -1.330002e-15 -1.330002e-15 1.000000e+00
    outer loop
      vertex   5.000000e+00 4.158323e+01 2.000000e+00
      vertex   4.633975e+00 4.194926e+01 2.000000e+00
      vertex   3.250000e+00 4.072463e+01 2.000000e+00
    endloop
  endfacet
  facet normal 2.156807e-15 -2.156807e-15 1.000000e+00
    outer loop
      vertex   6.750000e+00 4.072463e+01 2.000000e+00
      vertex   6.366025e+00 4.194926e+01 2.000000e+00
      vertex   6.000000e+00 4.158323e+01 2.000000e+00
    endloop
  endfacet
  facet normal 0.000000e+00 1.002623e-15 1.000000e+00
    outer loop
      vertex   5.500000e+00 4.344926e+01 2.000000e+00
      vertex   6.750000e+00 4.690963e+01 2.000000e+00
      vertex   3.250000e+00 4.690963e+01 2.000000e+00
    endloop
  endfacet
  facet normal 4.872047e-15 -1.305461e-15 1.000000e+00
    outer loop
      vertex   6.750000e+00 4.072463e+01 2.000000e+00
      vertex   6.500000e+00 4.244926e+01 2.000000e+00
      vertex   6.366025e+00 4.194926e+01 2.000000e+00
    endloop
  endfacet
  facet normal 8.773746e-16 -3.274407e-15 1.000000e+00
    outer loop
      vertex   6.000000e+00 4.158323e+01 2.000000e+00
      vertex   5.500000e+00 4.144926e+01 2.000000e+00
      vertex   6.750000e+00 4.072463e+01 2.000000e+00
    endloop
  endfacet
  facet normal 0.000000e+00 0.000000e+00 1.000000e+00
    outer loop
      vertex   6.750000e+00 4.690963e+01 2.000000e+00
      vertex   6.750000e+00 4.072463e+01 2.000000e+00
      vertex   9.000000e+00 4.072463e+01 2.000000e+00
    endloop
  endfacet
  facet normal 0.000000e+00 0.000000e+00 1.000000e+00
    outer loop
      vertex   9.000000e+00 4.690963e+01 2.000000e+00
      vertex   9.000000e+00 4.072463e+01 2.000000e+00
      vertex   4.600000e+01 4.072463e+01 2.000000e+00
    endloop
  endfacet
  facet normal 0.000000e+00 0.000000e+00 1.000000e+00
    outer loop
      vertex   4.600000e+01 4.690963e+01 2.000000e+00
      vertex   4.600000e+01 4.072463e+01 2.000000e+00
      vertex   8.100000e+01 4.072463e+01 2.000000e+00
    endloop
  endfacet
  facet normal 0.000000e+00 0.000000e+00 1.000000e+00
    outer loop
      vertex   8.100000e+01 4.690963e+01 2.000000e+00
      vertex   8.100000e+01 4.072463e+01 2.000000e+00
      vertex   8.340457e+01 4.072463e+01 2.000000e+00
    endloop
  endfacet
  facet normal 0.000000e+00 0.000000e+00 1.000000e+00
    outer loop
      vertex   8.340457e+01 4.690963e+01 2.000000e+00
      vertex   8.340457e+01 4.072463e+01 2.000000e+00
      vertex   9.400000e+01 4.072463e+01 2.000000e+00
    endloop
  endfacet
  facet normal 0.000000e+00 0.000000e+00 1.000000e+00
    outer loop
      vertex   2.000000e+00 5.622000e+01 2.000000e+00
      vertex   2.000000e+00 4.690963e+01 2.000000e+00
      vertex   3.250000e+00 4.690963e+01 2.000000e+00
    endloop
  endfacet
  facet normal 0.000000e+00 0.000000e+00 1.000000e+00
    outer loop
      vertex   3.250000e+00 5.622000e+01 2.000000e+00
      vertex   3.250000e+00 4.690963e+01 2.000000e+00
      vertex   6.750000e+00 4.690963e+01 2.000000e+00
    endloop
  endfacet
  facet normal 0.000000e+00 0.000000e+00 1.000000e+00
    outer loop
      vertex   6.750000e+00 5.622000e+01 2.000000e+00
      vertex   6.750000e+00 4.690963e+01 2.000000e+00
      vertex   9.000000e+00 4.690963e+01 2.000000e+00
    endloop
  endfacet
  facet normal -2.168404e-16 0.000000e+00 1.000000e+00
    outer loop
      vertex   9.000000e+00 5.622000e+01 2.000000e+00
      vertex   9.000000e+00 4.690963e+01 2.000000e+00
      vertex   1.100000e+01 5.137000e+01 2.000000e+00
    endloop
  endfacet
  facet normal 3.814794e-17 1.423700e-16 1.000000e+00
    outer loop
      vertex   9.000000e+00 5.622000e+01 2.000000e+00
      vertex   1.200000e+01 5.237000e+01 2.000000e+00
      vertex   1.250000e+01 5.223603e+01 2.000000e+00
    endloop
  endfacet
  facet normal -6.688504e-17 6.688504e-17 1.000000e+00
    outer loop
      vertex   9.000000e+00 5.622000e+01 2.000000e+00
      vertex   1.113397e+01 5.187000e+01 2.000000e+00
      vertex   1.150000e+01 5.223603e+01 2.000000e+00
    endloop
  endfacet
  facet normal -1.357309e-16 -3.636898e-17 1.000000e+00
    outer loop
      vertex   9.000000e+00 4.690963e+01 2.000000e+00
      vertex   1.113397e+01 5.087000e+01 2.000000e+00
      vertex   1.100000e+01 5.137000e+01 2.000000e+00
    endloop
  endfacet
  facet normal 1.264392e-17 3.387929e-18 1.000000e+00
    outer loop
      vertex   4.600000e+01 5.622000e+01 2.000000e+00
      vertex   1.286603e+01 5.187000e+01 2.000000e+00
      vertex   1.300000e+01 5.137000e+01 2.000000e+00
    endloop
  endfacet
  facet normal 0.000000e+00 1.088563e-16 1.000000e+00
    outer loop
      vertex   1.250000e+01 5.223603e+01 2.000000e+00
      vertex   4.600000e+01 5.622000e+01 2.000000e+00
      vertex   9.000000e+00 5.622000e+01 2.000000e+00
    endloop
  endfacet
  facet normal -1.314362e-16 3.521823e-17 1.000000e+00
    outer loop
      vertex   1.100000e+01 5.137000e+01 2.000000e+00
      vertex   1.113397e+01 5.187000e+01 2.000000e+00
      vertex   9.000000e+00 5.622000e+01 2.000000e+00
    endloop
  endfacet
  facet normal -2.725105e-17 -1.017023e-16 1.000000e+00
    outer loop
      vertex   9.000000e+00 4.690963e+01 2.000000e+00
      vertex   1.200000e+01 5.037000e+01 2.000000e+00
      vertex   1.150000e+01 5.050397e+01 2.000000e+00
    endloop
  endfacet
  facet normal 0.000000e+00 -1.206564e-16 1.000000e+00
    outer loop
      vertex   9.000000e+00 4.690963e+01 2.000000e+00
      vertex   4.600000e+01 4.690963e+01 2.000000e+00
      vertex   1.250000e+01 5.050397e+01 2.000000e+00
    endloop
  endfacet
  facet normal 1.156977e-17 1.156977e-17 1.000000e+00
    outer loop
      vertex   1.250000e+01 5.223603e+01 2.000000e+00
      vertex   1.286603e+01 5.187000e+01 2.000000e+00
      vertex   4.600000e+01 5.622000e+01 2.000000e+00
    endloop
  endfacet
  facet normal -7.116118e-17 -7.116118e-17 1.000000e+00
    outer loop
      vertex   1.150000e+01 5.050397e+01 2.000000e+00
      vertex   1.113397e+01 5.087000e+01 2.000000e+00
      vertex   9.000000e+00 4.690963e+01 2.000000e+00
    endloop
  endfacet
  facet normal 1.169129e-17 -1.169129e-17 1.000000e+00
    outer loop
      vertex   4.600000e+01 4.690963e+01 2.000000e+00
      vertex   1.286603e+01 5.087000e+01 2.000000e+00
      vertex   1.250000e+01 5.050397e+01 2.000000e+00
    endloop
  endfacet
  facet normal -2.496954e-17 9.318760e-17 1.000000e+00
    outer loop
      vertex   1.150000e+01 5.223603e+01 2.000000e+00
      vertex   1.200000e+01 5.237000e+01 2.000000e+00
      vertex   9.000000e+00 5.622000e+01 2.000000e+00
    endloop
  endfacet
  facet normal 1.268252e-17 -3.398272e-18 1.000000e+00
    outer loop
      vertex   4.600000e+01 4.690963e+01 2.000000e+00
      vertex   1.300000e+01 5.137000e+01 2.000000e+00
      vertex   1.286603e+01 5.087000e+01 2.000000e+00
    endloop
  endfacet
  facet normal 4.374304e-17 -1.632513e-16 1.000000e+00
    outer loop
      vertex   1.250000e+01 5.050397e+01 2.000000e+00
      vertex   1.200000e+01 5.037000e+01 2.000000e+00
      vertex   9.000000e+00 4.690963e+01 2.000000e+00
    endloop
  endfacet
  facet normal 0.000000e+00 0.000000e+00 1.000000e+00
    outer loop
      vertex   4.600000e+01 5.622000e+01 2.000000e+00
      vertex   4.600000e+01 4.690963e+01 2.000000e+00
      vertex   8.100000e+01 4.690963e+01 2.000000e+00
    endloop
  endfacet
  facet normal -2.168404e-16 -3.232165e-31 1.000000e+00
    outer loop
      vertex   8.100000e+01 5.622000e+01 2.000000e+00
      vertex   8.100000e+01 4.690963e+01 2.000000e+00
      vertex   8.300000e+01 5.137000e+01 2.000000e+00
    endloop
  endfacet
  facet normal 1.008336e-15 5.943552e-16 1.000000e+00
    outer loop
      vertex   8.100000e+01 5.622000e+01 2.000000e+00
      vertex   8.313397e+01 5.187000e+01 2.000000e+00
      vertex   8.340457e+01 5.214060e+01 2.000000e+00
    endloop
  endfacet
  facet normal -1.357309e-16 -3.636898e-17 1.000000e+00
    outer loop
      vertex   8.100000e+01 4.690963e+01 2.000000e+00
      vertex   8.313397e+01 5.087000e+01 2.000000e+00
      vertex   8.300000e+01 5.137000e+01 2.000000e+00
    endloop
  endfacet
  facet normal -1.314362e-16 3.521823e-17 1.000000e+00
    outer loop
      vertex   8.300000e+01 5.137000e+01 2.000000e+00
      vertex   8.313397e+01 5.187000e+01 2.000000e+00
      vertex   8.100000e+01 5.622000e+01 2.000000e+00
    endloop
  endfacet
  facet normal 0.000000e+00 0.000000e+00 1.000000e+00
    outer loop
      vertex   8.100000e+01 4.690963e+01 2.000000e+00
      vertex   8.340457e+01 4.690963e+01 2.000000e+00
      vertex   8.340457e+01 5.059940e+01 2.000000e+00
    endloop
  endfacet
  facet normal 9.703376e-16 -6.323540e-16 1.000000e+00
    outer loop
      vertex   8.340457e+01 5.059940e+01 2.000000e+00
      vertex   8.313397e+01 5.087000e+01 2.000000e+00
      vertex   8.100000e+01 4.690963e+01 2.000000e+00
    endloop
  endfacet
  facet normal 3.148784e-17 1.175142e-16 1.000000e+00
    outer loop
      vertex   8.340457e+01 5.622000e+01 2.000000e+00
      vertex   8.400000e+01 5.237000e+01 2.000000e+00
      vertex   8.450000e+01 5.223603e+01 2.000000e+00
    endloop
  endfacet
  facet normal 0.000000e+00 -1.206564e-16 1.000000e+00
    outer loop
      vertex   8.340457e+01 4.690963e+01 2.000000e+00
      vertex   9.400000e+01 4.690963e+01 2.000000e+00
      vertex   8.450000e+01 5.050397e+01 2.000000e+00
    endloop
  endfacet
  facet normal 4.210676e-17 1.128247e-17 1.000000e+00
    outer loop
      vertex   9.400000e+01 5.622000e+01 2.000000e+00
      vertex   8.486603e+01 5.187000e+01 2.000000e+00
      vertex   8.500000e+01 5.137000e+01 2.000000e+00
    endloop
  endfacet
  facet normal 0.000000e+00 1.088563e-16 1.000000e+00
    outer loop
      vertex   8.450000e+01 5.223603e+01 2.000000e+00
      vertex   9.400000e+01 5.622000e+01 2.000000e+00
      vertex   8.340457e+01 5.622000e+01 2.000000e+00
    endloop
  endfacet
  facet normal -4.544489e-15 0.000000e+00 1.000000e+00
    outer loop
      vertex   8.340457e+01 5.622000e+01 2.000000e+00
      vertex   8.340457e+01 5.214060e+01 2.000000e+00
      vertex   8.350000e+01 5.223603e+01 2.000000e+00
    endloop
  endfacet
  facet normal -3.210141e-17 -1.198041e-16 1.000000e+00
    outer loop
      vertex   8.340457e+01 4.690963e+01 2.000000e+00
      vertex   8.400000e+01 5.037000e+01 2.000000e+00
      vertex   8.350000e+01 5.050397e+01 2.000000e+00
    endloop
  endfacet
  facet normal 3.311970e-17 -3.311970e-17 1.000000e+00
    outer loop
      vertex   9.400000e+01 4.690963e+01 2.000000e+00
      vertex   8.486603e+01 5.087000e+01 2.000000e+00
      vertex   8.450000e+01 5.050397e+01 2.000000e+00
    endloop
  endfacet
  facet normal 4.818676e-17 -7.553017e-32 1.000000e+00
    outer loop
      vertex   8.500000e+01 5.137000e+01 2.000000e+00
      vertex   9.400000e+01 4.690963e+01 2.000000e+00
      vertex   9.400000e+01 5.622000e+01 2.000000e+00
    endloop
  endfacet
  facet normal -2.898195e-17 1.081621e-16 1.000000e+00
    outer loop
      vertex   8.350000e+01 5.223603e+01 2.000000e+00
      vertex   8.400000e+01 5.237000e+01 2.000000e+00
      vertex   8.340457e+01 5.622000e+01 2.000000e+00
    endloop
  endfacet
  facet normal 3.520465e-17 -1.313855e-16 1.000000e+00
    outer loop
      vertex   8.450000e+01 5.050397e+01 2.000000e+00
      vertex   8.400000e+01 5.037000e+01 2.000000e+00
      vertex   8.340457e+01 4.690963e+01 2.000000e+00
    endloop
  endfacet
  facet normal 3.216269e-17 3.216269e-17 1.000000e+00
    outer loop
      vertex   8.450000e+01 5.223603e+01 2.000000e+00
      vertex   8.486603e+01 5.187000e+01 2.000000e+00
      vertex   9.400000e+01 5.622000e+01 2.000000e+00
    endloop
  endfacet
  facet normal 4.253795e-17 -1.139801e-17 1.000000e+00
    outer loop
      vertex   8.500000e+01 5.137000e+01 2.000000e+00
      vertex   8.486603e+01 5.087000e+01 2.000000e+00
      vertex   9.400000e+01 4.690963e+01 2.000000e+00
    endloop
  endfacet
  facet normal 0.000000e+00 0.000000e+00 1.000000e+00
    outer loop
      vertex   9.000000e+00 4.072463e+01 2.000000e+00
      vertex   9.000000e+00 4.000000e+01 2.000000e+00
      vertex   4.600000e+01 4.000000e+01 2.000000e+00
    endloop
  endfacet
  facet normal 0.000000e+00 -0.000000e+00 1.000000e+00
    outer loop
      vertex   8.100000e+01 2.488000e+01 2.000000e+00
      vertex   8.100000e+01 4.072463e+01 2.000000e+00
      vertex   7.900000e+01 4.000000e+01 2.000000e+00
    endloop
  endfacet
  facet normal 0.000000e+00 0.000000e+00 1.000000e+00
    outer loop
      vertex   4.600000e+01 4.072463e+01 2.000000e+00
      vertex   4.600000e+01 4.000000e+01 2.000000e+00
      vertex   7.900000e+01 4.000000e+01 2.000000e+00
    endloop
  endfacet
  facet normal 0.000000e+00 -0.000000e+00 1.000000e+00
    outer loop
      vertex   7.900000e+01 4.000000e+01 2.000000e+00
      vertex   8.100000e+01 4.072463e+01 2.000000e+00
      vertex   4.600000e+01 4.072463e+01 2.000000e+00
    endloop
  endfacet
  facet normal 0.000000e+00 0.000000e+00 1.000000e+00
    outer loop
      vertex   4.600000e+01 1.375000e+01 2.000000e+00
      vertex   8.100000e+01 1.375000e+01 2.000000e+00
      vertex   7.900000e+01 1.500000e+01 2.000000e+00
    endloop
  endfacet
  facet normal 0.000000e+00 0.000000e+00 1.000000e+00
    outer loop
      vertex   8.100000e+01 2.488000e+01 2.000000e+00
      vertex   7.900000e+01 2.488000e+01 2.000000e+00
      vertex   7.900000e+01 1.500000e+01 2.000000e+00
    endloop
  endfacet
  facet normal -0.000000e+00 0.000000e+00 1.000000e+00
    outer loop
      vertex   7.900000e+01 1.500000e+01 2.000000e+00
      vertex   8.100000e+01 1.375000e+01 2.000000e+00
      vertex   8.100000e+01 2.488000e+01 2.000000e+00
    endloop
  endfacet
  facet normal 0.000000e+00 0.000000e+00 1.000000e+00
    outer loop
      vertex   9.000000e+00 1.500000e+01 2.000000e+00
      vertex   9.000000e+00 1.375000e+01 2.000000e+00
      vertex   4.600000e+01 1.375000e+01 2.000000e+00
    endloop
  endfacet
  facet normal 0.000000e+00 0.000000e+00 1.000000e+00
    outer loop
      vertex   6.750000e+00 2.488000e+01 2.000000e+00
      vertex   6.750000e+00 1.375000e+01 2.000000e+00
      vertex   7.000000e+00 1.500000e+01 2.000000e+00
    endloop
  endfacet
  facet normal 0.000000e+00 -0.000000e+00 1.000000e+00
    outer loop
      vertex   9.000000e+00 1.375000e+01 2.000000e+00
      vertex   9.000000e+00 1.500000e+01 2.000000e+00
      vertex   7.000000e+00 1.500000e+01 2.000000e+00
    endloop
  endfacet
  facet normal 0.000000e+00 0.000000e+00 1.000000e+00
    outer loop
      vertex   7.000000e+00 1.500000e+01 2.000000e+00
      vertex   6.750000e+00 1.375000e+01 2.000000e+00
      vertex   9.000000e+00 1.375000e+01 2.000000e+00
    endloop
  endfacet
  facet normal 0.000000e+00 0.000000e+00 1.000000e+00
    outer loop
      vertex   9.000000e+00 4.072463e+01 2.000000e+00
      vertex   6.750000e+00 4.072463e+01 2.000000e+00
      vertex   7.000000e+00 4.000000e+01 2.000000e+00
    endloop
  endfacet
  facet normal 0.000000e+00 0.000000e+00 1.000000e+00
    outer loop
      vertex   6.750000e+00 2.488000e+01 2.000000e+00
      vertex   7.000000e+00 2.488000e+01 2.000000e+00
      vertex   7.000000e+00 4.000000e+01 2.000000e+00
    endloop
  endfacet
  facet normal 0.000000e+00 0.000000e+00 1.000000e+00
    outer loop
      vertex   7.000000e+00 4.000000e+01 2.000000e+00
      vertex   6.750000e+00 4.072463e+01 2.000000e+00
      vertex   6.750000e+00 2.488000e+01 2.000000e+00
    endloop
  endfacet
  facet normal 0.000000e+00 0.000000e+00 1.000000e+00
    outer loop
      vertex   7.000000e+00 4.000000e+01 2.000000e+00
      vertex   9.000000e+00 4.000000e+01 2.000000e+00
      vertex   9.000000e+00 4.072463e+01 2.000000e+00
    endloop
  endfacet
  facet normal 0.000000e+00 -0.000000e+00 1.000000e+00
    outer loop
      vertex   7.000000e+00 1.500000e+01 2.000000e+00
      vertex   7.000000e+00 2.488000e+01 2.000000e+00
      vertex   6.750000e+00 2.488000e+01 2.000000e+00
    endloop
  endfacet
  facet normal 0.000000e+00 0.000000e+00 1.000000e+00
    outer loop
      vertex   4.600000e+01 1.375000e+01 2.000000e+00
      vertex   4.600000e+01 1.500000e+01 2.000000e+00
      vertex   9.000000e+00 1.500000e+01 2.000000e+00
    endloop
  endfacet
  facet normal 0.000000e+00 0.000000e+00 1.000000e+00
    outer loop
      vertex   7.900000e+01 1.500000e+01 2.000000e+00
      vertex   4.600000e+01 1.500000e+01 2.000000e+00
      vertex   4.600000e+01 1.375000e+01 2.000000e+00
    endloop
  endfacet
  facet normal 0.000000e+00 0.000000e+00 1.000000e+00
    outer loop
      vertex   7.900000e+01 4.000000e+01 2.000000e+00
      vertex   7.900000e+01 2.488000e+01 2.000000e+00
      vertex   8.100000e+01 2.488000e+01 2.000000e+00
    endloop
  endfacet
  facet normal 0.000000e+00 -0.000000e+00 1.000000e+00
    outer loop
      vertex   4.600000e+01 4.000000e+01 2.000000e+00
      vertex   4.600000e+01 4.072463e+01 2.000000e+00
      vertex   9.000000e+00 4.072463e+01 2.000000e+00
    endloop
  endfacet
  facet normal -4.544489e-15 -1.707161e-29 1.000000e+00
    outer loop
      vertex   8.350000e+01 5.050397e+01 2.000000e+00
      vertex   8.340457e+01 5.059940e+01 2.000000e+00
      vertex   8.340457e+01 4.690963e+01 2.000000e+00
    endloop
  endfacet
  facet normal 0.000000e+00 -0.000000e+00 1.000000e+00
    outer loop
      vertex   8.340457e+01 5.214060e+01 2.000000e+00
      vertex   8.340457e+01 5.622000e+01 2.000000e+00
      vertex   8.100000e+01 5.622000e+01 2.000000e+00
    endloop
  endfacet
  facet normal 0.000000e+00 0.000000e+00 1.000000e+00
    outer loop
      vertex   8.100000e+01 4.690963e+01 2.000000e+00
      vertex   8.100000e+01 5.622000e+01 2.000000e+00
      vertex   4.600000e+01 5.622000e+01 2.000000e+00
    endloop
  endfacet
  facet normal 1.314184e-17 -1.113984e-32 1.000000e+00
    outer loop
      vertex   1.300000e+01 5.137000e+01 2.000000e+00
      vertex   4.600000e+01 4.690963e+01 2.000000e+00
      vertex   4.600000e+01 5.622000e+01 2.000000e+00
    endloop
  endfacet
  facet normal 0.000000e+00 -0.000000e+00 1.000000e+00
    outer loop
      vertex   9.000000e+00 4.690963e+01 2.000000e+00
      vertex   9.000000e+00 5.622000e+01 2.000000e+00
      vertex   6.750000e+00 5.622000e+01 2.000000e+00
    endloop
  endfacet
  facet normal 0.000000e+00 -0.000000e+00 1.000000e+00
    outer loop
      vertex   6.750000e+00 4.690963e+01 2.000000e+00
      vertex   6.750000e+00 5.622000e+01 2.000000e+00
      vertex   3.250000e+00 5.622000e+01 2.000000e+00
    endloop
  endfacet
  facet normal 0.000000e+00 -0.000000e+00 1.000000e+00
    outer loop
      vertex   3.250000e+00 4.690963e+01 2.000000e+00
      vertex   3.250000e+00 5.622000e+01 2.000000e+00
      vertex   2.000000e+00 5.622000e+01 2.000000e+00
    endloop
  endfacet
  facet normal 0.000000e+00 -0.000000e+00 1.000000e+00
    outer loop
      vertex   9.400000e+01 4.072463e+01 2.000000e+00
      vertex   9.400000e+01 4.690963e+01 2.000000e+00
      vertex   8.340457e+01 4.690963e+01 2.000000e+00
    endloop
  endfacet
  facet normal 0.000000e+00 -0.000000e+00 1.000000e+00
    outer loop
      vertex   8.340457e+01 4.072463e+01 2.000000e+00
      vertex   8.340457e+01 4.690963e+01 2.000000e+00
      vertex   8.100000e+01 4.690963e+01 2.000000e+00
    endloop
  endfacet
  facet normal 0.000000e+00 -0.000000e+00 1.000000e+00
    outer loop
      vertex   8.100000e+01 4.072463e+01 2.000000e+00
      vertex   8.100000e+01 4.690963e+01 2.000000e+00
      vertex   4.600000e+01 4.690963e+01 2.000000e+00
    endloop
  endfacet
  facet normal 0.000000e+00 -0.000000e+00 1.000000e+00
    outer loop
      vertex   4.600000e+01 4.072463e+01 2.000000e+00
      vertex   4.600000e+01 4.690963e+01 2.000000e+00
      vertex   9.000000e+00 4.690963e+01 2.000000e+00
    endloop
  endfacet
  facet normal 0.000000e+00 -0.000000e+00 1.000000e+00
    outer loop
      vertex   9.000000e+00 4.072463e+01 2.000000e+00
      vertex   9.000000e+00 4.690963e+01 2.000000e+00
      vertex   6.750000e+00 4.690963e+01 2.000000e+00
    endloop
  endfacet
  facet normal 1.387779e-14 1.241178e-31 1.000000e+00
    outer loop
      vertex   6.500000e+00 4.244926e+01 2.000000e+00
      vertex   6.750000e+00 4.072463e+01 2.000000e+00
      vertex   6.750000e+00 4.690963e+01 2.000000e+00
    endloop
  endfacet
  facet normal 0.000000e+00 -0.000000e+00 1.000000e+00
    outer loop
      vertex   3.250000e+00 4.072463e+01 2.000000e+00
      vertex   3.250000e+00 4.690963e+01 2.000000e+00
      vertex   2.000000e+00 4.690963e+01 2.000000e+00
    endloop
  endfacet
  facet normal 4.783347e-16 1.281694e-16 1.000000e+00
    outer loop
      vertex   8.754119e+01 3.776000e+01 2.000000e+00
      vertex   8.780914e+01 3.676000e+01 2.000000e+00
      vertex   9.400000e+01 4.072463e+01 2.000000e+00
    endloop
  endfacet
  facet normal 0.000000e+00 -0.000000e+00 1.000000e+00
    outer loop
      vertex   8.340457e+01 2.488000e+01 2.000000e+00
      vertex   8.340457e+01 4.072463e+01 2.000000e+00
      vertex   8.100000e+01 4.072463e+01 2.000000e+00
    endloop
  endfacet
  facet normal 0.000000e+00 -0.000000e+00 1.000000e+00
    outer loop
      vertex   6.750000e+00 2.488000e+01 2.000000e+00
      vertex   6.750000e+00 4.072463e+01 2.000000e+00
      vertex   3.250000e+00 4.072463e+01 2.000000e+00
    endloop
  endfacet
  facet normal 0.000000e+00 -0.000000e+00 1.000000e+00
    outer loop
      vertex   3.250000e+00 2.488000e+01 2.000000e+00
      vertex   3.250000e+00 4.072463e+01 2.000000e+00
      vertex   2.000000e+00 4.072463e+01 2.000000e+00
    endloop
  endfacet
  facet normal 0.000000e+00 -0.000000e+00 1.000000e+00
    outer loop
      vertex   9.400000e+01 1.375000e+01 2.000000e+00
      vertex   9.400000e+01 2.488000e+01 2.000000e+00
      vertex   8.340457e+01 2.488000e+01 2.000000e+00
    endloop
  endfacet
  facet normal 0.000000e+00 -0.000000e+00 1.000000e+00
    outer loop
      vertex   8.340457e+01 1.375000e+01 2.000000e+00
      vertex   8.340457e+01 2.488000e+01 2.000000e+00
      vertex   8.100000e+01 2.488000e+01 2.000000e+00
    endloop
  endfacet
  facet normal 0.000000e+00 -0.000000e+00 1.000000e+00
    outer loop
      vertex   6.750000e+00 1.375000e+01 2.000000e+00
      vertex   6.750000e+00 2.488000e+01 2.000000e+00
      vertex   3.250000e+00 2.488000e+01 2.000000e+00
    endloop
  endfacet
  facet normal 0.000000e+00 -0.000000e+00 1.000000e+00
    outer loop
      vertex   3.250000e+00 1.375000e+01 2.000000e+00
      vertex   3.250000e+00 2.488000e+01 2.000000e+00
      vertex   2.000000e+00 2.488000e+01 2.000000e+00
    endloop
  endfacet
  facet normal 0.000000e+00 -0.000000e+00 1.000000e+00
    outer loop
      vertex   9.400000e+01 8.750000e+00 2.000000e+00
      vertex   9.400000e+01 1.375000e+01 2.000000e+00
      vertex   8.340457e+01 1.375000e+01 2.000000e+00
    endloop
  endfacet
  facet normal 0.000000e+00 -0.000000e+00 1.000000e+00
    outer loop
      vertex   8.340457e+01 8.750000e+00 2.000000e+00
      vertex   8.340457e+01 1.375000e+01 2.000000e+00
      vertex   8.100000e+01 1.375000e+01 2.000000e+00
    endloop
  endfacet
  facet normal 0.000000e+00 -0.000000e+00 1.000000e+00
    outer loop
      vertex   8.100000e+01 8.750000e+00 2.000000e+00
      vertex   8.100000e+01 1.375000e+01 2.000000e+00
      vertex   4.600000e+01 1.375000e+01 2.000000e+00
    endloop
  endfacet
  facet normal 0.000000e+00 -0.000000e+00 1.000000e+00
    outer loop
      vertex   4.600000e+01 8.750000e+00 2.000000e+00
      vertex   4.600000e+01 1.375000e+01 2.000000e+00
      vertex   9.000000e+00 1.375000e+01 2.000000e+00
    endloop
  endfacet
  facet normal 0.000000e+00 -0.000000e+00 1.000000e+00
    outer loop
      vertex   9.000000e+00 8.750000e+00 2.000000e+00
      vertex   9.000000e+00 1.375000e+01 2.000000e+00
      vertex   6.750000e+00 1.375000e+01 2.000000e+00
    endloop
  endfacet
  facet normal 4.067892e-15 1.089988e-15 1.000000e+00
    outer loop
      vertex   6.366025e+00 1.200000e+01 2.000000e+00
      vertex   6.500000e+00 1.150000e+01 2.000000e+00
      vertex   6.750000e+00 1.375000e+01 2.000000e+00
    endloop
  endfacet
  facet normal 0.000000e+00 -0.000000e+00 1.000000e+00
    outer loop
      vertex   3.250000e+00 8.750000e+00 2.000000e+00
      vertex   3.250000e+00 1.375000e+01 2.000000e+00
      vertex   2.000000e+00 1.375000e+01 2.000000e+00
    endloop
  endfacet
  facet normal 0.000000e+00 0.000000e+00 1.000000e+00
    outer loop
      vertex   9.400000e+01 7.000000e+00 2.000000e+00
      vertex   9.400000e+01 8.750000e+00 2.000000e+00
      vertex   8.340457e+01 8.750000e+00 2.000000e+00
    endloop
  endfacet
  facet normal 0.000000e+00 -0.000000e+00 1.000000e+00
    outer loop
      vertex   8.340457e+01 7.000000e+00 2.000000e+00
      vertex   8.340457e+01 8.750000e+00 2.000000e+00
      vertex   8.100000e+01 8.750000e+00 2.000000e+00
    endloop
  endfacet
  facet normal 0.000000e+00 -0.000000e+00 1.000000e+00
    outer loop
      vertex   8.100000e+01 7.000000e+00 2.000000e+00
      vertex   8.100000e+01 8.750000e+00 2.000000e+00
      vertex   4.600000e+01 8.750000e+00 2.000000e+00
    endloop
  endfacet
  facet normal 0.000000e+00 -0.000000e+00 1.000000e+00
    outer loop
      vertex   4.600000e+01 7.000000e+00 2.000000e+00
      vertex   4.600000e+01 8.750000e+00 2.000000e+00
      vertex   9.000000e+00 8.750000e+00 2.000000e+00
    endloop
  endfacet
  facet normal 0.000000e+00 -0.000000e+00 1.000000e+00
    outer loop
      vertex   9.000000e+00 7.000000e+00 2.000000e+00
      vertex   9.000000e+00 8.750000e+00 2.000000e+00
      vertex   6.750000e+00 8.750000e+00 2.000000e+00
    endloop
  endfacet
  facet normal 0.000000e+00 -0.000000e+00 1.000000e+00
    outer loop
      vertex   6.750000e+00 7.000000e+00 2.000000e+00
      vertex   6.750000e+00 8.750000e+00 2.000000e+00
      vertex   3.250000e+00 8.750000e+00 2.000000e+00
    endloop
  endfacet
  facet normal 0.000000e+00 -0.000000e+00 1.000000e+00
    outer loop
      vertex   3.250000e+00 7.000000e+00 2.000000e+00
      vertex   3.250000e+00 8.750000e+00 2.000000e+00
      vertex   2.000000e+00 8.750000e+00 2.000000e+00
    endloop
  endfacet
  facet normal -9.659258e-01 2.588190e-01 0.000000e+00
    outer loop
      vertex   1.286603e+01 5.087000e+01 2.000000e+00
      vertex   1.300000e+01 5.137000e+01 2.000000e+00
      vertex   1.300000e+01 5.137000e+01 -6.220000e+00
    endloop
  endfacet
  facet normal -7.071068e-01 7.071068e-01 0.000000e+00
    outer loop
      vertex   1.250000e+01 5.050397e+01 2.000000e+00
      vertex   1.286603e+01 5.087000e+01 2.000000e+00
      vertex   1.286603e+01 5.087000e+01 -6.220000e+00
    endloop
  endfacet
  facet normal -2.588190e-01 9.659258e-01 0.000000e+00
    outer loop
      vertex   1.200000e+01 5.037000e+01 2.000000e+00
      vertex   1.250000e+01 5.050397e+01 2.000000e+00
      vertex   1.250000e+01 5.050397e+01 -6.220000e+00
    endloop
  endfacet
  facet normal 2.588190e-01 9.659258e-01 -3.476319e-18
    outer loop
      vertex   1.150000e+01 5.050397e+01 2.000000e+00
      vertex   1.200000e+01 5.037000e+01 2.000000e+00
      vertex   1.200000e+01 5.037000e+01 -6.220000e+00
    endloop
  endfacet
  facet normal 7.071068e-01 7.071068e-01 0.000000e+00
    outer loop
      vertex   1.113397e+01 5.087000e+01 2.000000e+00
      vertex   1.150000e+01 5.050397e+01 2.000000e+00
      vertex   1.150000e+01 5.050397e+01 -6.220000e+00
    endloop
  endfacet
  facet normal 9.659258e-01 2.588190e-01 -3.476319e-18
    outer loop
      vertex   1.100000e+01 5.137000e+01 2.000000e+00
      vertex   1.113397e+01 5.087000e+01 2.000000e+00
      vertex   1.113397e+01 5.087000e+01 -6.220000e+00
    endloop
  endfacet
  facet normal 9.659258e-01 -2.588190e-01 3.476319e-18
    outer loop
      vertex   1.113397e+01 5.187000e+01 2.000000e+00
      vertex   1.100000e+01 5.137000e+01 2.000000e+00
      vertex   1.100000e+01 5.137000e+01 -6.220000e+00
    endloop
  endfacet
  facet normal 7.071068e-01 -7.071068e-01 0.000000e+00
    outer loop
      vertex   1.150000e+01 5.223603e+01 2.000000e+00
      vertex   1.113397e+01 5.187000e+01 2.000000e+00
      vertex   1.113397e+01 5.187000e+01 -6.220000e+00
    endloop
  endfacet
  facet normal 2.588190e-01 -9.659258e-01 3.476319e-18
    outer loop
      vertex   1.200000e+01 5.237000e+01 2.000000e+00
      vertex   1.150000e+01 5.223603e+01 2.000000e+00
      vertex   1.150000e+01 5.223603e+01 -6.220000e+00
    endloop
  endfacet
  facet normal -2.588190e-01 -9.659258e-01 -3.476319e-18
    outer loop
      vertex   1.250000e+01 5.223603e+01 2.000000e+00
      vertex   1.200000e+01 5.237000e+01 2.000000e+00
      vertex   1.200000e+01 5.237000e+01 -6.220000e+00
    endloop
  endfacet
  facet normal -7.071068e-01 -7.071068e-01 0.000000e+00
    outer loop
      vertex   1.286603e+01 5.187000e+01 2.000000e+00
      vertex   1.250000e+01 5.223603e+01 2.000000e+00
      vertex   1.250000e+01 5.223603e+01 -6.220000e+00
    endloop
  endfacet
  facet normal -9.659258e-01 -2.588190e-01 -3.476319e-18
    outer loop
      vertex   1.300000e+01 5.137000e+01 2.000000e+00
      vertex   1.286603e+01 5.187000e+01 2.000000e+00
      vertex   1.286603e+01 5.187000e+01 -6.220000e+00
    endloop
  endfacet
  facet normal -9.659258e-01 -2.588190e-01 -3.476319e-18
    outer loop
      vertex   1.286603e+01 5.187000e+01 -6.220000e+00
      vertex   1.300000e+01 5.137000e+01 -6.220000e+00
      vertex   1.300000e+01 5.137000e+01 2.000000e+00
    endloop
  endfacet
  facet normal -7.071068e-01 -7.071068e-01 0.000000e+00
    outer loop
      vertex   1.250000e+01 5.223603e+01 -6.220000e+00
      vertex   1.286603e+01 5.187000e+01 -6.220000e+00
      vertex   1.286603e+01 5.187000e+01 2.000000e+00
    endloop
  endfacet
  facet normal -2.588190e-01 -9.659258e-01 -3.476319e-18
    outer loop
      vertex   1.200000e+01 5.237000e+01 -6.220000e+00
      vertex   1.250000e+01 5.223603e+01 -6.220000e+00
      vertex   1.250000e+01 5.223603e+01 2.000000e+00
    endloop
  endfacet
  facet normal 2.588190e-01 -9.659258e-01 3.476319e-18
    outer loop
      vertex   1.150000e+01 5.223603e+01 -6.220000e+00
      vertex   1.200000e+01 5.237000e+01 -6.220000e+00
      vertex   1.200000e+01 5.237000e+01 2.000000e+00
    endloop
  endfacet
  facet normal 7.071068e-01 -7.071068e-01 0.000000e+00
    outer loop
      vertex   1.113397e+01 5.187000e+01 -6.220000e+00
      vertex   1.150000e+01 5.223603e+01 -6.220000e+00
      vertex   1.150000e+01 5.223603e+01 2.000000e+00
    endloop
  endfacet
  facet normal 9.659258e-01 -2.588190e-01 3.476319e-18
    outer loop
      vertex   1.100000e+01 5.137000e+01 -6.220000e+00
      vertex   1.113397e+01 5.187000e+01 -6.220000e+00
      vertex   1.113397e+01 5.187000e+01 2.000000e+00
    endloop
  endfacet
  facet normal 9.659258e-01 2.588190e-01 -3.476319e-18
    outer loop
      vertex   1.113397e+01 5.087000e+01 -6.220000e+00
      vertex   1.100000e+01 5.137000e+01 -6.220000e+00
      vertex   1.100000e+01 5.137000e+01 2.000000e+00
    endloop
  endfacet
  facet normal 7.071068e-01 7.071068e-01 0.000000e+00
    outer loop
      vertex   1.150000e+01 5.050397e+01 -6.220000e+00
      vertex   1.113397e+01 5.087000e+01 -6.220000e+00
      vertex   1.113397e+01 5.087000e+01 2.000000e+00
    endloop
  endfacet
  facet normal 2.588190e-01 9.659258e-01 -3.476319e-18
    outer loop
      vertex   1.200000e+01 5.037000e+01 -6.220000e+00
      vertex   1.150000e+01 5.050397e+01 -6.220000e+00
      vertex   1.150000e+01 5.050397e+01 2.000000e+00
    endloop
  endfacet
  facet normal -2.588190e-01 9.659258e-01 0.000000e+00
    outer loop
      vertex   1.250000e+01 5.050397e+01 -6.220000e+00
      vertex   1.200000e+01 5.037000e+01 -6.220000e+00
      vertex   1.200000e+01 5.037000e+01 2.000000e+00
    endloop
  endfacet
  facet normal -7.071068e-01 7.071068e-01 0.000000e+00
    outer loop
      vertex   1.286603e+01 5.087000e+01 -6.220000e+00
      vertex   1.250000e+01 5.050397e+01 -6.220000e+00
      vertex   1.250000e+01 5.050397e+01 2.000000e+00
    endloop
  endfacet
  facet normal -9.659258e-01 2.588190e-01 0.000000e+00
    outer loop
      vertex   1.300000e+01 5.137000e+01 -6.220000e+00
      vertex   1.286603e+01 5.087000e+01 -6.220000e+00
      vertex   1.286603e+01 5.087000e+01 2.000000e+00
    endloop
  endfacet
  facet normal -7.542276e-17 1.000000e+00 0.000000e+00
    outer loop
      vertex   9.400000e+01 8.500000e+00 1.734723e-14
      vertex   9.400000e+01 8.500000e+00 -1.450000e+01
      vertex   2.000000e+00 8.500000e+00 -1.450000e+01
    endloop
  endfacet
  facet normal -7.542276e-17 1.000000e+00 -1.804657e-32
    outer loop
      vertex   2.000000e+00 8.500000e+00 -1.450000e+01
      vertex   2.000000e+00 8.500000e+00 1.734723e-14
      vertex   9.400000e+01 8.500000e+00 1.734723e-14
    endloop
  endfacet
  facet normal 1.508455e-16 -1.000000e+00 0.000000e+00
    outer loop
      vertex   2.000000e+00 4.930000e+01 1.647987e-14
      vertex   2.000000e+00 4.930000e+01 -6.220000e+00
      vertex   9.400000e+01 4.930000e+01 -6.220000e+00
    endloop
  endfacet
  facet normal 1.508455e-16 -1.000000e+00 0.000000e+00
    outer loop
      vertex   9.400000e+01 4.930000e+01 -6.220000e+00
      vertex   9.400000e+01 4.930000e+01 1.647987e-14
      vertex   2.000000e+00 4.930000e+01 1.647987e-14
    endloop
  endfacet
  facet normal 9.659258e-01 2.588190e-01 0.000000e+00
    outer loop
      vertex   7.750000e+00 1.150000e+01 1.387779e-14
      vertex   7.750000e+00 1.150000e+01 -5.000000e+00
      vertex   7.448557e+00 1.262500e+01 -5.000000e+00
    endloop
  endfacet
  facet normal 7.071068e-01 7.071068e-01 0.000000e+00
    outer loop
      vertex   7.448557e+00 1.262500e+01 1.387779e-14
      vertex   7.448557e+00 1.262500e+01 -5.000000e+00
      vertex   6.625000e+00 1.344856e+01 -5.000000e+00
    endloop
  endfacet
  facet normal 2.588190e-01 9.659258e-01 0.000000e+00
    outer loop
      vertex   6.625000e+00 1.344856e+01 1.387779e-14
      vertex   6.625000e+00 1.344856e+01 -5.000000e+00
      vertex   5.500000e+00 1.375000e+01 -5.000000e+00
    endloop
  endfacet
  facet normal -2.588190e-01 9.659258e-01 0.000000e+00
    outer loop
      vertex   5.500000e+00 1.375000e+01 1.387779e-14
      vertex   5.500000e+00 1.375000e+01 -5.000000e+00
      vertex   4.375000e+00 1.344856e+01 -5.000000e+00
    endloop
  endfacet
  facet normal -7.071068e-01 7.071068e-01 0.000000e+00
    outer loop
      vertex   4.375000e+00 1.344856e+01 1.387779e-14
      vertex   4.375000e+00 1.344856e+01 -5.000000e+00
      vertex   3.551443e+00 1.262500e+01 -5.000000e+00
    endloop
  endfacet
  facet normal -9.659258e-01 2.588190e-01 0.000000e+00
    outer loop
      vertex   3.551443e+00 1.262500e+01 1.387779e-14
      vertex   3.551443e+00 1.262500e+01 -5.000000e+00
      vertex   3.250000e+00 1.150000e+01 -5.000000e+00
    endloop
  endfacet
  facet normal -9.659258e-01 -2.588190e-01 -0.000000e+00
    outer loop
      vertex   3.250000e+00 1.150000e+01 1.387779e-14
      vertex   3.250000e+00 1.150000e+01 -5.000000e+00
      vertex   3.551443e+00 1.037500e+01 -5.000000e+00
    endloop
  endfacet
  facet normal -7.071068e-01 -7.071068e-01 -0.000000e+00
    outer loop
      vertex   3.551443e+00 1.037500e+01 1.387779e-14
      vertex   3.551443e+00 1.037500e+01 -5.000000e+00
      vertex   4.375000e+00 9.551443e+00 -5.000000e+00
    endloop
  endfacet
  facet normal -2.588190e-01 -9.659258e-01 -0.000000e+00
    outer loop
      vertex   4.375000e+00 9.551443e+00 1.387779e-14
      vertex   4.375000e+00 9.551443e+00 -5.000000e+00
      vertex   5.500000e+00 9.250000e+00 -5.000000e+00
    endloop
  endfacet
  facet normal 2.588190e-01 -9.659258e-01 0.000000e+00
    outer loop
      vertex   5.500000e+00 9.250000e+00 1.387779e-14
      vertex   5.500000e+00 9.250000e+00 -5.000000e+00
      vertex   6.625000e+00 9.551443e+00 -5.000000e+00
    endloop
  endfacet
  facet normal 7.071068e-01 -7.071068e-01 0.000000e+00
    outer loop
      vertex   6.625000e+00 9.551443e+00 1.387779e-14
      vertex   6.625000e+00 9.551443e+00 -5.000000e+00
      vertex   7.448557e+00 1.037500e+01 -5.000000e+00
    endloop
  endfacet
  facet normal 9.659258e-01 -2.588190e-01 0.000000e+00
    outer loop
      vertex   7.448557e+00 1.037500e+01 1.387779e-14
      vertex   7.448557e+00 1.037500e+01 -5.000000e+00
      vertex   7.750000e+00 1.150000e+01 -5.000000e+00
    endloop
  endfacet
  facet normal 9.659258e-01 -2.588190e-01 0.000000e+00
    outer loop
      vertex   7.750000e+00 1.150000e+01 -5.000000e+00
      vertex   7.750000e+00 1.150000e+01 1.387779e-14
      vertex   7.448557e+00 1.037500e+01 1.387779e-14
    endloop
  endfacet
  facet normal 7.071068e-01 -7.071068e-01 0.000000e+00
    outer loop
      vertex   7.448557e+00 1.037500e+01 -5.000000e+00
      vertex   7.448557e+00 1.037500e+01 1.387779e-14
      vertex   6.625000e+00 9.551443e+00 1.387779e-14
    endloop
  endfacet
  facet normal 2.588190e-01 -9.659258e-01 0.000000e+00
    outer loop
      vertex   6.625000e+00 9.551443e+00 -5.000000e+00
      vertex   6.625000e+00 9.551443e+00 1.387779e-14
      vertex   5.500000e+00 9.250000e+00 1.387779e-14
    endloop
  endfacet
  facet normal -2.588190e-01 -9.659258e-01 0.000000e+00
    outer loop
      vertex   5.500000e+00 9.250000e+00 -5.000000e+00
      vertex   5.500000e+00 9.250000e+00 1.387779e-14
      vertex   4.375000e+00 9.551443e+00 1.387779e-14
    endloop
  endfacet
  facet normal -7.071068e-01 -7.071068e-01 0.000000e+00
    outer loop
      vertex   4.375000e+00 9.551443e+00 -5.000000e+00
      vertex   4.375000e+00 9.551443e+00 1.387779e-14
      vertex   3.551443e+00 1.037500e+01 1.387779e-14
    endloop
  endfacet
  facet normal -9.659258e-01 -2.588190e-01 0.000000e+00
    outer loop
      vertex   3.551443e+00 1.037500e+01 -5.000000e+00
      vertex   3.551443e+00 1.037500e+01 1.387779e-14
      vertex   3.250000e+00 1.150000e+01 1.387779e-14
    endloop
  endfacet
  facet normal -9.659258e-01 2.588190e-01 0.000000e+00
    outer loop
      vertex   3.250000e+00 1.150000e+01 -5.000000e+00
      vertex   3.250000e+00 1.150000e+01 1.387779e-14
      vertex   3.551443e+00 1.262500e+01 1.387779e-14
    endloop
  endfacet
  facet normal -7.071068e-01 7.071068e-01 0.000000e+00
    outer loop
      vertex   3.551443e+00 1.262500e+01 -5.000000e+00
      vertex   3.551443e+00 1.262500e+01 1.387779e-14
      vertex   4.375000e+00 1.344856e+01 1.387779e-14
    endloop
  endfacet
  facet normal -2.588190e-01 9.659258e-01 0.000000e+00
    outer loop
      vertex   4.375000e+00 1.344856e+01 -5.000000e+00
      vertex   4.375000e+00 1.344856e+01 1.387779e-14
      vertex   5.500000e+00 1.375000e+01 1.387779e-14
    endloop
  endfacet
  facet normal 2.588190e-01 9.659258e-01 -0.000000e+00
    outer loop
      vertex   5.500000e+00 1.375000e+01 -5.000000e+00
      vertex   5.500000e+00 1.375000e+01 1.387779e-14
      vertex   6.625000e+00 1.344856e+01 1.387779e-14
    endloop
  endfacet
  facet normal 7.071068e-01 7.071068e-01 -0.000000e+00
    outer loop
      vertex   6.625000e+00 1.344856e+01 -5.000000e+00
      vertex   6.625000e+00 1.344856e+01 1.387779e-14
      vertex   7.448557e+00 1.262500e+01 1.387779e-14
    endloop
  endfacet
  facet normal 9.659258e-01 2.588190e-01 -0.000000e+00
    outer loop
      vertex   7.448557e+00 1.262500e+01 -5.000000e+00
      vertex   7.448557e+00 1.262500e+01 1.387779e-14
      vertex   7.750000e+00 1.150000e+01 1.387779e-14
    endloop
  endfacet
  facet normal -9.659258e-01 2.588190e-01 0.000000e+00
    outer loop
      vertex   8.754119e+01 3.576000e+01 2.000000e+00
      vertex   8.780914e+01 3.676000e+01 2.000000e+00
      vertex   8.780914e+01 3.676000e+01 -4.000000e+00
    endloop
  endfacet
  facet normal -7.071068e-01 7.071068e-01 0.000000e+00
    outer loop
      vertex   8.680914e+01 3.502795e+01 2.000000e+00
      vertex   8.754119e+01 3.576000e+01 2.000000e+00
      vertex   8.754119e+01 3.576000e+01 -4.000000e+00
    endloop
  endfacet
  facet normal -2.588190e-01 9.659258e-01 0.000000e+00
    outer loop
      vertex   8.580914e+01 3.476000e+01 2.000000e+00
      vertex   8.680914e+01 3.502795e+01 2.000000e+00
      vertex   8.680914e+01 3.502795e+01 -4.000000e+00
    endloop
  endfacet
  facet normal 2.588190e-01 9.659258e-01 0.000000e+00
    outer loop
      vertex   8.480914e+01 3.502795e+01 2.000000e+00
      vertex   8.580914e+01 3.476000e+01 2.000000e+00
      vertex   8.580914e+01 3.476000e+01 -4.000000e+00
    endloop
  endfacet
  facet normal 7.071068e-01 7.071068e-01 0.000000e+00
    outer loop
      vertex   8.407709e+01 3.576000e+01 2.000000e+00
      vertex   8.480914e+01 3.502795e+01 2.000000e+00
      vertex   8.480914e+01 3.502795e+01 -4.000000e+00
    endloop
  endfacet
  facet normal 9.659258e-01 2.588190e-01 0.000000e+00
    outer loop
      vertex   8.380914e+01 3.676000e+01 2.000000e+00
      vertex   8.407709e+01 3.576000e+01 2.000000e+00
      vertex   8.407709e+01 3.576000e+01 -4.000000e+00
    endloop
  endfacet
  facet normal 9.659258e-01 -2.588190e-01 0.000000e+00
    outer loop
      vertex   8.407709e+01 3.776000e+01 2.000000e+00
      vertex   8.380914e+01 3.676000e+01 2.000000e+00
      vertex   8.380914e+01 3.676000e+01 -4.000000e+00
    endloop
  endfacet
  facet normal 7.071068e-01 -7.071068e-01 0.000000e+00
    outer loop
      vertex   8.480914e+01 3.849205e+01 2.000000e+00
      vertex   8.407709e+01 3.776000e+01 2.000000e+00
      vertex   8.407709e+01 3.776000e+01 -4.000000e+00
    endloop
  endfacet
  facet normal 2.588190e-01 -9.659258e-01 0.000000e+00
    outer loop
      vertex   8.580914e+01 3.876000e+01 2.000000e+00
      vertex   8.480914e+01 3.849205e+01 2.000000e+00
      vertex   8.480914e+01 3.849205e+01 -4.000000e+00
    endloop
  endfacet
  facet normal -2.588190e-01 -9.659258e-01 0.000000e+00
    outer loop
      vertex   8.680914e+01 3.849205e+01 2.000000e+00
      vertex   8.580914e+01 3.876000e+01 2.000000e+00
      vertex   8.580914e+01 3.876000e+01 -4.000000e+00
    endloop
  endfacet
  facet normal -7.071068e-01 -7.071068e-01 0.000000e+00
    outer loop
      vertex   8.754119e+01 3.776000e+01 2.000000e+00
      vertex   8.680914e+01 3.849205e+01 2.000000e+00
      vertex   8.680914e+01 3.849205e+01 -4.000000e+00
    endloop
  endfacet
  facet normal -9.659258e-01 -2.588190e-01 0.000000e+00
    outer loop
      vertex   8.780914e+01 3.676000e+01 2.000000e+00
      vertex   8.754119e+01 3.776000e+01 2.000000e+00
      vertex   8.754119e+01 3.776000e+01 -4.000000e+00
    endloop
  endfacet
  facet normal -9.659258e-01 -2.588190e-01 0.000000e+00
    outer loop
      vertex   8.754119e+01 3.776000e+01 -4.000000e+00
      vertex   8.780914e+01 3.676000e+01 -4.000000e+00
      vertex   8.780914e+01 3.676000e+01 2.000000e+00
    endloop
  endfacet
  facet normal -7.071068e-01 -7.071068e-01 0.000000e+00
    outer loop
      vertex   8.680914e+01 3.849205e+01 -4.000000e+00
      vertex   8.754119e+01 3.776000e+01 -4.000000e+00
      vertex   8.754119e+01 3.776000e+01 2.000000e+00
    endloop
  endfacet
  facet normal -2.588190e-01 -9.659258e-01 0.000000e+00
    outer loop
      vertex   8.580914e+01 3.876000e+01 -4.000000e+00
      vertex   8.680914e+01 3.849205e+01 -4.000000e+00
      vertex   8.680914e+01 3.849205e+01 2.000000e+00
    endloop
  endfacet
  facet normal 2.588190e-01 -9.659258e-01 0.000000e+00
    outer loop
      vertex   8.480914e+01 3.849205e+01 -4.000000e+00
      vertex   8.580914e+01 3.876000e+01 -4.000000e+00
      vertex   8.580914e+01 3.876000e+01 2.000000e+00
    endloop
  endfacet
  facet normal 7.071068e-01 -7.071068e-01 0.000000e+00
    outer loop
      vertex   8.407709e+01 3.776000e+01 -4.000000e+00
      vertex   8.480914e+01 3.849205e+01 -4.000000e+00
      vertex   8.480914e+01 3.849205e+01 2.000000e+00
    endloop
  endfacet
  facet normal 9.659258e-01 -2.588190e-01 0.000000e+00
    outer loop
      vertex   8.380914e+01 3.676000e+01 -4.000000e+00
      vertex   8.407709e+01 3.776000e+01 -4.000000e+00
      vertex   8.407709e+01 3.776000e+01 2.000000e+00
    endloop
  endfacet
  facet normal 9.659258e-01 2.588190e-01 0.000000e+00
    outer loop
      vertex   8.407709e+01 3.576000e+01 -4.000000e+00
      vertex   8.380914e+01 3.676000e+01 -4.000000e+00
      vertex   8.380914e+01 3.676000e+01 2.000000e+00
    endloop
  endfacet
  facet normal 7.071068e-01 7.071068e-01 0.000000e+00
    outer loop
      vertex   8.480914e+01 3.502795e+01 -4.000000e+00
      vertex   8.407709e+01 3.576000e+01 -4.000000e+00
      vertex   8.407709e+01 3.576000e+01 2.000000e+00
    endloop
  endfacet
  facet normal 2.588190e-01 9.659258e-01 0.000000e+00
    outer loop
      vertex   8.580914e+01 3.476000e+01 -4.000000e+00
      vertex   8.480914e+01 3.502795e+01 -4.000000e+00
      vertex   8.480914e+01 3.502795e+01 2.000000e+00
    endloop
  endfacet
  facet normal -2.588190e-01 9.659258e-01 0.000000e+00
    outer loop
      vertex   8.680914e+01 3.502795e+01 -4.000000e+00
      vertex   8.580914e+01 3.476000e+01 -4.000000e+00
      vertex   8.580914e+01 3.476000e+01 2.000000e+00
    endloop
  endfacet
  facet normal -7.071068e-01 7.071068e-01 0.000000e+00
    outer loop
      vertex   8.754119e+01 3.576000e+01 -4.000000e+00
      vertex   8.680914e+01 3.502795e+01 -4.000000e+00
      vertex   8.680914e+01 3.502795e+01 2.000000e+00
    endloop
  endfacet
  facet normal -9.659258e-01 2.588190e-01 0.000000e+00
    outer loop
      vertex   8.780914e+01 3.676000e+01 -4.000000e+00
      vertex   8.754119e+01 3.576000e+01 -4.000000e+00
      vertex   8.754119e+01 3.576000e+01 2.000000e+00
    endloop
  endfacet
  facet normal 0.000000e+00 0.000000e+00 -1.000000e+00
    outer loop
      vertex   6.625000e+00 1.344856e+01 -5.000000e+00
      vertex   6.000000e+00 1.236603e+01 -5.000000e+00
      vertex   5.500000e+00 1.250000e+01 -5.000000e+00
    endloop
  endfacet
  facet normal 0.000000e+00 0.000000e+00 -1.000000e+00
    outer loop
      vertex   7.448557e+00 1.262500e+01 -5.000000e+00
      vertex   6.366025e+00 1.200000e+01 -5.000000e+00
      vertex   6.000000e+00 1.236603e+01 -5.000000e+00
    endloop
  endfacet
  facet normal 0.000000e+00 0.000000e+00 -1.000000e+00
    outer loop
      vertex   6.000000e+00 1.236603e+01 -5.000000e+00
      vertex   6.625000e+00 1.344856e+01 -5.000000e+00
      vertex   7.448557e+00 1.262500e+01 -5.000000e+00
    endloop
  endfacet
  facet normal -0.000000e+00 0.000000e+00 -1.000000e+00
    outer loop
      vertex   7.750000e+00 1.150000e+01 -5.000000e+00
      vertex   6.500000e+00 1.150000e+01 -5.000000e+00
      vertex   6.366025e+00 1.200000e+01 -5.000000e+00
    endloop
  endfacet
  facet normal 0.000000e+00 0.000000e+00 -1.000000e+00
    outer loop
      vertex   7.448557e+00 1.037500e+01 -5.000000e+00
      vertex   6.366025e+00 1.100000e+01 -5.000000e+00
      vertex   6.500000e+00 1.150000e+01 -5.000000e+00
    endloop
  endfacet
  facet normal 0.000000e+00 0.000000e+00 -1.000000e+00
    outer loop
      vertex   6.625000e+00 9.551443e+00 -5.000000e+00
      vertex   6.000000e+00 1.063397e+01 -5.000000e+00
      vertex   6.366025e+00 1.100000e+01 -5.000000e+00
    endloop
  endfacet
  facet normal 0.000000e+00 0.000000e+00 -1.000000e+00
    outer loop
      vertex   6.366025e+00 1.200000e+01 -5.000000e+00
      vertex   7.448557e+00 1.262500e+01 -5.000000e+00
      vertex   7.750000e+00 1.150000e+01 -5.000000e+00
    endloop
  endfacet
  facet normal 0.000000e+00 0.000000e+00 -1.000000e+00
    outer loop
      vertex   6.366025e+00 1.100000e+01 -5.000000e+00
      vertex   7.448557e+00 1.037500e+01 -5.000000e+00
      vertex   6.625000e+00 9.551443e+00 -5.000000e+00
    endloop
  endfacet
  facet normal 0.000000e+00 0.000000e+00 -1.000000e+00
    outer loop
      vertex   4.375000e+00 9.551443e+00 -5.000000e+00
      vertex   5.000000e+00 1.063397e+01 -5.000000e+00
      vertex   5.500000e+00 1.050000e+01 -5.000000e+00
    endloop
  endfacet
  facet normal 0.000000e+00 0.000000e+00 -1.000000e+00
    outer loop
      vertex   3.551443e+00 1.037500e+01 -5.000000e+00
      vertex   4.633975e+00 1.100000e+01 -5.000000e+00
      vertex   5.000000e+00 1.063397e+01 -5.000000e+00
    endloop
  endfacet
  facet normal 0.000000e+00 0.000000e+00 -1.000000e+00
    outer loop
      vertex   3.551443e+00 1.262500e+01 -5.000000e+00
      vertex   4.375000e+00 1.344856e+01 -5.000000e+00
      vertex   5.000000e+00 1.236603e+01 -5.000000e+00
    endloop
  endfacet
  facet normal 0.000000e+00 0.000000e+00 -1.000000e+00
    outer loop
      vertex   4.375000e+00 1.344856e+01 -5.000000e+00
      vertex   5.500000e+00 1.375000e+01 -5.000000e+00
      vertex   5.500000e+00 1.250000e+01 -5.000000e+00
    endloop
  endfacet
  facet normal 0.000000e+00 0.000000e+00 -1.000000e+00
    outer loop
      vertex   6.500000e+00 1.150000e+01 -5.000000e+00
      vertex   7.750000e+00 1.150000e+01 -5.000000e+00
      vertex   7.448557e+00 1.037500e+01 -5.000000e+00
    endloop
  endfacet
  facet normal 0.000000e+00 0.000000e+00 -1.000000e+00
    outer loop
      vertex   5.500000e+00 9.250000e+00 -5.000000e+00
      vertex   5.500000e+00 1.050000e+01 -5.000000e+00
      vertex   6.000000e+00 1.063397e+01 -5.000000e+00
    endloop
  endfacet
  facet normal 0.000000e+00 0.000000e+00 -1.000000e+00
    outer loop
      vertex   5.000000e+00 1.063397e+01 -5.000000e+00
      vertex   4.375000e+00 9.551443e+00 -5.000000e+00
      vertex   3.551443e+00 1.037500e+01 -5.000000e+00
    endloop
  endfacet
  facet normal 0.000000e+00 0.000000e+00 -1.000000e+00
    outer loop
      vertex   3.250000e+00 1.150000e+01 -5.000000e+00
      vertex   4.500000e+00 1.150000e+01 -5.000000e+00
      vertex   4.633975e+00 1.100000e+01 -5.000000e+00
    endloop
  endfacet
  facet normal 0.000000e+00 0.000000e+00 -1.000000e+00
    outer loop
      vertex   3.250000e+00 1.150000e+01 -5.000000e+00
      vertex   3.551443e+00 1.262500e+01 -5.000000e+00
      vertex   4.633975e+00 1.200000e+01 -5.000000e+00
    endloop
  endfacet
  facet normal -0.000000e+00 0.000000e+00 -1.000000e+00
    outer loop
      vertex   5.500000e+00 1.250000e+01 -5.000000e+00
      vertex   5.000000e+00 1.236603e+01 -5.000000e+00
      vertex   4.375000e+00 1.344856e+01 -5.000000e+00
    endloop
  endfacet
  facet normal 0.000000e+00 -0.000000e+00 -1.000000e+00
    outer loop
      vertex   6.000000e+00 1.063397e+01 -5.000000e+00
      vertex   6.625000e+00 9.551443e+00 -5.000000e+00
      vertex   5.500000e+00 9.250000e+00 -5.000000e+00
    endloop
  endfacet
  facet normal -0.000000e+00 0.000000e+00 -1.000000e+00
    outer loop
      vertex   4.633975e+00 1.100000e+01 -5.000000e+00
      vertex   3.551443e+00 1.037500e+01 -5.000000e+00
      vertex   3.250000e+00 1.150000e+01 -5.000000e+00
    endloop
  endfacet
  facet normal -0.000000e+00 0.000000e+00 -1.000000e+00
    outer loop
      vertex   5.000000e+00 1.236603e+01 -5.000000e+00
      vertex   4.633975e+00 1.200000e+01 -5.000000e+00
      vertex   3.551443e+00 1.262500e+01 -5.000000e+00
    endloop
  endfacet
  facet normal 0.000000e+00 -0.000000e+00 -1.000000e+00
    outer loop
      vertex   5.500000e+00 1.050000e+01 -5.000000e+00
      vertex   5.500000e+00 9.250000e+00 -5.000000e+00
      vertex   4.375000e+00 9.551443e+00 -5.000000e+00
    endloop
  endfacet
  facet normal 0.000000e+00 0.000000e+00 -1.000000e+00
    outer loop
      vertex   5.500000e+00 1.250000e+01 -5.000000e+00
      vertex   5.500000e+00 1.375000e+01 -5.000000e+00
      vertex   6.625000e+00 1.344856e+01 -5.000000e+00
    endloop
  endfacet
  facet normal 0.000000e+00 0.000000e+00 -1.000000e+00
    outer loop
      vertex   4.633975e+00 1.200000e+01 -5.000000e+00
      vertex   4.500000e+00 1.150000e+01 -5.000000e+00
      vertex   3.250000e+00 1.150000e+01 -5.000000e+00
    endloop
  endfacet
  facet normal 1.000000e+00 0.000000e+00 0.000000e+00
    outer loop
      vertex   7.000000e+00 1.500000e+01 2.000000e+00
      vertex   7.000000e+00 1.500000e+01 1.734723e-14
      vertex   7.000000e+00 4.000000e+01 1.734723e-14
    endloop
  endfacet
  facet normal 1.000000e+00 0.000000e+00 -0.000000e+00
    outer loop
      vertex   7.000000e+00 4.000000e+01 1.734723e-14
      vertex   7.000000e+00 4.000000e+01 2.000000e+00
      vertex   7.000000e+00 1.500000e+01 2.000000e+00
    endloop
  endfacet
  facet normal -0.000000e+00 -1.000000e+00 0.000000e+00
    outer loop
      vertex   9.400000e+01 7.000000e+00 2.000000e+00
      vertex   2.000000e+00 7.000000e+00 2.000000e+00
      vertex   2.000000e+00 7.000000e+00 -1.450000e+01
    endloop
  endfacet
  facet normal 0.000000e+00 -1.000000e+00 0.000000e+00
    outer loop
      vertex   2.000000e+00 7.000000e+00 -1.450000e+01
      vertex   9.400000e+01 7.000000e+00 -1.450000e+01
      vertex   9.400000e+01 7.000000e+00 2.000000e+00
    endloop
  endfacet
  facet normal 9.659258e-01 2.588190e-01 0.000000e+00
    outer loop
      vertex   4.633975e+00 1.100000e+01 -5.000000e+00
      vertex   4.500000e+00 1.150000e+01 -5.000000e+00
      vertex   4.500000e+00 1.150000e+01 2.000000e+00
    endloop
  endfacet
  facet normal 7.071068e-01 7.071068e-01 0.000000e+00
    outer loop
      vertex   5.000000e+00 1.063397e+01 -5.000000e+00
      vertex   4.633975e+00 1.100000e+01 -5.000000e+00
      vertex   4.633975e+00 1.100000e+01 2.000000e+00
    endloop
  endfacet
  facet normal 2.588190e-01 9.659258e-01 0.000000e+00
    outer loop
      vertex   5.500000e+00 1.050000e+01 -5.000000e+00
      vertex   5.000000e+00 1.063397e+01 -5.000000e+00
      vertex   5.000000e+00 1.063397e+01 2.000000e+00
    endloop
  endfacet
  facet normal -2.588190e-01 9.659258e-01 0.000000e+00
    outer loop
      vertex   6.000000e+00 1.063397e+01 -5.000000e+00
      vertex   5.500000e+00 1.050000e+01 -5.000000e+00
      vertex   5.500000e+00 1.050000e+01 2.000000e+00
    endloop
  endfacet
  facet normal -7.071068e-01 7.071068e-01 0.000000e+00
    outer loop
      vertex   6.366025e+00 1.100000e+01 -5.000000e+00
      vertex   6.000000e+00 1.063397e+01 -5.000000e+00
      vertex   6.000000e+00 1.063397e+01 2.000000e+00
    endloop
  endfacet
  facet normal -9.659258e-01 2.588190e-01 3.478920e-18
    outer loop
      vertex   6.500000e+00 1.150000e+01 -5.000000e+00
      vertex   6.366025e+00 1.100000e+01 -5.000000e+00
      vertex   6.366025e+00 1.100000e+01 2.000000e+00
    endloop
  endfacet
  facet normal -9.659258e-01 -2.588190e-01 0.000000e+00
    outer loop
      vertex   6.366025e+00 1.200000e+01 -5.000000e+00
      vertex   6.500000e+00 1.150000e+01 -5.000000e+00
      vertex   6.500000e+00 1.150000e+01 2.000000e+00
    endloop
  endfacet
  facet normal -7.071068e-01 -7.071068e-01 0.000000e+00
    outer loop
      vertex   6.000000e+00 1.236603e+01 -5.000000e+00
      vertex   6.366025e+00 1.200000e+01 -5.000000e+00
      vertex   6.366025e+00 1.200000e+01 2.000000e+00
    endloop
  endfacet
  facet normal -2.588190e-01 -9.659258e-01 0.000000e+00
    outer loop
      vertex   5.500000e+00 1.250000e+01 -5.000000e+00
      vertex   6.000000e+00 1.236603e+01 -5.000000e+00
      vertex   6.000000e+00 1.236603e+01 2.000000e+00
    endloop
  endfacet
  facet normal 2.588190e-01 -9.659258e-01 0.000000e+00
    outer loop
      vertex   5.000000e+00 1.236603e+01 -5.000000e+00
      vertex   5.500000e+00 1.250000e+01 -5.000000e+00
      vertex   5.500000e+00 1.250000e+01 2.000000e+00
    endloop
  endfacet
  facet normal 7.071068e-01 -7.071068e-01 0.000000e+00
    outer loop
      vertex   4.633975e+00 1.200000e+01 -5.000000e+00
      vertex   5.000000e+00 1.236603e+01 -5.000000e+00
      vertex   5.000000e+00 1.236603e+01 2.000000e+00
    endloop
  endfacet
  facet normal 9.659258e-01 -2.588190e-01 0.000000e+00
    outer loop
      vertex   4.500000e+00 1.150000e+01 -5.000000e+00
      vertex   4.633975e+00 1.200000e+01 -5.000000e+00
      vertex   4.633975e+00 1.200000e+01 2.000000e+00
    endloop
  endfacet
  facet normal 9.659258e-01 -2.588190e-01 0.000000e+00
    outer loop
      vertex   4.633975e+00 1.200000e+01 2.000000e+00
      vertex   4.500000e+00 1.150000e+01 2.000000e+00
      vertex   4.500000e+00 1.150000e+01 -5.000000e+00
    endloop
  endfacet
  facet normal 7.071068e-01 -7.071068e-01 0.000000e+00
    outer loop
      vertex   5.000000e+00 1.236603e+01 2.000000e+00
      vertex   4.633975e+00 1.200000e+01 2.000000e+00
      vertex   4.633975e+00 1.200000e+01 -5.000000e+00
    endloop
  endfacet
  facet normal 2.588190e-01 -9.659258e-01 0.000000e+00
    outer loop
      vertex   5.500000e+00 1.250000e+01 2.000000e+00
      vertex   5.000000e+00 1.236603e+01 2.000000e+00
      vertex   5.000000e+00 1.236603e+01 -5.000000e+00
    endloop
  endfacet
  facet normal -2.588190e-01 -9.659258e-01 0.000000e+00
    outer loop
      vertex   6.000000e+00 1.236603e+01 2.000000e+00
      vertex   5.500000e+00 1.250000e+01 2.000000e+00
      vertex   5.500000e+00 1.250000e+01 -5.000000e+00
    endloop
  endfacet
  facet normal -7.071068e-01 -7.071068e-01 0.000000e+00
    outer loop
      vertex   6.366025e+00 1.200000e+01 2.000000e+00
      vertex   6.000000e+00 1.236603e+01 2.000000e+00
      vertex   6.000000e+00 1.236603e+01 -5.000000e+00
    endloop
  endfacet
  facet normal -9.659258e-01 -2.588190e-01 0.000000e+00
    outer loop
      vertex   6.500000e+00 1.150000e+01 2.000000e+00
      vertex   6.366025e+00 1.200000e+01 2.000000e+00
      vertex   6.366025e+00 1.200000e+01 -5.000000e+00
    endloop
  endfacet
  facet normal -9.659258e-01 2.588190e-01 3.478920e-18
    outer loop
      vertex   6.366025e+00 1.100000e+01 2.000000e+00
      vertex   6.500000e+00 1.150000e+01 2.000000e+00
      vertex   6.500000e+00 1.150000e+01 -5.000000e+00
    endloop
  endfacet
  facet normal -7.071068e-01 7.071068e-01 0.000000e+00
    outer loop
      vertex   6.000000e+00 1.063397e+01 2.000000e+00
      vertex   6.366025e+00 1.100000e+01 2.000000e+00
      vertex   6.366025e+00 1.100000e+01 -5.000000e+00
    endloop
  endfacet
  facet normal -2.588190e-01 9.659258e-01 0.000000e+00
    outer loop
      vertex   5.500000e+00 1.050000e+01 2.000000e+00
      vertex   6.000000e+00 1.063397e+01 2.000000e+00
      vertex   6.000000e+00 1.063397e+01 -5.000000e+00
    endloop
  endfacet
  facet normal 2.588190e-01 9.659258e-01 0.000000e+00
    outer loop
      vertex   5.000000e+00 1.063397e+01 2.000000e+00
      vertex   5.500000e+00 1.050000e+01 2.000000e+00
      vertex   5.500000e+00 1.050000e+01 -5.000000e+00
    endloop
  endfacet
  facet normal 7.071068e-01 7.071068e-01 0.000000e+00
    outer loop
      vertex   4.633975e+00 1.100000e+01 2.000000e+00
      vertex   5.000000e+00 1.063397e+01 2.000000e+00
      vertex   5.000000e+00 1.063397e+01 -5.000000e+00
    endloop
  endfacet
  facet normal 9.659258e-01 2.588190e-01 0.000000e+00
    outer loop
      vertex   4.500000e+00 1.150000e+01 2.000000e+00
      vertex   4.633975e+00 1.100000e+01 2.000000e+00
      vertex   4.633975e+00 1.100000e+01 -5.000000e+00
    endloop
  endfacet
  facet normal 0.000000e+00 0.000000e+00 -1.000000e+00
    outer loop
      vertex   8.840722e+01 3.526000e+01 -4.000000e+00
      vertex   8.754119e+01 3.576000e+01 -4.000000e+00
      vertex   8.780914e+01 3.676000e+01 -4.000000e+00
    endloop
  endfacet
  facet normal 0.000000e+00 0.000000e+00 -1.000000e+00
    outer loop
      vertex   8.840722e+01 3.526000e+01 -4.000000e+00
      vertex   8.730914e+01 3.416192e+01 -4.000000e+00
      vertex   8.680914e+01 3.502795e+01 -4.000000e+00
    endloop
  endfacet
  facet normal 0.000000e+00 0.000000e+00 -1.000000e+00
    outer loop
      vertex   8.580914e+01 3.376000e+01 -4.000000e+00
      vertex   8.430914e+01 3.416192e+01 -4.000000e+00
      vertex   8.480914e+01 3.502795e+01 -4.000000e+00
    endloop
  endfacet
  facet normal 0.000000e+00 0.000000e+00 -1.000000e+00
    outer loop
      vertex   8.430914e+01 3.416192e+01 -4.000000e+00
      vertex   8.321106e+01 3.526000e+01 -4.000000e+00
      vertex   8.407709e+01 3.576000e+01 -4.000000e+00
    endloop
  endfacet
  facet normal 0.000000e+00 0.000000e+00 -1.000000e+00
    outer loop
      vertex   8.580914e+01 3.976000e+01 -4.000000e+00
      vertex   8.730914e+01 3.935808e+01 -4.000000e+00
      vertex   8.680914e+01 3.849205e+01 -4.000000e+00
    endloop
  endfacet
  facet normal 0.000000e+00 0.000000e+00 -1.000000e+00
    outer loop
      vertex   8.730914e+01 3.935808e+01 -4.000000e+00
      vertex   8.840722e+01 3.826000e+01 -4.000000e+00
      vertex   8.754119e+01 3.776000e+01 -4.000000e+00
    endloop
  endfacet
  facet normal 0.000000e+00 0.000000e+00 -1.000000e+00
    outer loop
      vertex   8.880914e+01 3.676000e+01 -4.000000e+00
      vertex   8.780914e+01 3.676000e+01 -4.000000e+00
      vertex   8.754119e+01 3.776000e+01 -4.000000e+00
    endloop
  endfacet
  facet normal 0.000000e+00 0.000000e+00 -1.000000e+00
    outer loop
      vertex   8.680914e+01 3.502795e+01 -4.000000e+00
      vertex   8.754119e+01 3.576000e+01 -4.000000e+00
      vertex   8.840722e+01 3.526000e+01 -4.000000e+00
    endloop
  endfacet
  facet normal -0.000000e+00 0.000000e+00 -1.000000e+00
    outer loop
      vertex   8.730914e+01 3.416192e+01 -4.000000e+00
      vertex   8.580914e+01 3.376000e+01 -4.000000e+00
      vertex   8.580914e+01 3.476000e+01 -4.000000e+00
    endloop
  endfacet
  facet normal 0.000000e+00 0.000000e+00 -1.000000e+00
    outer loop
      vertex   8.407709e+01 3.576000e+01 -4.000000e+00
      vertex   8.480914e+01 3.502795e+01 -4.000000e+00
      vertex   8.430914e+01 3.416192e+01 -4.000000e+00
    endloop
  endfacet
  facet normal 0.000000e+00 0.000000e+00 -1.000000e+00
    outer loop
      vertex   8.321106e+01 3.826000e+01 -4.000000e+00
      vertex   8.407709e+01 3.776000e+01 -4.000000e+00
      vertex   8.380914e+01 3.676000e+01 -4.000000e+00
    endloop
  endfacet
  facet normal 0.000000e+00 0.000000e+00 -1.000000e+00
    outer loop
      vertex   8.321106e+01 3.826000e+01 -4.000000e+00
      vertex   8.430914e+01 3.935808e+01 -4.000000e+00
      vertex   8.480914e+01 3.849205e+01 -4.000000e+00
    endloop
  endfacet
  facet normal 0.000000e+00 0.000000e+00 -1.000000e+00
    outer loop
      vertex   8.430914e+01 3.935808e+01 -4.000000e+00
      vertex   8.580914e+01 3.976000e+01 -4.000000e+00
      vertex   8.580914e+01 3.876000e+01 -4.000000e+00
    endloop
  endfacet
  facet normal 0.000000e+00 0.000000e+00 -1.000000e+00
    outer loop
      vertex   8.754119e+01 3.776000e+01 -4.000000e+00
      vertex   8.680914e+01 3.849205e+01 -4.000000e+00
      vertex   8.730914e+01 3.935808e+01 -4.000000e+00
    endloop
  endfacet
  facet normal 0.000000e+00 0.000000e+00 -1.000000e+00
    outer loop
      vertex   8.780914e+01 3.676000e+01 -4.000000e+00
      vertex   8.880914e+01 3.676000e+01 -4.000000e+00
      vertex   8.840722e+01 3.526000e+01 -4.000000e+00
    endloop
  endfacet
  facet normal 0.000000e+00 0.000000e+00 -1.000000e+00
    outer loop
      vertex   8.480914e+01 3.502795e+01 -4.000000e+00
      vertex   8.580914e+01 3.476000e+01 -4.000000e+00
      vertex   8.580914e+01 3.376000e+01 -4.000000e+00
    endloop
  endfacet
  facet normal 0.000000e+00 0.000000e+00 -1.000000e+00
    outer loop
      vertex   8.480914e+01 3.849205e+01 -4.000000e+00
      vertex   8.407709e+01 3.776000e+01 -4.000000e+00
      vertex   8.321106e+01 3.826000e+01 -4.000000e+00
    endloop
  endfacet
  facet normal 0.000000e+00 0.000000e+00 -1.000000e+00
    outer loop
      vertex   8.680914e+01 3.849205e+01 -4.000000e+00
      vertex   8.580914e+01 3.876000e+01 -4.000000e+00
      vertex   8.580914e+01 3.976000e+01 -4.000000e+00
    endloop
  endfacet
  facet normal 0.000000e+00 0.000000e+00 -1.000000e+00
    outer loop
      vertex   8.580914e+01 3.476000e+01 -4.000000e+00
      vertex   8.680914e+01 3.502795e+01 -4.000000e+00
      vertex   8.730914e+01 3.416192e+01 -4.000000e+00
    endloop
  endfacet
  facet normal 0.000000e+00 0.000000e+00 -1.000000e+00
    outer loop
      vertex   8.280914e+01 3.676000e+01 -4.000000e+00
      vertex   8.380914e+01 3.676000e+01 -4.000000e+00
      vertex   8.407709e+01 3.576000e+01 -4.000000e+00
    endloop
  endfacet
  facet normal -0.000000e+00 0.000000e+00 -1.000000e+00
    outer loop
      vertex   8.580914e+01 3.876000e+01 -4.000000e+00
      vertex   8.480914e+01 3.849205e+01 -4.000000e+00
      vertex   8.430914e+01 3.935808e+01 -4.000000e+00
    endloop
  endfacet
  facet normal -0.000000e+00 0.000000e+00 -1.000000e+00
    outer loop
      vertex   8.407709e+01 3.576000e+01 -4.000000e+00
      vertex   8.321106e+01 3.526000e+01 -4.000000e+00
      vertex   8.280914e+01 3.676000e+01 -4.000000e+00
    endloop
  endfacet
  facet normal 0.000000e+00 0.000000e+00 -1.000000e+00
    outer loop
      vertex   8.754119e+01 3.776000e+01 -4.000000e+00
      vertex   8.840722e+01 3.826000e+01 -4.000000e+00
      vertex   8.880914e+01 3.676000e+01 -4.000000e+00
    endloop
  endfacet
  facet normal 0.000000e+00 0.000000e+00 -1.000000e+00
    outer loop
      vertex   8.380914e+01 3.676000e+01 -4.000000e+00
      vertex   8.280914e+01 3.676000e+01 -4.000000e+00
      vertex   8.321106e+01 3.826000e+01 -4.000000e+00
    endloop
  endfacet
  facet normal 0.000000e+00 -0.000000e+00 -1.000000e+00
    outer loop
      vertex   7.449546e+00 4.357483e+01 -5.000000e+00
      vertex   7.751142e+00 4.244926e+01 -5.000000e+00
      vertex   6.500000e+00 4.244926e+01 -5.000000e+00
    endloop
  endfacet
  facet normal 0.000000e+00 0.000000e+00 -1.000000e+00
    outer loop
      vertex   7.751142e+00 4.244926e+01 -5.000000e+00
      vertex   7.449546e+00 4.132369e+01 -5.000000e+00
      vertex   6.366025e+00 4.194926e+01 -5.000000e+00
    endloop
  endfacet
  facet normal 0.000000e+00 0.000000e+00 -1.000000e+00
    outer loop
      vertex   6.625571e+00 4.049971e+01 -5.000000e+00
      vertex   6.000000e+00 4.158323e+01 -5.000000e+00
      vertex   6.366025e+00 4.194926e+01 -5.000000e+00
    endloop
  endfacet
  facet normal -0.000000e+00 0.000000e+00 -1.000000e+00
    outer loop
      vertex   6.625571e+00 4.049971e+01 -5.000000e+00
      vertex   5.500000e+00 4.019812e+01 -5.000000e+00
      vertex   5.500000e+00 4.144926e+01 -5.000000e+00
    endloop
  endfacet
  facet normal 0.000000e+00 0.000000e+00 -1.000000e+00
    outer loop
      vertex   6.625571e+00 4.439880e+01 -5.000000e+00
      vertex   6.000000e+00 4.331528e+01 -5.000000e+00
      vertex   5.500000e+00 4.344926e+01 -5.000000e+00
    endloop
  endfacet
  facet normal 0.000000e+00 -0.000000e+00 -1.000000e+00
    outer loop
      vertex   6.625571e+00 4.439880e+01 -5.000000e+00
      vertex   7.449546e+00 4.357483e+01 -5.000000e+00
      vertex   6.366025e+00 4.294926e+01 -5.000000e+00
    endloop
  endfacet
  facet normal 0.000000e+00 0.000000e+00 -1.000000e+00
    outer loop
      vertex   6.366025e+00 4.194926e+01 -5.000000e+00
      vertex   6.500000e+00 4.244926e+01 -5.000000e+00
      vertex   7.751142e+00 4.244926e+01 -5.000000e+00
    endloop
  endfacet
  facet normal 0.000000e+00 0.000000e+00 -1.000000e+00
    outer loop
      vertex   5.500000e+00 4.144926e+01 -5.000000e+00
      vertex   6.000000e+00 4.158323e+01 -5.000000e+00
      vertex   6.625571e+00 4.049971e+01 -5.000000e+00
    endloop
  endfacet
  facet normal 0.000000e+00 0.000000e+00 -1.000000e+00
    outer loop
      vertex   4.374429e+00 4.049971e+01 -5.000000e+00
      vertex   5.000000e+00 4.158323e+01 -5.000000e+00
      vertex   5.500000e+00 4.144926e+01 -5.000000e+00
    endloop
  endfacet
  facet normal 0.000000e+00 0.000000e+00 -1.000000e+00
    outer loop
      vertex   4.374429e+00 4.049971e+01 -5.000000e+00
      vertex   3.550454e+00 4.132369e+01 -5.000000e+00
      vertex   4.633975e+00 4.194926e+01 -5.000000e+00
    endloop
  endfacet
  facet normal 0.000000e+00 0.000000e+00 -1.000000e+00
    outer loop
      vertex   4.374429e+00 4.439880e+01 -5.000000e+00
      vertex   5.000000e+00 4.331528e+01 -5.000000e+00
      vertex   4.633975e+00 4.294926e+01 -5.000000e+00
    endloop
  endfacet
  facet normal 0.000000e+00 0.000000e+00 -1.000000e+00
    outer loop
      vertex   4.374429e+00 4.439880e+01 -5.000000e+00
      vertex   5.500000e+00 4.470040e+01 -5.000000e+00
      vertex   5.500000e+00 4.344926e+01 -5.000000e+00
    endloop
  endfacet
  facet normal 0.000000e+00 0.000000e+00 -1.000000e+00
    outer loop
      vertex   6.366025e+00 4.294926e+01 -5.000000e+00
      vertex   6.000000e+00 4.331528e+01 -5.000000e+00
      vertex   6.625571e+00 4.439880e+01 -5.000000e+00
    endloop
  endfacet
  facet normal 0.000000e+00 0.000000e+00 -1.000000e+00
    outer loop
      vertex   6.366025e+00 4.194926e+01 -5.000000e+00
      vertex   7.449546e+00 4.132369e+01 -5.000000e+00
      vertex   6.625571e+00 4.049971e+01 -5.000000e+00
    endloop
  endfacet
  facet normal 0.000000e+00 -0.000000e+00 -1.000000e+00
    outer loop
      vertex   4.633975e+00 4.194926e+01 -5.000000e+00
      vertex   5.000000e+00 4.158323e+01 -5.000000e+00
      vertex   4.374429e+00 4.049971e+01 -5.000000e+00
    endloop
  endfacet
  facet normal 0.000000e+00 0.000000e+00 -1.000000e+00
    outer loop
      vertex   3.550454e+00 4.132369e+01 -5.000000e+00
      vertex   3.248858e+00 4.244926e+01 -5.000000e+00
      vertex   4.500000e+00 4.244926e+01 -5.000000e+00
    endloop
  endfacet
  facet normal 0.000000e+00 0.000000e+00 -1.000000e+00
    outer loop
      vertex   3.248858e+00 4.244926e+01 -5.000000e+00
      vertex   3.550454e+00 4.357483e+01 -5.000000e+00
      vertex   4.633975e+00 4.294926e+01 -5.000000e+00
    endloop
  endfacet
  facet normal -0.000000e+00 0.000000e+00 -1.000000e+00
    outer loop
      vertex   5.500000e+00 4.344926e+01 -5.000000e+00
      vertex   5.000000e+00 4.331528e+01 -5.000000e+00
      vertex   4.374429e+00 4.439880e+01 -5.000000e+00
    endloop
  endfacet
  facet normal 0.000000e+00 0.000000e+00 -1.000000e+00
    outer loop
      vertex   6.500000e+00 4.244926e+01 -5.000000e+00
      vertex   6.366025e+00 4.294926e+01 -5.000000e+00
      vertex   7.449546e+00 4.357483e+01 -5.000000e+00
    endloop
  endfacet
  facet normal 0.000000e+00 -0.000000e+00 -1.000000e+00
    outer loop
      vertex   4.500000e+00 4.244926e+01 -5.000000e+00
      vertex   4.633975e+00 4.194926e+01 -5.000000e+00
      vertex   3.550454e+00 4.132369e+01 -5.000000e+00
    endloop
  endfacet
  facet normal 0.000000e+00 0.000000e+00 -1.000000e+00
    outer loop
      vertex   4.633975e+00 4.294926e+01 -5.000000e+00
      vertex   3.550454e+00 4.357483e+01 -5.000000e+00
      vertex   4.374429e+00 4.439880e+01 -5.000000e+00
    endloop
  endfacet
  facet normal 0.000000e+00 0.000000e+00 -1.000000e+00
    outer loop
      vertex   5.500000e+00 4.144926e+01 -5.000000e+00
      vertex   5.500000e+00 4.019812e+01 -5.000000e+00
      vertex   4.374429e+00 4.049971e+01 -5.000000e+00
    endloop
  endfacet
  facet normal 0.000000e+00 0.000000e+00 -1.000000e+00
    outer loop
      vertex   5.500000e+00 4.344926e+01 -5.000000e+00
      vertex   5.500000e+00 4.470040e+01 -5.000000e+00
      vertex   6.625571e+00 4.439880e+01 -5.000000e+00
    endloop
  endfacet
  facet normal 0.000000e+00 0.000000e+00 -1.000000e+00
    outer loop
      vertex   4.633975e+00 4.294926e+01 -5.000000e+00
      vertex   4.500000e+00 4.244926e+01 -5.000000e+00
      vertex   3.248858e+00 4.244926e+01 -5.000000e+00
    endloop
  endfacet
  facet normal 9.659258e-01 2.588190e-01 0.000000e+00
    outer loop
      vertex   8.880914e+01 3.676000e+01 1.734723e-14
      vertex   8.880914e+01 3.676000e+01 -4.000000e+00
      vertex   8.840722e+01 3.826000e+01 -4.000000e+00
    endloop
  endfacet
  facet normal 7.071068e-01 7.071068e-01 0.000000e+00
    outer loop
      vertex   8.840722e+01 3.826000e+01 1.734723e-14
      vertex   8.840722e+01 3.826000e+01 -4.000000e+00
      vertex   8.730914e+01 3.935808e+01 -4.000000e+00
    endloop
  endfacet
  facet normal 2.588190e-01 9.659258e-01 0.000000e+00
    outer loop
      vertex   8.730914e+01 3.935808e+01 1.734723e-14
      vertex   8.730914e+01 3.935808e+01 -4.000000e+00
      vertex   8.580914e+01 3.976000e+01 -4.000000e+00
    endloop
  endfacet
  facet normal -2.588190e-01 9.659258e-01 0.000000e+00
    outer loop
      vertex   8.580914e+01 3.976000e+01 1.734723e-14
      vertex   8.580914e+01 3.976000e+01 -4.000000e+00
      vertex   8.430914e+01 3.935808e+01 -4.000000e+00
    endloop
  endfacet
  facet normal -7.071068e-01 7.071068e-01 0.000000e+00
    outer loop
      vertex   8.430914e+01 3.935808e+01 1.734723e-14
      vertex   8.430914e+01 3.935808e+01 -4.000000e+00
      vertex   8.321106e+01 3.826000e+01 -4.000000e+00
    endloop
  endfacet
  facet normal -9.659258e-01 2.588190e-01 0.000000e+00
    outer loop
      vertex   8.321106e+01 3.826000e+01 1.734723e-14
      vertex   8.321106e+01 3.826000e+01 -4.000000e+00
      vertex   8.280914e+01 3.676000e+01 -4.000000e+00
    endloop
  endfacet
  facet normal -9.659258e-01 -2.588190e-01 -0.000000e+00
    outer loop
      vertex   8.280914e+01 3.676000e+01 1.734723e-14
      vertex   8.280914e+01 3.676000e+01 -4.000000e+00
      vertex   8.321106e+01 3.526000e+01 -4.000000e+00
    endloop
  endfacet
  facet normal -7.071068e-01 -7.071068e-01 -0.000000e+00
    outer loop
      vertex   8.321106e+01 3.526000e+01 1.734723e-14
      vertex   8.321106e+01 3.526000e+01 -4.000000e+00
      vertex   8.430914e+01 3.416192e+01 -4.000000e+00
    endloop
  endfacet
  facet normal -2.588190e-01 -9.659258e-01 -0.000000e+00
    outer loop
      vertex   8.430914e+01 3.416192e+01 1.734723e-14
      vertex   8.430914e+01 3.416192e+01 -4.000000e+00
      vertex   8.580914e+01 3.376000e+01 -4.000000e+00
    endloop
  endfacet
  facet normal 2.588190e-01 -9.659258e-01 0.000000e+00
    outer loop
      vertex   8.580914e+01 3.376000e+01 1.734723e-14
      vertex   8.580914e+01 3.376000e+01 -4.000000e+00
      vertex   8.730914e+01 3.416192e+01 -4.000000e+00
    endloop
  endfacet
  facet normal 7.071068e-01 -7.071068e-01 0.000000e+00
    outer loop
      vertex   8.730914e+01 3.416192e+01 1.734723e-14
      vertex   8.730914e+01 3.416192e+01 -4.000000e+00
      vertex   8.840722e+01 3.526000e+01 -4.000000e+00
    endloop
  endfacet
  facet normal 9.659258e-01 -2.588190e-01 0.000000e+00
    outer loop
      vertex   8.840722e+01 3.526000e+01 1.734723e-14
      vertex   8.840722e+01 3.526000e+01 -4.000000e+00
      vertex   8.880914e+01 3.676000e+01 -4.000000e+00
    endloop
  endfacet
  facet normal 9.659258e-01 -2.588190e-01 0.000000e+00
    outer loop
      vertex   8.880914e+01 3.676000e+01 -4.000000e+00
      vertex   8.880914e+01 3.676000e+01 1.734723e-14
      vertex   8.840722e+01 3.526000e+01 1.734723e-14
    endloop
  endfacet
  facet normal 7.071068e-01 -7.071068e-01 0.000000e+00
    outer loop
      vertex   8.840722e+01 3.526000e+01 -4.000000e+00
      vertex   8.840722e+01 3.526000e+01 1.734723e-14
      vertex   8.730914e+01 3.416192e+01 1.734723e-14
    endloop
  endfacet
  facet normal 2.588190e-01 -9.659258e-01 0.000000e+00
    outer loop
      vertex   8.730914e+01 3.416192e+01 -4.000000e+00
      vertex   8.730914e+01 3.416192e+01 1.734723e-14
      vertex   8.580914e+01 3.376000e+01 1.734723e-14
    endloop
  endfacet
  facet normal -2.588190e-01 -9.659258e-01 0.000000e+00
    outer loop
      vertex   8.580914e+01 3.376000e+01 -4.000000e+00
      vertex   8.580914e+01 3.376000e+01 1.734723e-14
      vertex   8.430914e+01 3.416192e+01 1.734723e-14
    endloop
  endfacet
  facet normal -7.071068e-01 -7.071068e-01 0.000000e+00
    outer loop
      vertex   8.430914e+01 3.416192e+01 -4.000000e+00
      vertex   8.430914e+01 3.416192e+01 1.734723e-14
      vertex   8.321106e+01 3.526000e+01 1.734723e-14
    endloop
  endfacet
  facet normal -9.659258e-01 -2.588190e-01 0.000000e+00
    outer loop
      vertex   8.321106e+01 3.526000e+01 -4.000000e+00
      vertex   8.321106e+01 3.526000e+01 1.734723e-14
      vertex   8.280914e+01 3.676000e+01 1.734723e-14
    endloop
  endfacet
  facet normal -9.659258e-01 2.588190e-01 0.000000e+00
    outer loop
      vertex   8.280914e+01 3.676000e+01 -4.000000e+00
      vertex   8.280914e+01 3.676000e+01 1.734723e-14
      vertex   8.321106e+01 3.826000e+01 1.734723e-14
    endloop
  endfacet
  facet normal -7.071068e-01 7.071068e-01 0.000000e+00
    outer loop
      vertex   8.321106e+01 3.826000e+01 -4.000000e+00
      vertex   8.321106e+01 3.826000e+01 1.734723e-14
      vertex   8.430914e+01 3.935808e+01 1.734723e-14
    endloop
  endfacet
  facet normal -2.588190e-01 9.659258e-01 0.000000e+00
    outer loop
      vertex   8.430914e+01 3.935808e+01 -4.000000e+00
      vertex   8.430914e+01 3.935808e+01 1.734723e-14
      vertex   8.580914e+01 3.976000e+01 1.734723e-14
    endloop
  endfacet
  facet normal 2.588190e-01 9.659258e-01 -0.000000e+00
    outer loop
      vertex   8.580914e+01 3.976000e+01 -4.000000e+00
      vertex   8.580914e+01 3.976000e+01 1.734723e-14
      vertex   8.730914e+01 3.935808e+01 1.734723e-14
    endloop
  endfacet
  facet normal 7.071068e-01 7.071068e-01 -0.000000e+00
    outer loop
      vertex   8.730914e+01 3.935808e+01 -4.000000e+00
      vertex   8.730914e+01 3.935808e+01 1.734723e-14
      vertex   8.840722e+01 3.826000e+01 1.734723e-14
    endloop
  endfacet
  facet normal 9.659258e-01 2.588190e-01 -0.000000e+00
    outer loop
      vertex   8.840722e+01 3.826000e+01 -4.000000e+00
      vertex   8.840722e+01 3.826000e+01 1.734723e-14
      vertex   8.880914e+01 3.676000e+01 1.734723e-14
    endloop
  endfacet
  facet normal 9.659258e-01 2.588190e-01 0.000000e+00
    outer loop
      vertex   4.633975e+00 4.194926e+01 -5.000000e+00
      vertex   4.500000e+00 4.244926e+01 -5.000000e+00
      vertex   4.500000e+00 4.244926e+01 2.000000e+00
    endloop
  endfacet
  facet normal 7.071068e-01 7.071068e-01 6.957840e-18
    outer loop
      vertex   5.000000e+00 4.158323e+01 -5.000000e+00
      vertex   4.633975e+00 4.194926e+01 -5.000000e+00
      vertex   4.633975e+00 4.194926e+01 2.000000e+00
    endloop
  endfacet
  facet normal 2.588190e-01 9.659258e-01 0.000000e+00
    outer loop
      vertex   5.500000e+00 4.144926e+01 -5.000000e+00
      vertex   5.000000e+00 4.158323e+01 -5.000000e+00
      vertex   5.000000e+00 4.158323e+01 2.000000e+00
    endloop
  endfacet
  facet normal -2.588190e-01 9.659258e-01 0.000000e+00
    outer loop
      vertex   6.000000e+00 4.158323e+01 -5.000000e+00
      vertex   5.500000e+00 4.144926e+01 -5.000000e+00
      vertex   5.500000e+00 4.144926e+01 2.000000e+00
    endloop
  endfacet
  facet normal -7.071068e-01 7.071068e-01 0.000000e+00
    outer loop
      vertex   6.366025e+00 4.194926e+01 -5.000000e+00
      vertex   6.000000e+00 4.158323e+01 -5.000000e+00
      vertex   6.000000e+00 4.158323e+01 2.000000e+00
    endloop
  endfacet
  facet normal -9.659258e-01 2.588190e-01 0.000000e+00
    outer loop
      vertex   6.500000e+00 4.244926e+01 -5.000000e+00
      vertex   6.366025e+00 4.194926e+01 -5.000000e+00
      vertex   6.366025e+00 4.194926e+01 2.000000e+00
    endloop
  endfacet
  facet normal -9.659258e-01 -2.588190e-01 0.000000e+00
    outer loop
      vertex   6.366025e+00 4.294926e+01 -5.000000e+00
      vertex   6.500000e+00 4.244926e+01 -5.000000e+00
      vertex   6.500000e+00 4.244926e+01 2.000000e+00
    endloop
  endfacet
  facet normal -7.071068e-01 -7.071068e-01 6.957840e-18
    outer loop
      vertex   6.000000e+00 4.331528e+01 -5.000000e+00
      vertex   6.366025e+00 4.294926e+01 -5.000000e+00
      vertex   6.366025e+00 4.294926e+01 2.000000e+00
    endloop
  endfacet
  facet normal -2.588190e-01 -9.659258e-01 0.000000e+00
    outer loop
      vertex   5.500000e+00 4.344926e+01 -5.000000e+00
      vertex   6.000000e+00 4.331528e+01 -5.000000e+00
      vertex   6.000000e+00 4.331528e+01 2.000000e+00
    endloop
  endfacet
  facet normal 2.588190e-01 -9.659258e-01 0.000000e+00
    outer loop
      vertex   5.000000e+00 4.331528e+01 -5.000000e+00
      vertex   5.500000e+00 4.344926e+01 -5.000000e+00
      vertex   5.500000e+00 4.344926e+01 2.000000e+00
    endloop
  endfacet
  facet normal 7.071068e-01 -7.071068e-01 -6.957840e-18
    outer loop
      vertex   4.633975e+00 4.294926e+01 -5.000000e+00
      vertex   5.000000e+00 4.331528e+01 -5.000000e+00
      vertex   5.000000e+00 4.331528e+01 2.000000e+00
    endloop
  endfacet
  facet normal 9.659258e-01 -2.588190e-01 0.000000e+00
    outer loop
      vertex   4.500000e+00 4.244926e+01 -5.000000e+00
      vertex   4.633975e+00 4.294926e+01 -5.000000e+00
      vertex   4.633975e+00 4.294926e+01 2.000000e+00
    endloop
  endfacet
  facet normal 9.659258e-01 -2.588190e-01 0.000000e+00
    outer loop
      vertex   4.633975e+00 4.294926e+01 2.000000e+00
      vertex   4.500000e+00 4.244926e+01 2.000000e+00
      vertex   4.500000e+00 4.244926e+01 -5.000000e+00
    endloop
  endfacet
  facet normal 7.071068e-01 -7.071068e-01 -6.957840e-18
    outer loop
      vertex   5.000000e+00 4.331528e+01 2.000000e+00
      vertex   4.633975e+00 4.294926e+01 2.000000e+00
      vertex   4.633975e+00 4.294926e+01 -5.000000e+00
    endloop
  endfacet
  facet normal 2.588190e-01 -9.659258e-01 0.000000e+00
    outer loop
      vertex   5.500000e+00 4.344926e+01 2.000000e+00
      vertex   5.000000e+00 4.331528e+01 2.000000e+00
      vertex   5.000000e+00 4.331528e+01 -5.000000e+00
    endloop
  endfacet
  facet normal -2.588190e-01 -9.659258e-01 0.000000e+00
    outer loop
      vertex   6.000000e+00 4.331528e+01 2.000000e+00
      vertex   5.500000e+00 4.344926e+01 2.000000e+00
      vertex   5.500000e+00 4.344926e+01 -5.000000e+00
    endloop
  endfacet
  facet normal -7.071068e-01 -7.071068e-01 6.957840e-18
    outer loop
      vertex   6.366025e+00 4.294926e+01 2.000000e+00
      vertex   6.000000e+00 4.331528e+01 2.000000e+00
      vertex   6.000000e+00 4.331528e+01 -5.000000e+00
    endloop
  endfacet
  facet normal -9.659258e-01 -2.588190e-01 0.000000e+00
    outer loop
      vertex   6.500000e+00 4.244926e+01 2.000000e+00
      vertex   6.366025e+00 4.294926e+01 2.000000e+00
      vertex   6.366025e+00 4.294926e+01 -5.000000e+00
    endloop
  endfacet
  facet normal -9.659258e-01 2.588190e-01 0.000000e+00
    outer loop
      vertex   6.366025e+00 4.194926e+01 2.000000e+00
      vertex   6.500000e+00 4.244926e+01 2.000000e+00
      vertex   6.500000e+00 4.244926e+01 -5.000000e+00
    endloop
  endfacet
  facet normal -7.071068e-01 7.071068e-01 0.000000e+00
    outer loop
      vertex   6.000000e+00 4.158323e+01 2.000000e+00
      vertex   6.366025e+00 4.194926e+01 2.000000e+00
      vertex   6.366025e+00 4.194926e+01 -5.000000e+00
    endloop
  endfacet
  facet normal -2.588190e-01 9.659258e-01 0.000000e+00
    outer loop
      vertex   5.500000e+00 4.144926e+01 2.000000e+00
      vertex   6.000000e+00 4.158323e+01 2.000000e+00
      vertex   6.000000e+00 4.158323e+01 -5.000000e+00
    endloop
  endfacet
  facet normal 2.588190e-01 9.659258e-01 0.000000e+00
    outer loop
      vertex   5.000000e+00 4.158323e+01 2.000000e+00
      vertex   5.500000e+00 4.144926e+01 2.000000e+00
      vertex   5.500000e+00 4.144926e+01 -5.000000e+00
    endloop
  endfacet
  facet normal 7.071068e-01 7.071068e-01 6.957840e-18
    outer loop
      vertex   4.633975e+00 4.194926e+01 2.000000e+00
      vertex   5.000000e+00 4.158323e+01 2.000000e+00
      vertex   5.000000e+00 4.158323e+01 -5.000000e+00
    endloop
  endfacet
  facet normal 9.659258e-01 2.588190e-01 0.000000e+00
    outer loop
      vertex   4.500000e+00 4.244926e+01 2.000000e+00
      vertex   4.633975e+00 4.194926e+01 2.000000e+00
      vertex   4.633975e+00 4.194926e+01 -5.000000e+00
    endloop
  endfacet
  facet normal -9.659258e-01 2.588190e-01 0.000000e+00
    outer loop
      vertex   3.248858e+00 4.244926e+01 -5.000000e+00
      vertex   3.248858e+00 4.244926e+01 4.163336e-14
      vertex   3.550454e+00 4.357483e+01 4.163336e-14
    endloop
  endfacet
  facet normal -7.071068e-01 7.071068e-01 0.000000e+00
    outer loop
      vertex   3.550454e+00 4.357483e+01 -5.000000e+00
      vertex   3.550454e+00 4.357483e+01 4.163336e-14
      vertex   4.374429e+00 4.439880e+01 4.163336e-14
    endloop
  endfacet
  facet normal -2.588190e-01 9.659258e-01 0.000000e+00
    outer loop
      vertex   4.374429e+00 4.439880e+01 -5.000000e+00
      vertex   4.374429e+00 4.439880e+01 4.163336e-14
      vertex   5.500000e+00 4.470040e+01 4.163336e-14
    endloop
  endfacet
  facet normal 2.588190e-01 9.659258e-01 -0.000000e+00
    outer loop
      vertex   5.500000e+00 4.470040e+01 -5.000000e+00
      vertex   5.500000e+00 4.470040e+01 4.163336e-14
      vertex   6.625571e+00 4.439880e+01 4.163336e-14
    endloop
  endfacet
  facet normal 7.071068e-01 7.071068e-01 -0.000000e+00
    outer loop
      vertex   6.625571e+00 4.439880e+01 -5.000000e+00
      vertex   6.625571e+00 4.439880e+01 4.163336e-14
      vertex   7.449546e+00 4.357483e+01 4.163336e-14
    endloop
  endfacet
  facet normal 9.659258e-01 2.588190e-01 -0.000000e+00
    outer loop
      vertex   7.449546e+00 4.357483e+01 -5.000000e+00
      vertex   7.449546e+00 4.357483e+01 4.163336e-14
      vertex   7.751142e+00 4.244926e+01 4.163336e-14
    endloop
  endfacet
  facet normal 9.659258e-01 -2.588190e-01 0.000000e+00
    outer loop
      vertex   7.751142e+00 4.244926e+01 -5.000000e+00
      vertex   7.751142e+00 4.244926e+01 4.163336e-14
      vertex   7.449546e+00 4.132369e+01 4.163336e-14
    endloop
  endfacet
  facet normal 7.071068e-01 -7.071068e-01 0.000000e+00
    outer loop
      vertex   7.449546e+00 4.132369e+01 -5.000000e+00
      vertex   7.449546e+00 4.132369e+01 4.163336e-14
      vertex   6.625571e+00 4.049971e+01 4.163336e-14
    endloop
  endfacet
  facet normal 2.588190e-01 -9.659258e-01 0.000000e+00
    outer loop
      vertex   6.625571e+00 4.049971e+01 -5.000000e+00
      vertex   6.625571e+00 4.049971e+01 4.163336e-14
      vertex   5.500000e+00 4.019812e+01 4.163336e-14
    endloop
  endfacet
  facet normal -2.588190e-01 -9.659258e-01 0.000000e+00
    outer loop
      vertex   5.500000e+00 4.019812e+01 -5.000000e+00
      vertex   5.500000e+00 4.019812e+01 4.163336e-14
      vertex   4.374429e+00 4.049971e+01 4.163336e-14
    endloop
  endfacet
  facet normal -7.071068e-01 -7.071068e-01 0.000000e+00
    outer loop
      vertex   4.374429e+00 4.049971e+01 -5.000000e+00
      vertex   4.374429e+00 4.049971e+01 4.163336e-14
      vertex   3.550454e+00 4.132369e+01 4.163336e-14
    endloop
  endfacet
  facet normal -9.659258e-01 -2.588190e-01 0.000000e+00
    outer loop
      vertex   3.550454e+00 4.132369e+01 -5.000000e+00
      vertex   3.550454e+00 4.132369e+01 4.163336e-14
      vertex   3.248858e+00 4.244926e+01 4.163336e-14
    endloop
  endfacet
  facet normal -9.659258e-01 -2.588190e-01 -0.000000e+00
    outer loop
      vertex   3.248858e+00 4.244926e+01 4.163336e-14
      vertex   3.248858e+00 4.244926e+01 -5.000000e+00
      vertex   3.550454e+00 4.132369e+01 -5.000000e+00
    endloop
  endfacet
  facet normal -7.071068e-01 -7.071068e-01 -0.000000e+00
    outer loop
      vertex   3.550454e+00 4.132369e+01 4.163336e-14
      vertex   3.550454e+00 4.132369e+01 -5.000000e+00
      vertex   4.374429e+00 4.049971e+01 -5.000000e+00
    endloop
  endfacet
  facet normal -2.588190e-01 -9.659258e-01 -0.000000e+00
    outer loop
      vertex   4.374429e+00 4.049971e+01 4.163336e-14
      vertex   4.374429e+00 4.049971e+01 -5.000000e+00
      vertex   5.500000e+00 4.019812e+01 -5.000000e+00
    endloop
  endfacet
  facet normal 2.588190e-01 -9.659258e-01 0.000000e+00
    outer loop
      vertex   5.500000e+00 4.019812e+01 4.163336e-14
      vertex   5.500000e+00 4.019812e+01 -5.000000e+00
      vertex   6.625571e+00 4.049971e+01 -5.000000e+00
    endloop
  endfacet
  facet normal 7.071068e-01 -7.071068e-01 0.000000e+00
    outer loop
      vertex   6.625571e+00 4.049971e+01 4.163336e-14
      vertex   6.625571e+00 4.049971e+01 -5.000000e+00
      vertex   7.449546e+00 4.132369e+01 -5.000000e+00
    endloop
  endfacet
  facet normal 9.659258e-01 -2.588190e-01 0.000000e+00
    outer loop
      vertex   7.449546e+00 4.132369e+01 4.163336e-14
      vertex   7.449546e+00 4.132369e+01 -5.000000e+00
      vertex   7.751142e+00 4.244926e+01 -5.000000e+00
    endloop
  endfacet
  facet normal 9.659258e-01 2.588190e-01 0.000000e+00
    outer loop
      vertex   7.751142e+00 4.244926e+01 4.163336e-14
      vertex   7.751142e+00 4.244926e+01 -5.000000e+00
      vertex   7.449546e+00 4.357483e+01 -5.000000e+00
    endloop
  endfacet
  facet normal 7.071068e-01 7.071068e-01 0.000000e+00
    outer loop
      vertex   7.449546e+00 4.357483e+01 4.163336e-14
      vertex   7.449546e+00 4.357483e+01 -5.000000e+00
      vertex   6.625571e+00 4.439880e+01 -5.000000e+00
    endloop
  endfacet
  facet normal 2.588190e-01 9.659258e-01 0.000000e+00
    outer loop
      vertex   6.625571e+00 4.439880e+01 4.163336e-14
      vertex   6.625571e+00 4.439880e+01 -5.000000e+00
      vertex   5.500000e+00 4.470040e+01 -5.000000e+00
    endloop
  endfacet
  facet normal -2.588190e-01 9.659258e-01 0.000000e+00
    outer loop
      vertex   5.500000e+00 4.470040e+01 4.163336e-14
      vertex   5.500000e+00 4.470040e+01 -5.000000e+00
      vertex   4.374429e+00 4.439880e+01 -5.000000e+00
    endloop
  endfacet
  facet normal -7.071068e-01 7.071068e-01 0.000000e+00
    outer loop
      vertex   4.374429e+00 4.439880e+01 4.163336e-14
      vertex   4.374429e+00 4.439880e+01 -5.000000e+00
      vertex   3.550454e+00 4.357483e+01 -5.000000e+00
    endloop
  endfacet
  facet normal -9.659258e-01 2.588190e-01 0.000000e+00
    outer loop
      vertex   3.550454e+00 4.357483e+01 4.163336e-14
      vertex   3.550454e+00 4.357483e+01 -5.000000e+00
      vertex   3.248858e+00 4.244926e+01 -5.000000e+00
    endloop
  endfacet
endsolid
